Column_1,SEC,Column_3,Column_4,Column_5,Column_6,Column_7,GA,Column_9,Column_10,Column_11,Column_12,Column_13,MGA,Column_15,Column_16,Column_17,Column_18,Column_19
Time(min),3  Sum SEC,3  Vote SEC,5  Sum SEC,5  Vote SEC,7  Sum SEC,7  Vote SEC,3  Sum GA,3  Vote GA,5  Sum GA,5  Vote GA,7  Sum GA,7  Vote GA,3  Sum MGA,3  Vote  MGA,5  Sum MGA,5  Vote MGA,7  Sum MGA,7  Vote MGA
1,397.333333333333,405.5,402.9,408.333333333333,404.933333333333,411.733333333333,398,408.433333333333,404.366666666666,410.4,407.466666666666,413,398.9,411.1,402.6,409.6,407.566666666666,410.766666666666
2,396.733333333333,402.9,400.466666666666,405.166666666666,402.8,409.433333333333,396.866666666666,402.133333333333,401.833333333333,408.533333333333,405.033333333333,410.6,397.466666666666,406.333333333333,400.933333333333,407.833333333333,405.166666666666,409.033333333333
3,396.6,400.366666666666,399.533333333333,404.333333333333,401.533333333333,408.566666666666,395.666666666666,398.933333333333,399.9,404.466666666666,403.1,408.6,396.333333333333,402.566666666666,399.966666666666,406,403.5,407.533333333333
4,396.5,399.3,398.7,403.366666666666,401.166666666666,407.466666666666,395.1,397.166666666666,398.4,401.866666666666,401.666666666666,407.366666666666,395.566666666666,399.133333333333,399.4,404.7,403,406.1
5,396.366666666666,398.9,398.233333333333,402.833333333333,400.666666666666,406.666666666666,395,397,396.866666666666,400.133333333333,400.5,404.633333333333,395,397.766666666666,398.6,403.6,402.333333333333,405.233333333333
6,396.133333333333,398.733333333333,397.666666666666,402.733333333333,400.466666666666,406.233333333333,395,397,395.466666666666,398.166666666666,399.666666666666,402.666666666666,394.666666666666,397.066666666666,397.733333333333,401.833333333333,401.166666666666,404.433333333333
7,395.9,398.7,397.633333333333,401.8,400.166666666666,405.633333333333,395,397,394.766666666666,397.066666666666,398.3,401.666666666666,394.366666666666,396.933333333333,397.166666666666,400.133333333333,400,403.266666666666
8,395.766666666666,398.333333333333,397.433333333333,401.533333333333,399.933333333333,405.5,395,397,394.3,396.766666666666,397.466666666666,400.866666666666,393.866666666666,396.866666666666,396.066666666666,398.566666666666,399.566666666666,402.1
9,395.633333333333,397.333333333333,397.133333333333,401.333333333333,399.7,405.3,395,397,393.766666666666,396,396.1,399.533333333333,393.666666666666,396.6,395.466666666666,397.766666666666,398.766666666666,400.566666666666
10,395.533333333333,397.1,397,401.033333333333,399.6,404.866666666666,395,397,393.4,395.233333333333,395.8,398.733333333333,393.5,396.133333333333,395,396.8,398.466666666666,399.966666666666
11,395.4,397.1,396.833333333333,400.6,399.1,404.5,395,397,393.066666666666,395.1,395.433333333333,397.733333333333,393.4,395.933333333333,394.8,396.1,397.8,399.2
12,395.4,397.1,396.833333333333,400.3,398.866666666666,403.533333333333,395,397,392.966666666666,394.7,395.066666666666,395.933333333333,393.133333333333,395.666666666666,394.266666666666,395.733333333333,397.466666666666,398.566666666666
13,395.266666666666,397.1,396.833333333333,400.1,398.766666666666,402.866666666666,395,397,392.933333333333,394.666666666666,394.433333333333,395,392.733333333333,395.433333333333,394,395.533333333333,396.833333333333,397.366666666666
14,395.266666666666,397,396.666666666666,399.9,398.733333333333,402.833333333333,395,397,392.766666666666,394.6,394.166666666666,394.5,392.5,395.266666666666,393.7,395.4,396.433333333333,396.633333333333
15,395.166666666666,397,396.566666666666,399.666666666666,398.633333333333,402.633333333333,395,397,392.766666666666,394.533333333333,393.933333333333,394.033333333333,392.433333333333,395.1,393.466666666666,394.833333333333,396.166666666666,396.066666666666
16,395.166666666666,397,396.533333333333,399.6,398.566666666666,402.433333333333,395,397,392.7,394.433333333333,393.833333333333,393.566666666666,392.233333333333,394.966666666666,393.066666666666,394.433333333333,395.9,395.633333333333
17,395.166666666666,397,396.433333333333,399.466666666666,398.566666666666,402.3,395,397,392.633333333333,394.2,393.566666666666,393,392.166666666666,394.933333333333,392.933333333333,394.066666666666,395.566666666666,394.766666666666
18,395.133333333333,397,396.333333333333,399.333333333333,398.433333333333,402.2,395,397,392.633333333333,394.033333333333,393.233333333333,392.666666666666,392.066666666666,394.666666666666,392.866666666666,394.033333333333,395.266666666666,394.166666666666
19,395.066666666666,397,396.233333333333,398.9,398.333333333333,402.2,395,397,392.633333333333,393.9,392.9,392.3,392.033333333333,394.466666666666,392.8,393.766666666666,395.133333333333,394
20,395.033333333333,397,396.2,398.9,398.3,401.633333333333,395,397,392.566666666666,393.8,392.8,392.1,391.866666666666,394.4,392.566666666666,393.466666666666,394.866666666666,393.5
21,395.033333333333,397,396.2,398.7,398.266666666666,401.533333333333,395,397,392.566666666666,393.766666666666,392.733333333333,391.933333333333,391.733333333333,394.233333333333,392.3,393.333333333333,394.2,393.1
22,395.033333333333,397,396.2,398.666666666666,398.233333333333,401.366666666666,395,397,392.566666666666,393.566666666666,392.733333333333,391.7,391.633333333333,394.233333333333,392.233333333333,393.233333333333,393.8,392.866666666666
23,395.033333333333,397,396.2,398.633333333333,398.233333333333,401.366666666666,395,397,392.566666666666,393.466666666666,392.633333333333,391.633333333333,391.466666666666,393.966666666666,392.133333333333,392.9,393.566666666666,392.733333333333
24,395.033333333333,397,396.133333333333,398.366666666666,398.233333333333,401.3,395,397,392.566666666666,393.266666666666,392.633333333333,391.3,391.466666666666,393.833333333333,392.066666666666,392.733333333333,393.533333333333,392.5
25,395,397,396,398.366666666666,397.933333333333,401.3,395,397,392.566666666666,393.2,392.5,391.1,391.433333333333,393.766666666666,392.033333333333,392.533333333333,393.4,392.066666666666
26,395,397,396,398.366666666666,397.933333333333,401.266666666666,395,397,392.566666666666,393.1,392.466666666666,390.933333333333,391.333333333333,393.533333333333,391.933333333333,392.533333333333,393.233333333333,391.833333333333
27,395,397,396,398.3,397.833333333333,401.266666666666,395,397,392.5,393.1,392.433333333333,390.633333333333,391.3,393.4,391.9,392.433333333333,393.1,391.666666666666
28,395,397,395.933333333333,398.133333333333,397.733333333333,401.266666666666,395,397,392.5,393.066666666666,392.4,390.333333333333,391.2,393.333333333333,391.766666666666,392.266666666666,392.9,391.366666666666
29,395,397,395.9,398.133333333333,397.733333333333,401.266666666666,395,397,392.466666666666,393.033333333333,392.4,390.166666666666,391.166666666666,393,391.7,391.866666666666,392.766666666666,391.333333333333
30,395,397,395.766666666666,398.133333333333,397.7,401.266666666666,395,397,392.466666666666,392.966666666666,392.333333333333,390.133333333333,391.133333333333,392.9,391.666666666666,391.8,392.666666666666,391.133333333333
31,395,397,395.766666666666,398.133333333333,397.7,400.9,395,397,392.466666666666,392.966666666666,392.266666666666,390.066666666666,391.066666666666,392.9,391.666666666666,391.633333333333,392.6,390.933333333333
32,395,397,395.766666666666,398.133333333333,397.7,400.9,395,397,392.466666666666,392.966666666666,392.2,389.933333333333,391,392.8,391.5,391.566666666666,392.366666666666,390.7
33,395,397,395.733333333333,398.133333333333,397.5,400.9,395,397,392.466666666666,392.933333333333,392.133333333333,389.7,391,392.766666666666,391.433333333333,391.533333333333,392.266666666666,390.6
34,395,397,395.733333333333,398.133333333333,397.4,400.833333333333,395,397,392.466666666666,392.9,392.133333333333,389.633333333333,391,392.766666666666,391.366666666666,391.333333333333,392.233333333333,390.566666666666
35,395,397,395.633333333333,398.133333333333,397.233333333333,400.833333333333,395,397,392.466666666666,392.9,392.066666666666,389.533333333333,390.933333333333,392.666666666666,391.333333333333,391.133333333333,392.2,390.433333333333
36,395,397,395.6,398.133333333333,397.233333333333,400.833333333333,395,397,392.466666666666,392.7,392,389.366666666666,390.866666666666,392.6,391.2,391,392.2,390.4
37,395,397,395.566666666666,398.133333333333,397.233333333333,400.8,395,397,392.4,392.666666666666,391.966666666666,389.233333333333,390.833333333333,392.6,391.1,390.933333333333,392.133333333333,390.166666666666
38,395,397,395.566666666666,398,397.166666666666,400.8,395,397,392.4,392.666666666666,391.966666666666,389.233333333333,390.833333333333,392.466666666666,391.066666666666,390.9,391.966666666666,390
39,395,397,395.566666666666,397.866666666666,397.133333333333,400.8,395,397,392.333333333333,392.633333333333,391.966666666666,389.2,390.8,392.433333333333,391.033333333333,390.866666666666,391.9,389.9
40,395,397,395.533333333333,397.866666666666,396.866666666666,400.8,395,397,392.333333333333,392.633333333333,391.966666666666,389.1,390.766666666666,392.333333333333,391,390.866666666666,391.766666666666,389.8
41,395,397,395.533333333333,397.866666666666,396.866666666666,400.8,395,397,392.333333333333,392.633333333333,391.933333333333,389.1,390.666666666666,392.333333333333,390.933333333333,390.7,391.633333333333,389.766666666666
42,395,397,395.433333333333,397.633333333333,396.8,400.733333333333,395,397,392.333333333333,392.633333333333,391.933333333333,389.066666666666,390.666666666666,392.266666666666,390.933333333333,390.533333333333,391.633333333333,389.766666666666
43,395,397,395.366666666666,397.533333333333,396.8,400.733333333333,395,397,392.333333333333,392.633333333333,391.933333333333,389,390.6,392.233333333333,390.933333333333,390.433333333333,391.5,389.733333333333
44,395,397,395.366666666666,397.4,396.8,400.733333333333,395,397,392.333333333333,392.566666666666,391.9,389,390.6,392.166666666666,390.9,390.233333333333,391.366666666666,389.7
45,395,397,395.366666666666,397.333333333333,396.8,400.733333333333,395,397,392.333333333333,392.566666666666,391.866666666666,388.933333333333,390.533333333333,392.133333333333,390.866666666666,390.233333333333,391.233333333333,389.633333333333
46,395,397,395.366666666666,397.333333333333,396.8,400.633333333333,395,397,392.333333333333,392.466666666666,391.866666666666,388.933333333333,390.533333333333,392.066666666666,390.8,390.166666666666,391.2,389.533333333333
47,395,397,395.366666666666,397.333333333333,396.8,400.5,395,397,392.333333333333,392.466666666666,391.866666666666,388.866666666666,390.466666666666,392.066666666666,390.766666666666,390.1,391.133333333333,389.466666666666
48,395,397,395.366666666666,397.333333333333,396.666666666666,400.5,395,397,392.333333333333,392.466666666666,391.833333333333,388.833333333333,390.433333333333,392.066666666666,390.733333333333,390.066666666666,391.066666666666,389.433333333333
49,395,397,395.366666666666,397.333333333333,396.666666666666,400.433333333333,395,397,392.333333333333,392.433333333333,391.833333333333,388.766666666666,390.366666666666,392,390.566666666666,390.033333333333,390.966666666666,389.433333333333
50,395,397,395.366666666666,397.333333333333,396.633333333333,400.366666666666,395,397,392.2,392.433333333333,391.833333333333,388.766666666666,390.333333333333,392,390.533333333333,390,390.833333333333,389.333333333333
51,395,397,395.366666666666,397.333333333333,396.633333333333,400.366666666666,395,397,392.2,392.433333333333,391.833333333333,388.766666666666,390.333333333333,391.866666666666,390.5,389.933333333333,390.7,389.266666666666
52,395,397,395.366666666666,397.333333333333,396.633333333333,400.233333333333,395,397,392.2,392.366666666666,391.833333333333,388.766666666666,390.3,391.833333333333,390.5,389.833333333333,390.633333333333,389.233333333333
53,395,397,395.366666666666,397.333333333333,396.633333333333,400.233333333333,395,397,392.2,392.333333333333,391.766666666666,388.766666666666,390.233333333333,391.833333333333,390.5,389.8,390.566666666666,389.2
54,395,397,395.366666666666,397.066666666666,396.633333333333,400.233333333333,395,397,392.2,392.333333333333,391.733333333333,388.633333333333,390.233333333333,391.8,390.5,389.766666666666,390.5,389.133333333333
55,395,397,395.366666666666,396.933333333333,396.633333333333,400.233333333333,395,397,392.2,392.333333333333,391.733333333333,388.633333333333,390.2,391.733333333333,390.5,389.766666666666,390.5,389.133333333333
56,395,397,395.366666666666,396.866666666666,396.633333333333,400.233333333333,395,397,392.2,392.333333333333,391.733333333333,388.633333333333,390.2,391.733333333333,390.466666666666,389.7,390.5,389
57,395,397,395.366666666666,396.866666666666,396.633333333333,400.233333333333,395,397,392.2,392.3,391.733333333333,388.633333333333,390.1,391.6,390.466666666666,389.666666666666,390.4,388.933333333333
58,395,397,395.333333333333,396.866666666666,396.633333333333,400.233333333333,395,397,392.2,392.266666666666,391.733333333333,388.633333333333,390.066666666666,391.6,390.4,389.6,390.366666666666,388.866666666666
59,395,397,395.333333333333,396.866666666666,396.6,400.233333333333,395,397,392.2,392.266666666666,391.733333333333,388.6,390,391.566666666666,390.366666666666,389.566666666666,390.366666666666,388.8
60,395,397,395.3,396.866666666666,396.6,400.233333333333,395,397,392.2,392.266666666666,391.733333333333,388.533333333333,390,391.466666666666,390.3,389.566666666666,390.366666666666,388.733333333333
61,395,397,395.3,396.866666666666,396.6,400.233333333333,395,397,392.2,392.233333333333,391.733333333333,388.533333333333,389.933333333333,391.433333333333,390.2,389.533333333333,390.333333333333,388.6
62,395,397,395.266666666666,396.866666666666,396.6,400.233333333333,395,397,392.2,392.233333333333,391.733333333333,388.533333333333,389.933333333333,391.433333333333,390.2,389.433333333333,390.3,388.6
63,395,397,395.133333333333,396.833333333333,396.566666666666,400.233333333333,395,397,392.2,392.233333333333,391.733333333333,388.5,389.9,391.433333333333,390.166666666666,389.233333333333,390.3,388.466666666666
64,395,397,395.133333333333,396.833333333333,396.566666666666,400,395,397,392.2,392.233333333333,391.733333333333,388.5,389.9,391.4,390.133333333333,389.2,390.2,388.433333333333
65,395,397,395.133333333333,396.833333333333,396.566666666666,400,395,397,392.2,392.233333333333,391.733333333333,388.5,389.9,391.366666666666,390,389.033333333333,390.2,388.433333333333
66,395,397,395.066666666666,396.833333333333,396.566666666666,400,395,397,392.2,392.233333333333,391.7,388.5,389.9,391.366666666666,390,388.933333333333,390.1,388.4
67,395,397,395.066666666666,396.766666666666,396.566666666666,400,395,397,392.2,392.233333333333,391.7,388.5,389.9,391.366666666666,390,388.833333333333,390.1,388.4
68,395,397,395.033333333333,396.766666666666,396.566666666666,400,395,397,392.2,392.233333333333,391.7,388.5,389.9,391.3,389.866666666666,388.833333333333,390.1,388.366666666666
69,395,397,395.033333333333,396.766666666666,396.566666666666,400,395,397,392.2,392.233333333333,391.7,388.5,389.9,391.3,389.8,388.733333333333,390.066666666666,388.333333333333
70,395,397,395.033333333333,396.766666666666,396.466666666666,400,395,397,392.2,392.2,391.7,388.5,389.9,391.266666666666,389.733333333333,388.733333333333,390.066666666666,388.266666666666
71,395,397,395.033333333333,396.733333333333,396.466666666666,400,395,397,392.2,392.2,391.7,388.466666666666,389.866666666666,391.266666666666,389.7,388.733333333333,390.066666666666,388.2
72,395,397,395.033333333333,396.733333333333,396.466666666666,399.966666666666,395,397,392.2,392.2,391.7,388.466666666666,389.866666666666,391.233333333333,389.7,388.7,390.033333333333,388.166666666666
73,395,397,395.033333333333,396.733333333333,396.466666666666,399.8,395,397,392.2,392.2,391.7,388.4,389.866666666666,391.2,389.633333333333,388.666666666666,390,388.166666666666
74,395,397,395.033333333333,396.666666666666,396.466666666666,399.8,395,397,392.2,392.2,391.666666666666,388.366666666666,389.866666666666,391.166666666666,389.6,388.666666666666,390,388.133333333333
75,395,397,395.033333333333,396.666666666666,396.466666666666,399.8,395,397,392.2,392.2,391.666666666666,388.366666666666,389.866666666666,391.166666666666,389.566666666666,388.666666666666,389.966666666666,388.1
76,395,397,395.033333333333,396.666666666666,396.466666666666,399.8,395,397,392.2,392.2,391.666666666666,388.366666666666,389.866666666666,391.166666666666,389.533333333333,388.633333333333,389.966666666666,388.033333333333
77,395,397,395.033333333333,396.666666666666,396.466666666666,399.8,395,397,392.2,392.2,391.666666666666,388.366666666666,389.866666666666,391.1,389.533333333333,388.6,389.966666666666,388
78,395,397,395,396.666666666666,396.466666666666,399.8,395,397,392.2,392.2,391.666666666666,388.333333333333,389.833333333333,391.066666666666,389.533333333333,388.5,389.933333333333,388
79,395,397,395,396.566666666666,396.466666666666,399.8,395,397,392.2,392.2,391.666666666666,388.333333333333,389.8,391,389.533333333333,388.5,389.933333333333,387.833333333333
80,395,397,395,396.566666666666,396.433333333333,399.8,395,397,392.133333333333,392.2,391.666666666666,388.3,389.8,391,389.433333333333,388.5,389.9,387.8
81,395,397,395,396.566666666666,396.433333333333,399.466666666666,395,397,392.133333333333,392.2,391.666666666666,388.3,389.733333333333,391,389.433333333333,388.5,389.9,387.8
82,395,397,395,396.566666666666,396.433333333333,399.466666666666,395,397,392.133333333333,392.2,391.666666666666,388.3,389.7,390.966666666666,389.433333333333,388.466666666666,389.9,387.7
83,395,397,395,396.566666666666,396.433333333333,399.466666666666,395,397,392.133333333333,392.2,391.666666666666,388.3,389.7,390.966666666666,389.433333333333,388.466666666666,389.9,387.633333333333
84,395,397,395,396.5,396.433333333333,399.466666666666,395,397,392.133333333333,392.2,391.666666666666,388.233333333333,389.633333333333,390.933333333333,389.4,388.433333333333,389.866666666666,387.6
85,395,397,395,396.366666666666,396.433333333333,399.333333333333,395,397,392.133333333333,392.2,391.666666666666,388.233333333333,389.6,390.933333333333,389.366666666666,388.4,389.8,387.6
86,395,397,395,396.366666666666,396.4,399.333333333333,395,397,392.133333333333,392.166666666666,391.666666666666,388.2,389.6,390.833333333333,389.333333333333,388.366666666666,389.8,387.566666666666
87,395,397,395,396.366666666666,396.333333333333,399.333333333333,395,397,392.133333333333,392.166666666666,391.666666666666,388.2,389.566666666666,390.8,389.266666666666,388.366666666666,389.8,387.566666666666
88,395,397,394.933333333333,396.333333333333,396.333333333333,399.333333333333,395,397,392.133333333333,392.166666666666,391.666666666666,388.2,389.566666666666,390.8,389.266666666666,388.366666666666,389.766666666666,387.533333333333
89,395,397,394.933333333333,396.333333333333,396.333333333333,399.333333333333,395,397,392.133333333333,392.133333333333,391.666666666666,388.2,389.566666666666,390.733333333333,389.266666666666,388.333333333333,389.766666666666,387.5
90,395,397,394.933333333333,396.333333333333,396.333333333333,399.333333333333,395,397,392.133333333333,392.133333333333,391.666666666666,388.2,389.533333333333,390.7,389.266666666666,388.3,389.766666666666,387.5
91,395,397,394.9,396.333333333333,396.333333333333,399.333333333333,395,397,392.133333333333,392.133333333333,391.666666666666,388.2,389.466666666666,390.7,389.266666666666,388.233333333333,389.733333333333,387.5
92,395,397,394.766666666666,396.333333333333,396.333333333333,399.3,395,397,392.133333333333,392.133333333333,391.666666666666,388.2,389.466666666666,390.7,389.233333333333,388.166666666666,389.666666666666,387.5
93,395,397,394.766666666666,396.333333333333,396.333333333333,399.3,395,397,392.133333333333,392.133333333333,391.666666666666,388.2,389.433333333333,390.633333333333,389.166666666666,388.066666666666,389.633333333333,387.466666666666
94,395,397,394.766666666666,396.333333333333,396.333333333333,399.3,395,397,392.133333333333,392.133333333333,391.666666666666,388.2,389.433333333333,390.633333333333,389.166666666666,388.066666666666,389.633333333333,387.466666666666
95,395,397,394.766666666666,396.333333333333,396.333333333333,399.033333333333,395,397,392.133333333333,392.133333333333,391.666666666666,388.2,389.433333333333,390.633333333333,389.1,388.066666666666,389.633333333333,387.466666666666
96,395,397,394.766666666666,396.333333333333,396.333333333333,399.033333333333,395,397,392.133333333333,392.133333333333,391.666666666666,388.2,389.4,390.633333333333,389.1,388,389.633333333333,387.366666666666
97,395,397,394.766666666666,396.333333333333,396.333333333333,399,395,397,392.133333333333,392.133333333333,391.666666666666,388.166666666666,389.4,390.633333333333,389.1,388,389.6,387.366666666666
98,395,397,394.766666666666,396.333333333333,396.333333333333,399,395,397,392.133333333333,392.133333333333,391.666666666666,388.166666666666,389.4,390.6,389.033333333333,388,389.6,387.366666666666
99,395,397,394.766666666666,396.333333333333,396.333333333333,399,395,397,392.133333333333,392.133333333333,391.666666666666,388.166666666666,389.4,390.6,388.933333333333,388,389.566666666666,387.366666666666
100,395,397,394.766666666666,396.333333333333,396.333333333333,399,395,397,392.133333333333,392.133333333333,391.666666666666,388.166666666666,389.366666666666,390.6,388.933333333333,387.966666666666,389.566666666666,387.333333333333
