Time(min),S 5 5,V 5 5,S 20 20,V 20 20
1,3.16648222148222,2.45406435068199,7.00678571428571,6.13841269841269
2,2.91374243536375,2.2807748231158,7.34108239255298,5.65942205942205
3,2.77696147663113,2.21257190631274,6.99439615939615,5.80954709234121
4,2.64089102876157,2.1358289716283,6.93880115508497,5.54389300962544
5,2.52395376919752,2.03862621257111,6.97297880231987,5.36356644219725
6,2.41801996305748,1.92597416967397,7.01351407463224,5.3234133454214
7,2.33383981897279,1.85737159149948,6.94228655746252,5.23811270652226
8,2.27534768455127,1.7644694469792,6.89479829756106,5.16461012148009
9,2.21810926712014,1.70158990546065,6.82639635650631,5.03812157998818
10,2.17875447280863,1.66434627382893,6.7407296410915,4.96282717162811
11,2.14033851821574,1.642241943688,6.72377110380836,4.86088469087274
12,2.12013914925424,1.61719323037473,6.68123977365528,4.84320780970408
13,2.09572833254709,1.60569274318285,6.56415239824743,4.82109735415337
14,2.07332530575698,1.59533505115393,6.48639139939992,4.77183325669852
15,2.04883183048446,1.585010953443,6.38684073777994,4.74964498220012
16,2.03152313671254,1.57881992025508,6.2565424260779,4.73886145987523
17,2.02039454101518,1.56935396021655,6.19877428823632,4.69963114370869
18,2.00284713668608,1.5643132891374,6.11368718913371,4.67388316389163
19,1.99450206533805,1.55690681796875,6.05243693834049,4.64954013488819
20,1.98232833403054,1.54840890736617,5.99462639498688,4.62687334425736
21,1.97316780555638,1.544857648958,5.89177409029447,4.6313704906511
22,1.96712306335061,1.53834038881189,5.80541164358642,4.57352138715167
23,1.95634600998798,1.53219223582697,5.72973607408295,4.53672101405675
24,1.94686060251011,1.52772182649229,5.66846214844339,4.51764068340063
25,1.93824485749708,1.5239182439804,5.61442285710917,4.47683184897885
26,1.93245257113734,1.51980641648075,5.54813169815497,4.4610661080831
27,1.92479847376572,1.51562857230846,5.49214364944643,4.41269128651879
28,1.9169197581818,1.51132022113949,5.42091338711628,4.38209510105939
29,1.91118205492923,1.50620846199494,5.38354626615653,4.36039366192726
30,1.90769669524751,1.50107449945714,5.30394785165789,4.33388704781685
31,1.90126957530183,1.5000989975931,5.24522963152271,4.307802231486
32,1.89646926401147,1.49790748112891,5.17947921765794,4.28024806379534
33,1.89307396823495,1.49577015427257,5.12980654870128,4.2531828963103
34,1.89071071667139,1.49414754608908,5.07964628090112,4.2059486777902
35,1.88730827518581,1.49124479495988,5.04195426867924,4.17413618176963
36,1.88075960590698,1.4898129610954,5.00815833276458,4.14060825958425
37,1.87612015883953,1.48667502714385,4.95592341064007,4.11364553728384
38,1.87162507426544,1.48340937202912,4.92022926394001,4.08757556068974
39,1.87204549338593,1.48308149581268,4.87017082540039,4.05524010209859
40,1.86775210459207,1.48123195369282,4.8233898109791,4.0249797005627
41,1.86528575776939,1.47905042075197,4.77927587435353,4.00097125729049
42,1.8625596003792,1.47765804016974,4.74252139650798,3.96324359159376
43,1.86020233496987,1.4742397787377,4.70508797113584,3.93346031450929
44,1.85832054907759,1.47179798981147,4.67542237111851,3.90677172744495
45,1.85553858199655,1.47073101222732,4.64138260376947,3.88045688422005
46,1.85505996118867,1.47007188299964,4.6124678487817,3.86272362721478
47,1.85414629000509,1.46965376352904,4.585071863428,3.83753898364177
48,1.85117655706003,1.468056058757,4.55037662495227,3.81130438458517
49,1.84853031851163,1.46659844971264,4.52519023619118,3.79401790745901
50,1.84714407622526,1.46527413224568,4.49120685381462,3.76831432283214
51,1.84579723909675,1.46431112538509,4.46500434028551,3.75142811440898
52,1.84280247537099,1.46455175595244,4.43743444683486,3.73043615374849
53,1.84116390886897,1.46383452797668,4.41495264174641,3.71438645764408
54,1.83977895529559,1.46349476189544,4.39100953234155,3.70225960725115
55,1.8376352408096,1.46355258948172,4.36492062995418,3.68538910988387
56,1.83443283040206,1.461772088095,4.35030157031694,3.67045891534655
57,1.83429213528269,1.46203531352761,4.32604618368902,3.65506882491832
58,1.83276136388638,1.46102198663419,4.30294655444622,3.64251421252225
59,1.83195907127005,1.46078415918669,4.27751296969063,3.62756148154969
60,1.83080372106415,1.46019879354162,4.25964110138178,3.61648760786919
61,1.82763154461633,1.46040797756474,4.23501398734634,3.60570835170658
62,1.82515052680822,1.45992590862625,4.21365548319588,3.58731098543044
63,1.82371286601407,1.45990945491196,4.19837109187294,3.5705973598669
64,1.82230038232587,1.45903269275292,4.17895489616169,3.55435752694531
65,1.82132530699897,1.45793115643888,4.16662560501885,3.54292503297512
66,1.8204199414042,1.45779556801362,4.14929080333523,3.52542323389157
67,1.82190184361937,1.4579636478626,4.12730183153461,3.50987249491359
68,1.82059947849309,1.4582569926955,4.10082527486997,3.49741261687298
69,1.81959639397224,1.457512463527,4.08704288196343,3.4844487686047
70,1.81866420902018,1.45763274556525,4.07464655367978,3.47059867102447
71,1.81841212157182,1.45785770157562,4.05919529322707,3.4590644839682
72,1.81849465950875,1.45785809820643,4.042341147525,3.44477674522218
73,1.81599091575507,1.45737873748334,4.02455687071364,3.43151955607763
74,1.81533882261175,1.45704031089172,4.0092576643253,3.41521286241704
75,1.81506187660455,1.45593813136678,3.9939225771561,3.4025550674208
76,1.81368744169951,1.45588433642428,3.97832524324889,3.39052086964081
77,1.81394070538502,1.45532365492298,3.9683286793303,3.37867082583601
78,1.8128085700597,1.45522056970224,3.95152166914428,3.36479667163667
79,1.81241684561063,1.45527975200213,3.93965376091563,3.35594040702769
80,1.8117852318025,1.45554899172009,3.92544509802391,3.34514776745978
81,1.81195664552972,1.45484361060301,3.91394039420133,3.33422401594473
82,1.81059580212176,1.45493661912391,3.90294138662078,3.32597668298398
83,1.81005847342314,1.45420943562656,3.88927106826634,3.31265319629188
84,1.80981855075077,1.45397907175617,3.88609177657342,3.30105102028103
85,1.80980185131936,1.45351586467927,3.87341366243245,3.29059184793556
86,1.80892859251206,1.45421176034769,3.86201147653728,3.28236681057669
87,1.80943488059727,1.45456555486882,3.85410946567304,3.27320428828549
88,1.80857511307136,1.45478203285858,3.84195798023111,3.26398159876031
89,1.80750658275925,1.45417926919878,3.83155939420448,3.25385213952465
90,1.80671949924144,1.45355924773117,3.82117294347368,3.2473941597666
91,1.80617019218789,1.45373129020848,3.80977946166329,3.23835490810591
92,1.80539265758085,1.45322298974999,3.8001985819859,3.23222141732706
93,1.80446952898807,1.45327333047892,3.79516435150992,3.22289675288985
94,1.80435098488005,1.45284454251616,3.78630776299017,3.21244023126966
95,1.80453176398668,1.45257571567967,3.77110373480667,3.20399034517345
96,1.80331213070287,1.45284974071317,3.76023808425251,3.19438680343197
97,1.80252497441337,1.45346574896143,3.75448877805106,3.18545338331871
98,1.80178022058464,1.45322240678595,3.7478149352697,3.17332782715727
99,1.80067180513965,1.45307173022992,3.74181028781485,3.16690013873142
100,1.80002944995165,1.45337980510468,3.72727240109284,3.1583532095833
101,1.79968903350419,1.45358815960601,3.71940353747288,3.1496617728564
102,1.79936842656755,1.45370858739327,3.71158383415011,3.13887849624197
103,1.79896389348903,1.4533190560277,3.70104485826644,3.13157644534836
104,1.79783475890949,1.45329396505271,3.69201834591276,3.12529224465205
105,1.79760682083235,1.45316362792935,3.68422979954636,3.11715969609773
106,1.79735236620302,1.45327549186008,3.67713178716024,3.11061197043209
107,1.79633698293394,1.45309576978258,3.66843370959649,3.10185227838956
108,1.79513095950691,1.45309873991916,3.66367022267135,3.09576190368145
109,1.79455944659808,1.45299576143475,3.65451494668416,3.08864002568591
110,1.79395461517741,1.45319485925477,3.64564444447398,3.07771724088852
111,1.7937280191608,1.45291491457668,3.63907583983424,3.07270613923682
112,1.7935879446404699,1.45326248451187,3.63270510274537,3.06641765138316
113,1.79367287769924,1.45331245066627,3.62349834792724,3.0603110074468
114,1.79291351633122,1.45335728411075,3.61480098900489,3.05336944198972
115,1.79265890979377,1.45337495000441,3.60798913251321,3.04552345236365
116,1.7925510788261,1.45348739640382,3.601414923997,3.03641600597676
117,1.79219231094231,1.45367999440616,3.59397822726493,3.02955431232375
118,1.79200625191197,1.45362924949467,3.58459293337044,3.02186155435999
119,1.79229620074738,1.45399494140637,3.58029871199199,3.01487250815148
120,1.79260350149459,1.45418993415623,3.57344021722316,3.00977637377473
121,1.7922534677216,1.45451954483394,3.56332667024776,3.00241212984403
122,1.79248443070051,1.45440308561734,3.55743504402116,2.99592600547214
123,1.79199894879112,1.45422153541194,3.54910676063232,2.98842622283125
124,1.79209030355356,1.45409504488373,3.54029106541248,2.98076458024042
125,1.79288217617665,1.45422073869083,3.53224003914556,2.973706790923
126,1.79339273018384,1.45485895285617,3.5247676376372,2.96646391526641
127,1.79349457758802,1.45496766626633,3.51964444703009,2.95972498252875
128,1.79368279395458,1.45551795841776,3.5121869947406,2.95572757881494
129,1.79443431317415,1.45602893315757,3.50519882131365,2.94948842043878
130,1.79398529005483,1.45644349310027,3.49905522764243,2.94398005987518
131,1.79374732895341,1.45658375362601,3.49422416295325,2.93894043014071
132,1.79320317673491,1.45682856054876,3.48916616684781,2.93152241514395
133,1.79399545946558,1.45679785624278,3.48277082744749,2.92434523488142
134,1.79417579291072,1.45690832362131,3.47568570538053,2.91731846484851
135,1.79500572604525,1.45715616813005,3.47280480985514,2.9132433991269
136,1.79496348421943,1.45738337411854,3.47020586141067,2.90746213149168
137,1.79505087773955,1.45735596071785,3.4668267428499,2.90035455626376
138,1.79556800892123,1.45773056900402,3.46335593195625,2.89379980264616
139,1.79511084735416,1.45796726327709,3.4583926262972,2.88837573607264
140,1.79574454655527,1.4580098831672,3.45219238423833,2.88355132888243
141,1.79625517080237,1.45789275074295,3.44973290234178,2.87644218483874
142,1.79665980848236,1.45827199635673,3.44549594861678,2.87200432374265
143,1.79761690404402,1.45810629738213,3.44061439785039,2.86623324756193
144,1.79734140586243,1.45780934782743,3.43839598855116,2.86258273179947
145,1.79769492728844,1.45825419780139,3.43397328164006,2.85656476974175
146,1.79827507673843,1.45844278852341,3.42980319721033,2.85008124668757
147,1.79837974923038,1.45841158140239,3.42537322857729,2.8442426976703
148,1.79934657730358,1.45862886874706,3.42144636330948,2.83926567983332
149,1.80005734795136,1.45867653771896,3.41700355636226,2.8328112878761
150,1.79965186403523,1.45883070954335,3.41153874731632,2.82683137681876
151,1.79926928375528,1.45926032575277,3.4072844154248,2.81979175155203
152,1.79988964556983,1.45899343982558,3.40226035949145,2.81319662745995
153,1.79899764213392,1.45952618169432,3.3986692411644,2.80736124121518
154,1.79829129031234,1.45991467032093,3.39116366017846,2.80300122086134
155,1.79844117199337,1.46019012946075,3.38789784079086,2.79845485038553
156,1.79809741037979,1.46029528155065,3.3829928895213,2.79432936403221
157,1.7985055276389,1.46018997535444,3.38009698671148,2.78825349101141
158,1.79883552546656,1.46023094788352,3.37643033959369,2.78339847978259
159,1.7985807390121,1.46054757821063,3.37249968561198,2.77797510686262
160,1.79762132603517,1.46061459249203,3.36899363771052,2.77105997994172
161,1.79747085687606,1.46122146156768,3.36642033622671,2.76625167024906
162,1.79746286047144,1.46149987820012,3.36099448802587,2.76121649153767
163,1.7978589766207,1.46185891174484,3.35839060976642,2.75719398172645
164,1.79771866166746,1.46174705072055,3.35566521528586,2.75300722732599
165,1.79775374535734,1.4621602146366,3.35217191662104,2.74964381882738
166,1.79794145487177,1.46246198580176,3.34822644884238,2.74524299912804
167,1.79808158695608,1.46265949077562,3.34566624483721,2.74155773544087
168,1.79819448156942,1.46252369337765,3.34131071166577,2.73738910487086
169,1.79832305700896,1.46295446532584,3.33919777163073,2.73392783203541
170,1.79769538669638,1.46290216719883,3.33768340731839,2.73008533922312
171,1.7976785377758,1.46312301839425,3.33406147165535,2.72527913568922
172,1.79786259713915,1.46350398839388,3.33129872233228,2.72290629904767
173,1.79802565604337,1.46351541795144,3.3290444304568,2.71995093095
174,1.79777638037613,1.46350009071045,3.32629274534685,2.71627205846617
175,1.79776092781759,1.4641781723558,3.32408149346255,2.71286858205022
176,1.79680550317212,1.46452784293398,3.31891103360266,2.70971384875706
177,1.79673403097616,1.46520183622274,3.3168794734817,2.70612386572692
178,1.79633936881139,1.4650925317375,3.3141879852018,2.70230219504671
179,1.79616449393653,1.46543902859745,3.31141337987423,2.69994117843227
180,1.7962931971742,1.46544572581162,3.30890293108111,2.69743958947602
181,1.79585791815012,1.46542470593352,3.30713688171419,2.69483353464311
182,1.79583630493223,1.46544717105474,3.30485605614352,2.69129692734239
183,1.79601521375742,1.4655753871946,3.30381742193349,2.68878794820477
184,1.79553793745657,1.46588798883764,3.30052088582123,2.68711399534453
185,1.79570098121598,1.46581671138359,3.29871316833057,2.68426229638785
186,1.79529192868241,1.46595652970448,3.29789604780697,2.68165929830318
187,1.79564760966243,1.46602869186515,3.29556622648994,2.67831333900912
188,1.79532414690525,1.46606477846064,3.29481389738829,2.67601926342932
189,1.79575743229776,1.46604512743046,3.29148494234349,2.67357101325765
190,1.79534790966744,1.46612210344451,3.28833623898284,2.66990441966164
191,1.79572023588648,1.46613481222468,3.28667386427418,2.66688637584839
192,1.79577599791203,1.46585003928621,3.28390121912748,2.66455052584272
193,1.79575825950804,1.46586791801998,3.28324598412569,2.66183292037066
194,1.79593519544148,1.4659009336504,3.28155746342797,2.65863323933831
195,1.79640701863242,1.46635503568736,3.28050976578893,2.65615824976701
196,1.79671281144181,1.46674391638274,3.27886781275783,2.65271598044195
197,1.79688276936312,1.46659255089152,3.27694638594342,2.65034039396927
198,1.7976636479966,1.46684264782622,3.27633741900139,2.64801238780873
199,1.79770179991191,1.46705820059731,3.27462603428347,2.64499009218157
200,1.79724734230866,1.46702223175114,3.27341572083143,2.64301251818343
201,1.79728904143045,1.46750963533364,3.27315563658953,2.64141252603435
202,1.7971107545157,1.46727581434557,3.27069244698612,2.63985706343331
203,1.79736198478236,1.46732421010681,3.26806902558111,2.63752760430175
204,1.79769943494,1.46728240054605,3.26539429594066,2.63617579638352
205,1.79787175406406,1.46729878444213,3.26367972416544,2.63294871375319
206,1.79816159422287,1.46734664511873,3.26056561208178,2.63003592174205
207,1.79825161921849,1.46759950964197,3.25897646491977,2.62811805562271
208,1.79894319880148,1.46768066973412,3.25622624388823,2.62446449310947
209,1.79944591470528,1.467631325524,3.25553938612248,2.62232312972685
210,1.79941893761731,1.46775666743969,3.25427121138121,2.61885991198423
211,1.79941432654057,1.46774533328623,3.25183479135812,2.61605147079961
212,1.79977398255149,1.46769382496679,3.25177670253439,2.61446901001607
213,1.79961502960601,1.46792904458573,3.25041944592245,2.61284203474601
214,1.79935655854422,1.46850097513729,3.2475455441455,2.60996569580184
215,1.79891722188791,1.4689429463433,3.24747757595886,2.60783974648377
216,1.79905459129293,1.46952301750061,3.24437913680359,2.60604863152824
217,1.79919661389584,1.46959714357104,3.24202901946614,2.60439424011197
218,1.7997328005106,1.46984097050735,3.24154357514384,2.6017564383016
219,1.79974349370031,1.47002704690932,3.23955105827028,2.59944557428153
220,1.80018722486287,1.47024000755904,3.24032515733263,2.59747530824069
221,1.80057797398778,1.47033292173124,3.23906648781547,2.59509549701547
222,1.80080123473576,1.47068783601747,3.23767474915964,2.59293110126289
223,1.80101092924971,1.47104429515701,3.23572126598095,2.59124900377418
224,1.80050146893628,1.47134302444759,3.23502177218547,2.58875753503927
225,1.80027949240446,1.47127202945587,3.23440560729774,2.58690417529544
226,1.80039334079714,1.47147153611692,3.23307405327839,2.58609351053902
227,1.80104318508098,1.47200215038608,3.23020379385959,2.58505109946475
228,1.80107012493671,1.47192882194083,3.23005906994373,2.58335599535386
229,1.80143465136683,1.47191959146622,3.22810871109103,2.58027598564752
230,1.80188941098942,1.47207726273323,3.22614709301743,2.57845631701001
231,1.80216331918141,1.47254436823763,3.22527361537797,2.57716947581123
232,1.802605266725,1.47267908017561,3.22393479597622,2.57555778613896
233,1.80287379611863,1.47271920804818,3.22144865743019,2.57469346425878
234,1.80279213289378,1.4726540764939,3.22037350859486,2.57223237536971
235,1.80312143816244,1.47291433181767,3.21902766927495,2.5706313525725
236,1.80331223680473,1.47291040582404,3.21737767659966,2.56887876870753
237,1.80318810227219,1.4732339635413,3.2151546820903,2.56683803656276
238,1.80362759843848,1.47362827075439,3.21317706417765,2.56575771188236
239,1.80362119096262,1.473991468677,3.21440014479734,2.56371644144519
240,1.80373678400101,1.47417323893027,3.2143821909493,2.56159378082559
241,1.80346988829025,1.47406116312458,3.21326037258701,2.55913384337121
242,1.80366145863077,1.47421991617244,3.21131687170972,2.55728667678375
243,1.80397981606927,1.47425062610871,3.21022502923291,2.55550235443214
244,1.8045308132031,1.47435794737199,3.20845000723912,2.55415974273822
245,1.80507174073945,1.47452886764204,3.20815924510891,2.5535931670978
246,1.80500386327506,1.47483171256577,3.20723375153767,2.55200245536785
247,1.80562012733274,1.47532060833718,3.20581736238198,2.55010152898162
248,1.8058504475133,1.47554840945749,3.20447649483488,2.54802277996501
249,1.80615336722878,1.47569127132287,3.20330322120468,2.54644008114794
250,1.8061674759065,1.47586508677437,3.20255353520961,2.54505986553291
251,1.80584164514484,1.47608875045786,3.20213410188589,2.54411276856943
252,1.80603914906417,1.47649277496959,3.20026339260617,2.5431714089034
253,1.80575157214851,1.47655667466164,3.20049815041049,2.54208456788776
254,1.80594691985079,1.4766154334765,3.19928287064987,2.54049726419959
255,1.80608027762999,1.47695295051199,3.19909084029859,2.53922123307394
256,1.80644892840933,1.47735945565207,3.19738869451646,2.53806727715234
257,1.80611690874368,1.47741975366794,3.19629677154206,2.53658600516655
258,1.80611935305487,1.47768611543218,3.19489335262491,2.53525461408068
259,1.80586706567164,1.47770034188172,3.19322061925287,2.53418654394964
260,1.80597362817445,1.47796178119584,3.19234521878151,2.5336400429949
261,1.80633822449262,1.47815026450443,3.19226884311345,2.53226372862487
262,1.80647326390932,1.47835004039807,3.19088144627815,2.53086594755034
263,1.80634166256793,1.47864552416717,3.18965470410721,2.52895289329153
264,1.80644582894852,1.47887429449388,3.18888904758149,2.52765280008509
265,1.80656281975905,1.47911537389586,3.18808700240593,2.52648205757127
266,1.80668803269671,1.47945938838084,3.18754424216281,2.5249220379088
267,1.80681704670377,1.47982800208638,3.18710611483843,2.52425402861844
268,1.80703327372188,1.4799770221105,3.1865455620414,2.52293049095447
269,1.80724816208512,1.48027191805956,3.1849330256073,2.52199651803034
270,1.80719743793862,1.48049863109838,3.18517935350108,2.521021091849
271,1.80757161184494,1.48078910767983,3.18407017206586,2.51940547707832
272,1.80729109748543,1.48117210699894,3.18475159766685,2.51809877966368
273,1.80794071983308,1.48136334559604,3.1839501272711,2.51731276231606
274,1.8083088604178,1.48161037690858,3.18261075450682,2.51673520883885
275,1.80846855547721,1.48180383300551,3.18046420341132,2.51563961566212
276,1.80872199371389,1.48187507911733,3.17989725898845,2.51424863748949
277,1.80885640629679,1.48183938912331,3.17908927482446,2.51392720030696
278,1.80896686853819,1.48191091111951,3.17760335201316,2.51243246194104
279,1.80940692119734,1.48209824116236,3.17647222827705,2.5117301273999
280,1.80973292220927,1.48225639152633,3.17552350788814,2.51047223651459
281,1.80983485612557,1.48225974355562,3.17499152521572,2.50880859542041
282,1.80967880673062,1.48238549571358,3.17446366423799,2.50776612910487
283,1.81010950430231,1.48268642678428,3.17234257450054,2.50658239069493
284,1.81040299433031,1.48275431503076,3.17148482971463,2.50490824322147
285,1.81069574600834,1.4829491270684,3.16994259813207,2.50332758301194
286,1.8109527737418,1.48329678311939,3.16934451979867,2.50232898119816
287,1.8110185217915,1.48360925302232,3.16933877398145,2.50167070790473
288,1.81144426771761,1.48365953921089,3.16773181231997,2.50015881229029
289,1.8115887089597,1.4839620093398,3.16660206129804,2.49913081011378
290,1.81153768684856,1.4840616244758,3.16533908637,2.49791724449403
291,1.81135404239892,1.48426291576001,3.16485157272159,2.49686568894911
292,1.8113548818392,1.48477390072126,3.16362966896198,2.49588689233858
293,1.81151346563727,1.48488238375694,3.16304786244186,2.49459107079843
294,1.81148537726732,1.48513274280756,3.16140724557267,2.49373505643146
295,1.81171142958284,1.48526556114032,3.15979538422545,2.49287183392574
296,1.81206384262371,1.48540998261432,3.15926898342528,2.49198714681095
297,1.81204110051247,1.48545539323135,3.15839232794393,2.4910306041155
298,1.81244950032625,1.48566383615944,3.15652853600946,2.48907948183824
299,1.81241847178147,1.48581738889526,3.15547936965791,2.48790869191957
300,1.81267545173179,1.48610242592469,3.15408486633213,2.48723887664411
301,1.8129718892566,1.48640279294143,3.1532595070057,2.48560409716448
302,1.81331399656758,1.48625576361791,3.15221213329983,2.48367611057896
303,1.81377865918156,1.48662443187889,3.1509540813457,2.48255302837056
304,1.81387143381248,1.48667377438841,3.14981898189195,2.48134741576417
305,1.81399447304644,1.48679656671379,3.14890001927487,2.48031510549252
306,1.81438114184359,1.486791694661,3.14798178418283,2.47931135345796
307,1.81444825118838,1.48704131914885,3.1486856156174,2.47791268724493
308,1.81444040106345,1.48713507945942,3.1481104806738,2.47670937263978
309,1.81477859998612,1.48722306241041,3.14810008301361,2.47576716326841
310,1.81526705892198,1.48728841773257,3.14596605713746,2.47441108231036
311,1.81532295691154,1.48736791050452,3.14413407462074,2.47284075163458
312,1.8158433772546,1.48738520376019,3.14421068255155,2.47128828060755
313,1.81607125470328,1.48789962354276,3.14355934243873,2.47021480929374
314,1.81650247384887,1.48826440037409,3.14233463154376,2.469141679396
315,1.81644478070339,1.48857021515242,3.14167616239878,2.46837897507308
316,1.81649138739084,1.48898269895618,3.1414683008494,2.46702087427081
317,1.81689659102816,1.48932157965082,3.14098639175792,2.46585408631108
318,1.81671082273742,1.4895341120851,3.14082998975412,2.46527471183318
319,1.81708318125219,1.4900195445148,3.13947338821844,2.46422824064579
320,1.81712368921526,1.49021698233958,3.13827186893235,2.46331551227038
321,1.81744502096355,1.49043276185606,3.13721904460452,2.46204000205652
322,1.81751575102652,1.49051594498987,3.13620377287084,2.46148689961181
323,1.81770716732994,1.49082195552593,3.13524163909233,2.45967287365538
324,1.81770957828739,1.49103888188545,3.13538007715074,2.45936974302079
325,1.81794149443638,1.49121475155266,3.13463107792779,2.45803441934261
326,1.81784915504276,1.4914933775413,3.13429854705925,2.45698194831423
327,1.81785493924047,1.49174807332315,3.13370135208371,2.45618281693146
328,1.81782968922252,1.49194650121267,3.13328331194836,2.45570176301738
329,1.8182118366056,1.49214213502625,3.13164453366303,2.45540097509884
330,1.81848557266038,1.49254004916504,3.13158388703035,2.45467491412488
331,1.81930621174746,1.49281279745477,3.13144683222501,2.45420230599357
332,1.81939345531148,1.49304645888349,3.13112684496215,2.45349722380814
333,1.81938982914674,1.49288782846338,3.12953116058619,2.45260490067358
334,1.81960218740559,1.49325496487572,3.12772585180271,2.45159009083248
335,1.81968325616556,1.49337856488693,3.12702522184153,2.45084791275493
336,1.81970815234284,1.4934481075496,3.12658765225339,2.45017556247431
337,1.81975638817807,1.49368369316879,3.12561827463724,2.44960660027287
338,1.81948825278241,1.49391919679223,3.12450117202609,2.44888726892198
339,1.81957072560801,1.49419228526663,3.12380944737978,2.44780008367678
340,1.81978116543309,1.4943626679166,3.1229626167408,2.44666156116875
341,1.82008927439047,1.49441812349365,3.12202214593863,2.44639864445016
342,1.82012589206694,1.49463279027955,3.12123599916023,2.44492901970918
343,1.82028557831734,1.49464012252069,3.12082595399225,2.44375855177825
344,1.82028983150473,1.49471690483975,3.11860333325455,2.44347343146713
345,1.82070720342199,1.49486232293372,3.11880610474628,2.44243787859322
346,1.82086719570193,1.49528147251058,3.1172828487566,2.44165811827002
347,1.82123115085109,1.49566284783851,3.11686968702592,2.44120601016825
348,1.82140308438448,1.49566501893067,3.11557352779149,2.44043687249736
349,1.82184656028392,1.49604026355149,3.11520565890897,2.43936926381594
350,1.821707788379,1.49630594707667,3.11464331219427,2.43838472532088
351,1.82197754735786,1.49649840636326,3.11438055689363,2.43777238159483
352,1.82209634884452,1.4966571666745,3.1137974925051,2.43714611975471
353,1.8222638704006,1.49700889068999,3.11234906828813,2.43650261202584
354,1.82233891892032,1.49743863121235,3.11175365890385,2.43638402562285
355,1.82281939825381,1.49767215311101,3.11138649534365,2.43517004092104
356,1.82284512143142,1.49771888717936,3.1106766025434,2.43469883719254
357,1.82314042533615,1.49773792723639,3.11030555294166,2.43443083384545
358,1.82349025741124,1.49798540639386,3.11021150664479,2.43348223960696
359,1.82371872935269,1.49797214924044,3.11056044706459,2.4327364027375
360,1.82399803523886,1.4983084214711,3.11047157726523,2.43167179930385
361,1.82408133347503,1.49862770252864,3.10917630005981,2.43137009237356
362,1.82435386237988,1.49877169571143,3.10858624052495,2.4306672968309
363,1.82432756399453,1.49912251990247,3.10774421855994,2.43010105019746
364,1.82458612071831,1.49940725427371,3.10710759980222,2.42899919096085
365,1.82463585259233,1.49964484298066,3.1064671577227,2.42782688459781
366,1.8248932101702,1.50000377836553,3.10539357075437,2.42760711063946
367,1.82492923530439,1.50008998469074,3.10551149098893,2.42688882448737
368,1.8253346509398,1.5002186905488,3.10487449286089,2.4266549081482
369,1.82559665392097,1.50029158619927,3.10474658145304,2.42626295217792
370,1.82574243740953,1.50050172198764,3.10392120397328,2.42565306298099
371,1.82592599139446,1.50055814776588,3.1035733805096,2.42501574937495
372,1.82599348787697,1.50073601429577,3.10288511958835,2.42454090444974
373,1.82617407118379,1.5009874793793,3.10185490231763,2.42395580276412
374,1.82617400533893,1.50098413724659,3.10166643505329,2.42359423696126
375,1.82642603500759,1.50116274922044,3.10057555343224,2.42273648528438
376,1.82648168153193,1.50127538347161,3.09952038605991,2.42184671349604
377,1.8264864444785,1.5018475336508,3.09869319672972,2.42151636614669
378,1.82645692537069,1.5020505804974,3.09767514348712,2.42076129161429
379,1.82673485873085,1.50207487522094,3.09703481789923,2.42005746945347
380,1.82673239991858,1.50215046595835,3.09611701736396,2.41943166481308
381,1.82682631509936,1.50215404056867,3.09517920795408,2.41875298744294
382,1.82690965765347,1.50247647476721,3.09468696402745,2.41839129718924
383,1.82746107629894,1.50261505313753,3.09464650611349,2.41870874328038
384,1.82737990054668,1.50284701489982,3.09502662869186,2.41801348944658
385,1.8276475825707,1.50316890958079,3.0941241332426,2.41728397139725
386,1.82770444072649,1.50315152184209,3.09436947595699,2.41700256113899
387,1.82750987495357,1.50334482201214,3.09380637315243,2.41683031625113
388,1.8275173954359,1.50363189707804,3.0927543097513,2.4164151024239
389,1.82761438124528,1.50367160965877,3.09087838653274,2.41627486790984
390,1.8275597783981,1.50366228550217,3.09071495456445,2.4158232212139
391,1.82787670811646,1.50377151210116,3.09083790701234,2.4150720792173
392,1.82790877814587,1.50398278325404,3.09027165053471,2.41456649228355
393,1.82818453447691,1.50411222589429,3.08972994066136,2.41385269250943
394,1.8283761418224,1.50428967626993,3.08855472828041,2.41361660370436
395,1.82854236233449,1.50458851328394,3.088319298691,2.41357974451328
396,1.8286957138022,1.50473122358567,3.08853238183038,2.41344627367882
397,1.82884066571973,1.50492691052369,3.08856895583647,2.41293606679777
398,1.82901805639392,1.5049706180638,3.08807531363762,2.41241878123723
399,1.82930585715273,1.5050576822508,3.08749543602786,2.41183769837158
400,1.82945544872349,1.5051197390691,3.08710591954256,2.41167951391191
401,1.82964293592857,1.50527959107202,3.08626065128343,2.41110454743069
402,1.82988692124238,1.505561528164,3.0864717642565,2.41057018356512
403,1.82992020184784,1.50551026327435,3.08681397201736,2.41043764441505
404,1.83017737577633,1.50568841400564,3.08653709828219,2.40974630706478
405,1.83024485579464,1.50577293028682,3.08665662445909,2.40924198138675
406,1.83021995345594,1.50563729317424,3.08637010543635,2.40830742058674
407,1.83032440530851,1.50569824450124,3.08628798725608,2.40776007462485
408,1.83049860953419,1.50583505380959,3.08646918088021,2.40784034127986
409,1.83070322471411,1.50600159925465,3.0860714831304,2.40723335789643
410,1.83088714099708,1.50628479251644,3.08511565169755,2.40678224765853
411,1.83078346161922,1.50634481664022,3.08464558812335,2.40669534407044
412,1.83069266075258,1.50638391101034,3.0842451011062,2.40646537254227
413,1.83087785408521,1.50652917687715,3.08373070535592,2.40576316577625
414,1.83102417944658,1.50651774510255,3.08385598561931,2.40556355064969
415,1.83102759445522,1.50645032599231,3.08345154972631,2.40531190415928
416,1.83119193794299,1.5064615988454,3.08303430537755,2.40508826483837
417,1.83133323464829,1.50681588277974,3.08270425602085,2.40461169091736
418,1.83159588462616,1.50695258900299,3.08250660708407,2.40431825914727
419,1.83155657537249,1.50704645860525,3.08213593824566,2.40366206497044
420,1.83187308573172,1.50721717568545,3.08149113584049,2.40321373754433
421,1.83203092372795,1.50733931537977,3.08058051642962,2.40329086747053
422,1.83225965462269,1.50744394228235,3.0802432216263,2.40269698701582
423,1.83238735359163,1.50779932012737,3.0799799573254,2.40190516570427
424,1.83242852123441,1.50792564846062,3.07970197774748,2.40123045259291
425,1.83230438100034,1.50813106167095,3.07954670361214,2.40067056599706
426,1.83242031402856,1.50820868679651,3.07861875331717,2.39998888728962
427,1.83230746228821,1.50835960679081,3.07855433534945,2.39960815680479
428,1.83237286081649,1.50859091704505,3.07823613894565,2.39941022198694
429,1.83245530991982,1.50869185911324,3.07826547313551,2.39930497727368
430,1.83253105200437,1.50879603721938,3.07757079680549,2.39884299778649
431,1.83244266907462,1.50894594416502,3.07684917760622,2.39838451555378
432,1.8324271728412,1.5091240085047,3.07576031340697,2.39794813517426
433,1.83245951056902,1.5092686778261,3.07548623640641,2.39744578642103
434,1.83251784083454,1.50945073879618,3.07446034090952,2.39686790060135
435,1.83250225922633,1.50967456607032,3.07367208606937,2.39658938279629
436,1.8327007999068,1.50978538417469,3.07435899571484,2.39633309649739
437,1.83285469815877,1.50998941279719,3.07347136218517,2.39573074279066
438,1.83272807031995,1.51001743891609,3.07251910884826,2.39520129398599
439,1.83268250006454,1.51018446377663,3.07260005198648,2.39472882454738
440,1.83252102909881,1.51032059415572,3.07221871857501,2.39445853586244
441,1.83279893801035,1.51056208538296,3.07178917989832,2.39424053417504
442,1.8326477995622,1.51065626593961,3.07152065900834,2.39369976187012
443,1.83289424656508,1.51077988886915,3.0708632932568,2.39308386711475
444,1.83315055877061,1.51076422833141,3.07109536888618,2.39289799777203
445,1.83322105428037,1.51080670374784,3.07142289371617,2.3927364615621
446,1.83344294604306,1.5108130348643,3.07163156086797,2.39183985877896
447,1.83369103181529,1.51104799727786,3.07155476250352,2.39123639014419
448,1.83373074035658,1.51114682177863,3.07128976910715,2.39037164222577
449,1.83388698826968,1.51130996036578,3.07054755778334,2.39029131253163
450,1.83410328046561,1.51153373475526,3.07083071541363,2.38991287149061
451,1.83413044322676,1.51171407135015,3.07035824302902,2.38915417734793
452,1.83426155173577,1.5116826178603,3.07010253304141,2.38889193768158
453,1.8341710230697,1.51177033732943,3.06990572820705,2.38857995534021
454,1.83423133071994,1.51187188144248,3.06939471804771,2.38795373791103
455,1.83422152045617,1.51202906738492,3.06875849528955,2.38769534388486
456,1.83427088735272,1.51216812738142,3.06878311022819,2.38740499863146
457,1.83418623018381,1.51224445476639,3.06847425546166,2.38734544831757
458,1.83411136286872,1.5122907484457,3.06814615068626,2.38775642591561
459,1.83419912718174,1.51230901339805,3.06808770953484,2.38757049322883
460,1.83434546420647,1.51231994108584,3.06776486339821,2.38719075499171
461,1.83438024335031,1.51242038756507,3.0679506774382,2.3872719087874
462,1.83455098293169,1.51250878988676,3.0676985137616,2.38708917402424
463,1.83443146214579,1.51270986252176,3.06782874672288,2.38698695682412
464,1.83464404953081,1.51287310759607,3.06770364771901,2.38650219297644
465,1.83492827451516,1.51285936416885,3.06763024144356,2.38612117103841
466,1.83499471575838,1.51303193390419,3.06711111741864,2.38567294366593
467,1.83496077710863,1.51317245800557,3.06690643519699,2.38585156293788
468,1.83520134124698,1.51339863782192,3.06732616836539,2.38546410983129
469,1.83568971741923,1.51344383997606,3.06720388597379,2.38508925971675
470,1.83586694636403,1.51359850497546,3.06705230848631,2.3845635415165
471,1.83568473492376,1.51376131666027,3.0669950117496,2.38436739178563
472,1.83578877305877,1.51393874137936,3.06703332208225,2.38382912218726
473,1.83584828670822,1.51403262909808,3.06696246360193,2.3834268538458
474,1.83620217734761,1.51421304484827,3.0671606399241,2.38316429643453
475,1.83624191285592,1.51439243885966,3.06726730620537,2.38299357097717
476,1.83637602214636,1.51447068921562,3.06658992378739,2.38263348094469
477,1.83664812525152,1.51460897332298,3.06589179547705,2.38247043403232
478,1.83667597641618,1.51473244897263,3.06590975158458,2.38196754445558
479,1.83671370684079,1.51498371121285,3.06495253448462,2.38189848714663
480,1.83696681697337,1.5150433997953,3.06469198999872,2.38166627407889
481,1.83686707015032,1.5152516480941,3.06459609123622,2.38160066804004
482,1.83691265309262,1.51537726644309,3.06474955378539,2.3814521125622
483,1.83711621694775,1.51540522976856,3.06414278423553,2.38146091100748
484,1.83750639682633,1.51538999645175,3.06408410301574,2.38131821026788
485,1.83762376422286,1.5154997985618,3.06412636298819,2.38112143627678
486,1.83766089480217,1.51555066634819,3.06417802123588,2.38057562340663
487,1.83789377057577,1.51560118449063,3.0643084369318,2.38016717846627
488,1.83817589507221,1.51556137931282,3.06431381738345,2.37975792720158
489,1.83839236263902,1.51560291585602,3.06352572373496,2.37969105310531
490,1.83856639533197,1.51591064409782,3.06371680586659,2.37916147809179
491,1.83862375043841,1.51601960863398,3.06379119327395,2.3792724937288
492,1.83864059183418,1.5161457885546,3.06362174070561,2.37915937085342
493,1.83856712258788,1.5160823218507,3.06279373475334,2.37889421231873
494,1.83850203791936,1.51614159795708,3.0617121336661,2.37857559365882
495,1.8385689064139,1.51614222217177,3.0615997054644,2.3783797926462
496,1.83839041185171,1.51617592479553,3.0612129800354,2.37807734534317
497,1.83835850309086,1.51625534769911,3.06145930931361,2.37786522637448
498,1.83864004498061,1.5164309297812,3.0619332749213,2.37752433485938
499,1.83888258636673,1.51660106052025,3.06221442539368,2.37741743259237
500,1.83877600800382,1.51666930584008,3.06199059279925,2.37755368520637
501,1.8386719248389,1.51680034533752,3.0618359743426,2.37740475515872
502,1.83870438409532,1.51692769866832,3.06174208549125,2.3774051040257
503,1.83884571294598,1.51730447969936,3.06160334652028,2.3769605405408
504,1.83895457582797,1.51761703274361,3.06083156224008,2.37658277453088
505,1.8390511805825,1.51770426801285,3.06054719004972,2.37630978941471
506,1.83902554162677,1.51772420468996,3.06052232150029,2.37613659121102
507,1.83900284770181,1.51787483937361,3.06030038815472,2.37635442213527
508,1.83910249748247,1.51809771906982,3.0597950853942,2.37673188915801
509,1.83940940289824,1.51811067971967,3.06006123758923,2.3767983373973
510,1.83931063793035,1.51820145900053,3.05989327835956,2.37637746968536
511,1.83934871905111,1.51838019465719,3.06037980765961,2.37617238936109
512,1.8394384472494,1.51854598518009,3.06008445870193,2.37604418281797
513,1.83961720977051,1.5186848497308,3.06004504872685,2.37583144826721
514,1.83973967196417,1.51886402069094,3.0603884273012,2.37569581059645
515,1.83977195851365,1.51886589163122,3.06018576548948,2.37547956991601
516,1.84003010881402,1.51910925788077,3.05991989506548,2.37578762363683
517,1.84029163514007,1.51928216099955,3.06019621440183,2.37566984161188
518,1.84036218244089,1.51942114404036,3.06003043776124,2.37537005068153
519,1.84035343959866,1.51972572029132,3.05911977909538,2.37502753529659
520,1.84029730221265,1.51982892933769,3.05925640529614,2.37495170258532
521,1.84042973706961,1.51994030812626,3.05893581072033,2.37475849692647
522,1.84053367935924,1.52012302757152,3.05927699168871,2.37450042326612
523,1.84063915958101,1.52033856479706,3.05873419304939,2.37405370106075
524,1.84058589427184,1.52043024726493,3.05869769525782,2.37402685941448
525,1.84080409019458,1.5207086926917,3.05871179122378,2.37359199286947
526,1.840563397256,1.52085568587567,3.05907557542026,2.37375141466049
527,1.84051904305261,1.52095559810497,3.0587281430659,2.3739071024455
528,1.8405463142738,1.5210268288158,3.05860356142019,2.37348378675182
529,1.84060913061258,1.52109513340804,3.05931018633552,2.37340245647471
530,1.84072922276639,1.5213388925946,3.05844515461122,2.37336376578007
531,1.84085486289746,1.52146862300513,3.05853062227946,2.37323885086502
532,1.84081392480965,1.52159685662857,3.05797743719401,2.37323862430388
533,1.84073418763827,1.52183960413912,3.05783686517542,2.37359956651799
534,1.84084294103868,1.52210103711276,3.05865518268317,2.37320178757852
535,1.8411105464555,1.52226972420448,3.0587571041523,2.3731141586914
536,1.84107836080372,1.52247754793572,3.0590123392893,2.3728748787854
537,1.84111749925823,1.52268271007477,3.05941563680697,2.37257681360445
538,1.84122894826436,1.52282902660158,3.05949519500182,2.37226669229161
539,1.84114828551777,1.52294374804221,3.05967491893528,2.37205237287107
540,1.84124641650538,1.52305004696299,3.05942618447826,2.37193129531331
541,1.84123476226713,1.52320443735553,3.05969190836328,2.37159994052107
542,1.841225321247,1.52329791084893,3.05942494800317,2.37164347445516
543,1.84132932363957,1.52334383342673,3.05947315823322,2.37190615540907
544,1.84142537531831,1.52337567467491,3.05945740837094,2.37198233633243
545,1.84137563027186,1.52354215518101,3.05996498730725,2.37202676679986
546,1.84121698000566,1.52348645579082,3.05935177457333,2.37166464931278
547,1.84133819483765,1.52371518390632,3.05978287908519,2.37125371049601
548,1.84137001598458,1.52391176087856,3.05973642481217,2.37134021087354
549,1.84149584032325,1.52406107526173,3.06000706834533,2.37169781303009
550,1.84169467830537,1.52416173289567,3.06071127561634,2.37164406258071
551,1.84199332863699,1.5243137238978,3.06079244709772,2.37164419607201
552,1.84231331203375,1.52450809526916,3.06053077208429,2.3714257602773
553,1.84242484203086,1.52461920875355,3.06090798980003,2.37161501001865
554,1.84232228265578,1.52474731389846,3.06102304721151,2.37133845495594
555,1.84242574356024,1.52476863717457,3.06073461779938,2.37108542503843
556,1.8424445953636,1.52490706216829,3.06039710453199,2.37127313338657
557,1.84240251428982,1.52507223237158,3.05990451490367,2.37112131889545
558,1.84243690576505,1.52523583473525,3.06006638444817,2.37118756408385
559,1.84249318365682,1.5253476337631,3.06023283579206,2.3710045179782
560,1.8425722395622,1.52549048423952,3.06076155434478,2.37039004154584
561,1.84240429883411,1.52546152038813,3.06122155305912,2.3703829436863
562,1.84250799089412,1.52554206949563,3.06045839240974,2.37015135882533
563,1.84247023348511,1.52566774897245,3.06015983340728,2.369930522288
564,1.84243003244313,1.52575500140423,3.06033759825114,2.36999254159815
565,1.84256920229544,1.52593597969879,3.06066346606985,2.37002629399896
566,1.84275989048259,1.52607447538517,3.06101323145753,2.37022129287491
567,1.84292531423908,1.52615494513133,3.06105945836782,2.37005395675052
568,1.84319658534533,1.5261675422556,3.06131123741468,2.3697693142016
569,1.84335367227046,1.52628832703924,3.06141657294137,2.37002191491563
570,1.84340914537566,1.52638135470626,3.06109520836906,2.36957425022067
571,1.84374553363412,1.52647862424656,3.06033802963888,2.36931588417582
572,1.84396819011917,1.52666894229476,3.06038465346507,2.36918735779834
573,1.8441150133151,1.52681248218351,3.06088104701638,2.36875228754826
574,1.84403984250919,1.52695598659619,3.06081341884953,2.36867482965718
575,1.84410264308421,1.5271283871617,3.06089544248688,2.36817024316434
576,1.8443074700246,1.52715631536387,3.061460140386,2.36812677983519
577,1.84426937059665,1.52734561713011,3.06177617105947,2.36813654927086
578,1.84440239626476,1.5273505656178,3.06177711869242,2.36817674948067
579,1.844609331658,1.52733118513448,3.06169170194952,2.36791035088537
580,1.84473487272194,1.52751390653638,3.06212884223023,2.3677061029837
581,1.84481856394543,1.52756796585077,3.06232210728254,2.36754151519949
582,1.84481270466107,1.52760392487107,3.06246077510008,2.36767517051805
583,1.84485211375939,1.52784012140069,3.06239145234079,2.36741573794008
584,1.84495020181678,1.52789666890288,3.06205563284144,2.36742818028401
585,1.84489020450658,1.528006902996,3.06171492245729,2.36723892626068
586,1.8447113089718,1.52810673399357,3.06186007053244,2.36720243180162
587,1.84486669426989,1.52807728259928,3.06218164451912,2.36700615063934
588,1.84486483809153,1.52813903626921,3.06158919698393,2.36677616521851
589,1.84499277776178,1.52832719731019,3.0612964703758,2.36668323249478
590,1.84509222729675,1.52838008446994,3.06142070050357,2.36651052619185
591,1.8450263482739,1.52859534273016,3.06161493583106,2.36675527443978
592,1.84534830489417,1.52872112664535,3.06173168861559,2.36706046730838
593,1.84540617269366,1.52884425160434,3.06196784730548,2.36700192564433
594,1.84541485742748,1.52888682894458,3.0623080715111,2.36676838251455
595,1.84575522130385,1.52898132714286,3.06215743959884,2.36665804949323
596,1.84563653437349,1.52900632929306,3.06243350626748,2.36637599369201
597,1.84567418207553,1.52903885070219,3.06231906457699,2.3659794313387
598,1.84580909857896,1.5291349725963,3.06230439972278,2.36554274428467
599,1.8458472415537,1.52924243557184,3.06225972652809,2.36532221679133
600,1.84574880703944,1.5293127777228,3.06232313010504,2.36535686815735
601,1.84594899537955,1.52949708163399,3.06234182552464,2.36551044197102
602,1.8460312211139,1.52950600328928,3.06283584172319,2.3654841524193
603,1.84604968943717,1.52959826850513,3.06273085396045,2.36546324848129
604,1.84640669177845,1.52973078537963,3.06284873333169,2.36553062634216
605,1.84641801801971,1.5299307384691,3.06302385335079,2.36545794893836
606,1.84644973614344,1.53009343920765,3.06267998682269,2.36570339958454
607,1.84664902453704,1.53018143300139,3.06241968585674,2.36558173497767
608,1.84671708300197,1.53035007145938,3.0626434580756,2.36562871619572
609,1.84674315440331,1.53046101153948,3.06272232272353,2.3655141783541
610,1.84667642715833,1.53048668113258,3.06281784668208,2.36550733740575
611,1.84689254331617,1.53062303787506,3.06280354426325,2.36548957764781
612,1.84688911965286,1.53071158226945,3.06324040944041,2.36578870628059
613,1.8471745799898,1.53080154443991,3.06266417663804,2.36561926992821
614,1.84738587827185,1.5309287119784,3.06234883364696,2.36537878442226
615,1.84742861948426,1.53098468619272,3.06233255042179,2.36527683570398
616,1.84753017727954,1.53096913915096,3.06238938077149,2.36519559664982
617,1.84743433870105,1.53109073789481,3.06218874279294,2.36500342228664
618,1.8475144255288,1.53122502608643,3.06214225274882,2.36521733297635
619,1.84767484916634,1.53121666305457,3.06195324081755,2.36524565870522
620,1.84792132778849,1.53141797556771,3.06164685488706,2.36533063890233
621,1.84803911327854,1.53160171747646,3.06203792924106,2.36513768478636
622,1.84807925185755,1.53170326753578,3.06175995808571,2.36495555247519
623,1.84821885937472,1.53180611318309,3.06173372925583,2.36483929664689
624,1.84840536970558,1.53198193319909,3.06207384470313,2.36496222974664
625,1.84877344074163,1.53209308828178,3.06220429675239,2.3653447701393
626,1.84889387092674,1.53224269885767,3.06195402390185,2.3652736306484
627,1.84884958528472,1.5323859831734,3.06234397849016,2.36537103742281
628,1.84897288374948,1.53245736178622,3.0617360205418,2.36536124181104
629,1.84902556178943,1.53241167739926,3.06184314106885,2.36539585035749
630,1.84900760699256,1.53241551027942,3.06204914207146,2.3656756808863
631,1.84939455830815,1.5324498069829,3.06160793553364,2.365645012483
632,1.84933382457649,1.53252205865062,3.06229476111569,2.36550159384599
633,1.84948990212372,1.53269959029934,3.0628148989723,2.36561897957931
634,1.8495625412052,1.53281307841777,3.06318704074969,2.36569533343319
635,1.84968193272135,1.53285936010775,3.06338243533234,2.3655215279959
636,1.84978556206228,1.53291863172973,3.06315326105234,2.36570206294237
637,1.84986719960153,1.53309007438932,3.06324200155656,2.36609207321396
638,1.84971475710023,1.53321254430626,3.06325222786313,2.36599040220359
639,1.84984195364174,1.53342760743192,3.06343313002319,2.3655101928580198
640,1.84996455742983,1.5334848731688,3.06368083603821,2.36532213918097
641,1.84988953466217,1.53345461895946,3.06382208091503,2.36525558520561
642,1.84995546291419,1.53356931078279,3.06443689138019,2.36523456304056
643,1.84990856616368,1.53363913900977,3.0644760981919,2.3655832184045
644,1.84972545639246,1.53371933163649,3.06469466329914,2.36563344063527
645,1.85004032553848,1.53379123703758,3.06520553523631,2.36574287487682
646,1.84995882370926,1.53391984740193,3.06515554120786,2.36556150981643
647,1.84992294424766,1.53397470069952,3.06543109948349,2.36557118298534
648,1.85007373046526,1.53416185449058,3.06584531344567,2.36541412938168
649,1.85009876934754,1.53436678977393,3.06568603806177,2.36549211031578
650,1.85013403608832,1.53442037580269,3.06618434214746,2.36559010792366
651,1.8502678092147,1.5344111440644,3.0662816181748,2.36522719018864
652,1.85044521199065,1.53439046586359,3.06683812131886,2.3655598224204
653,1.85038862006773,1.53436125143169,3.06638157483364,2.36504905083695
654,1.85055179408583,1.53442580812538,3.06706349341283,2.36516646210578
655,1.85045127263011,1.53449429925286,3.06742574636362,2.36506469100144
656,1.85034877596504,1.53461096905294,3.0678044641157,2.36470431635939
657,1.85026906107542,1.53467796415608,3.06793376428688,2.36448601572522
658,1.85031730866536,1.534842820148,3.06780953878565,2.36461867307111
659,1.85034041311005,1.53486231081861,3.06788272828874,2.36459421610421
660,1.85037584905944,1.53488089868278,3.06762177574216,2.36486276838856
661,1.85040507086554,1.53511613301154,3.06760985159742,2.3649183781197
662,1.8502637525986,1.53523772175983,3.0680174501676998,2.36480886889703
663,1.8503587833937,1.53531680454766,3.06810003093461,2.3647022987182
664,1.85056211556652,1.53539011859264,3.06790517390414,2.3647149179822
665,1.85064829785074,1.53540978280182,3.06788854140126,2.36480052189619
666,1.85058956554942,1.53547662925367,3.06799728811103,2.36463835642416
667,1.8505964941946,1.53564324326898,3.06797668637133,2.36482049120283
668,1.85060608915443,1.53579598454764,3.06813229201486,2.36483358669023
669,1.85047529544968,1.53583865406643,3.06870741909157,2.36480392477884
670,1.85033927390945,1.53597838664639,3.06933329226451,2.36453246060352
671,1.85049069612329,1.5360996649325,3.07023906342684,2.36443959633788
672,1.85052053877178,1.53620257767443,3.07043550661743,2.36487324814
673,1.85062306319684,1.53633596909971,3.07070737408434,2.36464555444941
674,1.85060878331986,1.5365714506878,3.07069376221063,2.36462603263083
675,1.85075531319437,1.53669412247234,3.07053759493122,2.3646541557707
676,1.85072861427203,1.53680785012504,3.07035113337967,2.36485522979602
677,1.85088719402032,1.53690780140097,3.07027142429062,2.36496117881546
678,1.85108701536489,1.53709831626989,3.07015420739052,2.3646959481468
679,1.8512187310246,1.53725903661189,3.07041306442491,2.36475064484015
680,1.851221836931,1.5373364690368,3.07042326560605,2.36473391249419
681,1.85117228939616,1.53746532537128,3.07052788569195,2.36490021051924
682,1.85132804852101,1.53747781297773,3.0703638531857,2.36477567549629
683,1.85134212261446,1.53760617049399,3.07047527177043,2.36524869497695
684,1.85133406968835,1.53780786189028,3.07075324853353,2.36522883623152
685,1.8513827321494,1.53782698344731,3.07075513977172,2.36511029236771
686,1.8514523762523,1.53779089640466,3.07081902927789,2.36498665737834
687,1.85157082903035,1.53776100152048,3.07122393251039,2.36464908818435
688,1.85176928494939,1.53786208221806,3.071765268641,2.3645146414996
689,1.85179531682653,1.53804279160551,3.07249016846263,2.36465649551279
690,1.85204845468712,1.53816129394734,3.07289626358116,2.36468890435501
691,1.85194376887632,1.53816199158763,3.07292603565498,2.36466652449947
692,1.85203344869374,1.53826202510369,3.07262239874202,2.36459497171336
693,1.85220819066656,1.53831793936884,3.07279148351566,2.3646437478014
694,1.85223622983419,1.53832691516469,3.07289168456087,2.36486959348773
695,1.85234474452785,1.53838584951089,3.07289840224634,2.36481865868817
696,1.85235042780979,1.53846819097219,3.07290750438321,2.36444208629479
697,1.85248700828525,1.53859659160761,3.07231397105848,2.3642056644942
698,1.85261737155361,1.53867536712908,3.07234990223244,2.36402497682469
699,1.85265668955868,1.53864293310712,3.07244908910637,2.36404665014051
700,1.85260129775584,1.53875354016164,3.07229765381341,2.36391409729878
701,1.85259575782095,1.53881804224757,3.07268459922927,2.36362153631252
702,1.85279539198532,1.538933685456,3.07240517059557,2.36358498871205
703,1.85312358968473,1.53888717118374,3.07204602206547,2.36348298664558
704,1.85306196832338,1.53903482887355,3.07203428750825,2.36376035128804
705,1.85328425978558,1.53920396737206,3.07165446928942,2.36384306613955
706,1.85337449404727,1.53936569492214,3.07136733138408,2.3642388802098
707,1.85343207674644,1.53937583247783,3.07150155055452,2.36424808282389
708,1.85356662391068,1.5394659354168,3.07165704546886,2.36450559848749
709,1.85375014453692,1.53952237910083,3.07160139209001,2.36455539810711
710,1.85372561685911,1.53962165322783,3.07166740068493,2.36448394474157
711,1.85366932977325,1.53973721643913,3.07145205218118,2.36437002875453
712,1.85361190941577,1.53980553782016,3.07134314695683,2.36417897734035
713,1.85383226949814,1.53994277024175,3.07167147238681,2.3642097026075
714,1.85402678192472,1.54010133242561,3.07144854013795,2.36420665153338
715,1.85401611451339,1.54015298120106,3.07155770097003,2.36419811114119
716,1.85405225592779,1.54010699519988,3.07184869774695,2.36413043510522
717,1.85408553866397,1.54019483817875,3.07203885615277,2.36381791191984
718,1.85426376396919,1.54020143185638,3.07219131536697,2.36378452660141
719,1.85432273809386,1.5404121190758,3.07209326122672,2.36410612926325
720,1.85412198597863,1.54043068603828,3.07189026547774,2.3639138007542
721,1.85433968811272,1.54049011895513,3.07173083245958,2.36408224327325
722,1.85436166363002,1.54046148294902,3.07149318323337,2.36406994711539
723,1.85465679081969,1.54057591433643,3.07158471812615,2.36440181150162
724,1.85469651043522,1.54071063588782,3.07167726110312,2.36463356961667
725,1.85456621781644,1.54081874470868,3.07204761658922,2.36466462339866
726,1.8546432716865,1.54071365287029,3.07265365342884,2.36484438995711
727,1.85480880315351,1.54073627978348,3.07244726027648,2.36457967371409
728,1.85492202054982,1.54081234177881,3.07239469835104,2.36478695952425
729,1.85520414775322,1.54088835513666,3.07265827918042,2.36457268673058
730,1.85509970545042,1.54105223666369,3.07278610580831,2.36438490725923
731,1.85526924000933,1.54115895620018,3.07269946224153,2.36439371300553
732,1.85529322307134,1.5411988033984,3.07297717126698,2.36439975721784
733,1.85538102470189,1.54135568430643,3.07335142300981,2.36436032670413
734,1.85560195191184,1.54154283554397,3.07329028839063,2.36445151642801
735,1.85562534628483,1.5416006574312,3.07351084968108,2.36423202130532
736,1.85552159311133,1.54174508630746,3.07393183308579,2.36411701374343
737,1.85553518918103,1.54180779098778,3.07471916958314,2.36402429194866
738,1.85569085721558,1.54196778169791,3.07512099241881,2.36377561340409
739,1.85583794867496,1.54199761068325,3.07558161308066,2.36355839891844
740,1.85584991979139,1.5420173615923,3.07553875595826,2.36396989980876
741,1.85595572333442,1.54204109433813,3.07552746907493,2.36412481769212
742,1.85597775594756,1.54206204454887,3.07539043494744,2.36400589076007
743,1.85599457861982,1.5421582792026,3.07558063874648,2.36400132511749
744,1.85612057884479,1.54231336619136,3.0756797620433,2.363912879516
745,1.85628768980673,1.54227030672473,3.07606065209176,2.36415647986411
746,1.85631557332041,1.54230030060296,3.07614801923888,2.36400185876296
747,1.85625138253217,1.54240018391319,3.07590475259936,2.36420975510406
748,1.85647354598423,1.54249776101211,3.07607993320189,2.36414919840901
749,1.85656695282238,1.5426306187096,3.07610161703811,2.36423342426502
750,1.85672370824131,1.5425984224448,3.07607607147247,2.36438539167438
751,1.85668445047229,1.54265694976958,3.07596764706635,2.3643039571972
752,1.85664698434887,1.54286528154781,3.07583376037114,2.36413688050115
753,1.85683868504392,1.54298109453561,3.07579281019249,2.36406486061306
754,1.85686565253908,1.54314324003662,3.07631203259943,2.3640938277476
755,1.85688223919533,1.54314110186739,3.07632445974508,2.36414027219585
756,1.8568368360009,1.54319752230686,3.07637495027379,2.36425147710559
757,1.85672717501884,1.54323587339187,3.07669439250402,2.36446880360634
758,1.85678548582842,1.54335901740778,3.07694402159046,2.36455894386036
759,1.85694416192702,1.54338674622733,3.07729946040331,2.36473905613191
760,1.85702479922553,1.5434173872969,3.07745773630738,2.36453882453195
761,1.8570672692412,1.54350906110697,3.07747935847275,2.36464377522863
762,1.85725623604648,1.54364485885453,3.07766050102922,2.36477169155682
763,1.85712419677304,1.543775314229,3.07748714101779,2.36466739654087
764,1.85723097752325,1.54378124745714,3.07772551886481,2.36495753146341
765,1.85739984085101,1.54385264432969,3.07790726884503,2.36503689362721
766,1.85744352950834,1.54386561453438,3.0778586913341,2.36494818864757
767,1.85745585866576,1.54394152499413,3.07791079693383,2.36492562204484
768,1.85755118863545,1.54402312036409,3.07817368210808,2.36498725587436
769,1.85774616857598,1.54413857986161,3.07836138543066,2.36497067431648
770,1.85777764872622,1.54421403348605,3.07829502306563,2.36485883671072
771,1.85784710372798,1.54428436629954,3.07810222645981,2.36474985857191
772,1.85792070825838,1.54439207201907,3.07770489365429,2.36484934087629
773,1.85795274759165,1.54439290019364,3.07789026171974,2.36520894834989
774,1.85809500323808,1.54431963666631,3.07784451630191,2.36532665786181
775,1.8582018884056,1.54446546200988,3.07859493760964,2.36561880051306
776,1.85819705166419,1.54451393641063,3.07888989218544,2.36589484521937
777,1.85824361062062,1.54458784038634,3.07896473488112,2.36565446437736
778,1.85841037319653,1.54459869952754,3.07919974620448,2.36572374265556
779,1.85850165517403,1.54482023436381,3.07951273699155,2.36585519113327
780,1.85866910353744,1.54499826834983,3.07925734888882,2.36562333015637
781,1.85863767705638,1.54500089753439,3.07880390988668,2.36577634059394
782,1.85871800522368,1.54513526554876,3.07899584103694,2.36592466714142
783,1.85884887814117,1.54519795586837,3.07882616979768,2.36603655101501
784,1.85900713428486,1.5452552934087,3.07904745879017,2.36596450581408
785,1.85914982390177,1.54532840272759,3.07892750989505,2.36609102600643
786,1.85927696658586,1.54542479832199,3.07885129341235,2.36611979211103
787,1.85935848654747,1.54538104375029,3.07893621108322,2.36595664861604
788,1.85935662674984,1.54548098347461,3.07937282506718,2.36636286645186
789,1.85941333587391,1.54547654339472,3.07885626756459,2.36640540237795
790,1.85950390478645,1.54549693362204,3.07859411649295,2.36642054120374
791,1.85971946469504,1.54558945082545,3.07867426129192,2.36635225971751
792,1.85978526773087,1.54566570756243,3.07909675826947,2.36611952360389
793,1.85988847397796,1.54571262276257,3.07902670272285,2.36611236278168
794,1.85983152672669,1.54566345590772,3.07935125806573,2.36615519143886
795,1.85980500861885,1.54580213651782,3.07964004300969,2.36608257887379
796,1.85994206503484,1.54602445971952,3.07958874316823,2.36621930527308
797,1.85996621136692,1.54613538275872,3.07997898756737,2.36622122076696
798,1.85999633293823,1.54628720875806,3.08021076207218,2.36623817485012
799,1.86009603609066,1.54640466838954,3.08032577964687,2.36648030302619
800,1.86017034493745,1.54645387705023,3.08044039621676,2.36658149623878
801,1.86033039268342,1.54647573476134,3.08011445172734,2.36670488639119
802,1.86040045844452,1.54663209924289,3.07999084770256,2.36674702057147
803,1.8604506642786,1.54674924497082,3.08039901306967,2.36695704169508
804,1.86051834640218,1.54682301443767,3.08081938605072,2.3671151806599
805,1.86042772218215,1.54683304257019,3.08068679709436,2.36699992177844
806,1.86055142653678,1.54688042099182,3.08078759510831,2.36714349587019
807,1.86062132496802,1.54696156004313,3.08082982530542,2.36724454299353
808,1.86051028622938,1.54696858813641,3.08130534145172,2.36748098014411
809,1.86061371278989,1.54706173749008,3.08161130059457,2.36777308201321
810,1.86062568204955,1.54717791189467,3.08125060722138,2.36766480395283
811,1.86075844541725,1.54731575877195,3.08146806845949,2.36784059912089
812,1.86091507252523,1.54746289008229,3.08180139575221,2.36763146622982
813,1.86092554659975,1.54757332490695,3.08205861727927,2.36787761545165
814,1.86087062750736,1.54764982237628,3.08240659244981,2.36794162060674
815,1.86100718961611,1.54773520547018,3.0827775957423,2.36780246189058
816,1.86100772925266,1.54787296326982,3.08269448136249,2.36795444410257
817,1.86107084625969,1.54791076878331,3.0829054779133,2.36836000940734
818,1.86127260372726,1.54802424020148,3.08310903063573,2.36828603272518
819,1.86137831613156,1.5481272401759,3.08318828981513,2.36835740739674
820,1.86143278774174,1.54824976822816,3.08330187336872,2.36835187751985
821,1.8614315863706,1.54828846611173,3.08294551214281,2.36849098189371
822,1.86147647712222,1.54832862000386,3.08321632023564,2.36883815340067
823,1.86154464522305,1.54841740695683,3.08342354540146,2.36897341137631
824,1.86163574811367,1.54843043609628,3.08348399104026,2.36886061432898
825,1.86188246599005,1.54855162007444,3.08382032285403,2.36883042130406
826,1.86207586312345,1.54851336331135,3.08414081490458,2.36868091500151
827,1.86218898422153,1.54865355047624,3.08432006038914,2.36898612844295
828,1.86223868318322,1.54870716732202,3.08453931966012,2.3690698743393
829,1.86240080739506,1.54880313146475,3.08498340036783,2.36922762125592
830,1.86247087072655,1.54891907410747,3.08508722661272,2.36922871764007
831,1.86247372581222,1.54910575117141,3.08530677190248,2.36940594606508
832,1.86241882789445,1.5491337974136,3.08512525786599,2.36963086681417
833,1.86241609755724,1.54928300909499,3.0851488007085,2.36961159058346
834,1.86249442864223,1.54938845888217,3.08535303162417,2.36974250575228
835,1.86252004461518,1.54955244505589,3.0857455181558,2.3696495723538
836,1.86256580404297,1.54967459128073,3.0856448793312,2.36957252489982
837,1.86252500028062,1.54973683517406,3.08566320454507,2.36963473875002
838,1.86260880645109,1.54990482330138,3.08553996207468,2.36986668372667
839,1.86271334301412,1.54996207492646,3.08554612116913,2.36996187501169
840,1.86264418728208,1.55003643584497,3.08574154620177,2.37006328722684
841,1.86276737881779,1.55012794474693,3.08587058067198,2.37015285164569
842,1.86273623349483,1.55024298556998,3.08626298666627,2.3702088139069
843,1.86278830945626,1.55027999852468,3.08613286093899,2.3704850123361
844,1.86282870211493,1.55040928954268,3.08593112829412,2.37058938327633
845,1.86285828083378,1.55049194090766,3.08580137880549,2.37030649495369
846,1.86291771142032,1.55053852523806,3.0861833615806,2.37052568469831
847,1.8630898631746,1.55068532575313,3.08621969597582,2.37071371756558
848,1.8631218374366,1.55076126603533,3.08640411283016,2.37070301554582
849,1.86326764703958,1.55077375722514,3.08637604422214,2.37111832868639
850,1.86328116242497,1.55081059440734,3.08669630050574,2.37118619154153
851,1.86325006299959,1.5508283344849,3.08656359058698,2.37140060039482
852,1.86328403174455,1.55094530590277,3.08665089562268,2.37146705847969
853,1.86334067111169,1.55095556811223,3.0867870059571,2.37164645443962
854,1.86338180196911,1.55105439953719,3.08673829175338,2.37178550040726
855,1.86348256411156,1.55110226843801,3.08644499740883,2.37186625420943
856,1.86350580935555,1.55131489432024,3.08623160062188,2.37216863433578
857,1.86350882302921,1.55132563424565,3.08624987520316,2.3722793096621
858,1.8634811259714,1.55148260664576,3.08681254102771,2.3722658490226
859,1.86354310984097,1.55165225863863,3.08712028798961,2.37228118802213
860,1.86358096754107,1.55163576147333,3.08741456261113,2.37218212639821
861,1.86367430754363,1.55178439227421,3.08781745368692,2.37190448205609
862,1.86384923630287,1.55187121975114,3.0882639152048,2.37199880421972
863,1.86394287400709,1.55189853182478,3.0880748738721,2.37207059115818
864,1.86398923883662,1.55190077114744,3.08830019447638,2.37199305049116
865,1.86414688266698,1.55202179604679,3.08821174729445,2.37211837109695
866,1.8641897262221,1.55212302250188,3.0881839580868,2.3722355807187
867,1.86416273186417,1.55224160370323,3.08841213400354,2.37240549208527
868,1.86422790026181,1.55236581958756,3.08900855297226,2.37245235350547
869,1.86427695113023,1.55234542575749,3.08843892158502,2.37255656169425
870,1.86417159455159,1.55236637272678,3.08849023332177,2.37277672880436
871,1.86421840268591,1.55250304041227,3.08867092850408,2.37313889050327
872,1.86423973493422,1.55270175136805,3.08867208119592,2.3731237676651
873,1.8642016708092,1.55275327650509,3.08887961103693,2.3730347016306
874,1.86416144156223,1.55287259758994,3.08918008116792,2.37326002159363
875,1.86420003176848,1.55294481193774,3.08932283032359,2.37310819833627
876,1.86409008409623,1.55300283921001,3.08948177603554,2.3732671235196
877,1.86423884550334,1.55302214923454,3.08916181651024,2.37335712289198
878,1.86427190361772,1.55313629067691,3.08938192372202,2.37325440289748
879,1.86432964332077,1.55320528598637,3.08974240308512,2.37342700083402
880,1.86435735594295,1.55330937980892,3.08977009973455,2.3735987448447
881,1.86442752661534,1.55334385432749,3.0898524566688,2.37366234967058
882,1.86436277007175,1.55347884071881,3.09019096743167,2.37375808879207
883,1.86439254017477,1.55356065055422,3.09036882625879,2.37397517848864
884,1.864464374115,1.55360910247048,3.09019301397366,2.37430151186949
885,1.8645972465242,1.55361432258564,3.0900213947569,2.37427827763895
886,1.86447581901917,1.55361107678771,3.09004931825489,2.37436353495497
887,1.8646261774862,1.55369634988284,3.08991816422548,2.3746125930573
888,1.86469499637358,1.5537136390565,3.0898698179308,2.3747239695513
889,1.86477823269088,1.55364253494928,3.09019426123723,2.37469449344992
890,1.86494243310575,1.55375350657024,3.09017491757961,2.37476096708759
891,1.86500907098933,1.55382775570787,3.09037690205802,2.3749359799964
892,1.86514020575446,1.55387766356126,3.09036636688191,2.3748825863314
893,1.86520783085048,1.55392094928377,3.09085254890294,2.37481460703683
894,1.86525575820442,1.55411113710531,3.09141141295235,2.37490044192252
895,1.8654485814888,1.55415163457736,3.09124432727332,2.37495545552586
896,1.86552295202462,1.55425823634626,3.0910663753351,2.37493755955612
897,1.86561799934159,1.55440004981452,3.0911118643378,2.37488587104801
898,1.86570906427254,1.5545021413356,3.09161682104441,2.37527916004306
899,1.86578020618917,1.55455369869592,3.09167230059601,2.37525972094046
900,1.86582907688239,1.55461768088004,3.09139409359295,2.37538965175138
901,1.8658909563928,1.55466564575549,3.09114741298407,2.37563289614165
902,1.86579496368661,1.55464848768676,3.09139479167818,2.37569085247857
903,1.86594538409085,1.55470575548835,3.09129140876729,2.37578862445382
904,1.86600959883571,1.55469508520041,3.09153176702042,2.37558068185708
905,1.86602340494568,1.55463739693154,3.09149236977924,2.37588860998615
906,1.86610074126939,1.55475294567971,3.09143819456998,2.37595823081767
907,1.86621371382393,1.55480061970277,3.0913889111399,2.3758093582554
908,1.86622063289266,1.55496131669686,3.09179359432171,2.37561377820898
909,1.8661938155395,1.55502631835202,3.09178567259138,2.37567982957262
910,1.86622319681155,1.55505445906946,3.09185118446186,2.37575036988591
911,1.86640586208738,1.55508682841465,3.09186096418848,2.37591881063045
912,1.86635901496878,1.55512356283663,3.09202251660184,2.37608041991085
913,1.86638714705225,1.55515799534974,3.09213665211592,2.37611512224734
914,1.86636163979524,1.5552948292561,3.09222276014577,2.37622353290785
915,1.86643973673237,1.5553506679216,3.09206434943851,2.37635843023101
916,1.86649135491805,1.55535984972431,3.09205584058183,2.37650150451269
917,1.86661793565155,1.55552033962953,3.09206256903549,2.37679113585806
918,1.8665516099492,1.55560855331494,3.09206811699173,2.37668997130214
919,1.86654410120204,1.55567540671687,3.09229507257521,2.3768309187722
920,1.86655947256314,1.55584177910754,3.09206093722044,2.37709068235579
921,1.86666713490296,1.55593556827444,3.09218509048573,2.37737565398242
922,1.86672792174952,1.55601242526027,3.09247842706391,2.3773379855642
923,1.86676079400263,1.55602394588628,3.09260959049438,2.37745771210232
924,1.86680270490912,1.55601721787237,3.09273615234152,2.37748496326431
925,1.86688776570294,1.55603009364889,3.09273996676743,2.37759797842569
926,1.86691033060133,1.55601644395803,3.09270748076078,2.37770572844346
927,1.86697642444076,1.55605176096347,3.09287323468237,2.3776592783199
928,1.86706197383811,1.55613657193949,3.0928912565727,2.37767510600017
929,1.86703019776189,1.55625486187715,3.09294805881069,2.37766188898095
930,1.86708052683502,1.55637304826402,3.09257283280901,2.37783006154148
931,1.86711182081831,1.55646784255374,3.09305948691467,2.37796589753503
932,1.86723462514562,1.55650080685743,3.09318552691765,2.37814914287857
933,1.86724779238127,1.55648796398974,3.09332635110651,2.37817684125149
934,1.86722872216192,1.55658031049236,3.09332545403519,2.37802261633444
935,1.86731470616485,1.55661427900143,3.09319314951792,2.37796450148585
936,1.86748924835177,1.55666170623634,3.09352592666268,2.37784926052858
937,1.86738452217898,1.55670373151023,3.09337204311243,2.3778722023344
938,1.86738481117105,1.55682792910606,3.09345076098893,2.37808901370697
939,1.86735658508639,1.55693819207739,3.09314763582593,2.37804426199187
940,1.86738195046101,1.55704695365685,3.09338802977382,2.37821639090302
941,1.86736920753884,1.55711695156399,3.09366738397021,2.37842403373735
942,1.8675196973754,1.55724460210496,3.09376887829495,2.37858754512601
943,1.86763019818399,1.55732945853261,3.09380592095355,2.37875515285851
944,1.86770499827383,1.55740822350552,3.09399048992611,2.37890731342576
945,1.86767924160509,1.55744922822276,3.0940891878075,2.37904392396508
946,1.86766943341322,1.55758951492901,3.09385427246645,2.37932503144549
947,1.8676582837012,1.55767476080127,3.09389300597546,2.37943992214868
948,1.86768139794314,1.5577016785,3.09414510748873,2.37954849682877
949,1.86758724161446,1.55782281431684,3.09404068298138,2.37966190908974
950,1.86757450355015,1.55785928952921,3.09410941398435,2.37972394131844
951,1.86753616544927,1.5579570025796,3.09410316069182,2.37992056373294
952,1.86762174962251,1.55811958585442,3.09403326471941,2.37965537170975
953,1.86765668175315,1.55827493713437,3.09421607730944,2.37955001344966
954,1.86778924670467,1.55843958034751,3.09439145809879,2.37977154893597
955,1.86792002056554,1.55850461533606,3.0944130616666,2.37982737947625
956,1.86786419632263,1.55855516617476,3.09421400504822,2.37975356848019
957,1.86794151026981,1.55864229084136,3.09423829757822,2.3798737819897
958,1.86795916214765,1.55872017654635,3.09442815216758,2.37996523447689
959,1.86791609822165,1.55868521296795,3.09461064017727,2.37993862831834
960,1.8680000327499,1.55875838451966,3.09447037893436,2.38004119977031
961,1.86807154498063,1.55881632677865,3.09428352873746,2.38020266558297
962,1.86810375015053,1.55890715382638,3.094521846251,2.38009826830427
963,1.86805707487679,1.55892663543445,3.09474524756786,2.38024397044047
964,1.86816602652838,1.55895410402554,3.09500036040575,2.38054372060178
965,1.86822014199031,1.55905851281897,3.09522330369129,2.38072051183219
966,1.86826241370688,1.55913296249599,3.09571506432087,2.38090241638849
967,1.86836717791656,1.55917365828549,3.09596379349272,2.38109433422547
968,1.86834443828848,1.55920643025148,3.09610030181843,2.38128625696736
969,1.86846873261093,1.55924977959387,3.09644314878659,2.3815248252385
970,1.86860974863116,1.55926436070113,3.09631133159433,2.38157887065664
971,1.86875391210576,1.55940646691044,3.09636118626275,2.38203832988897
972,1.8688053147634,1.55954005999161,3.09644338117813,2.38228257645518
973,1.8688760139219,1.55959063950253,3.09628959978925,2.38255268212092
974,1.8688808413706,1.55971342565765,3.0965945670889,2.38248308939052
975,1.86888009235894,1.55975233160449,3.09637775268295,2.38247027005113
976,1.86882229245618,1.55980035676485,3.09612232950891,2.38238088618059
977,1.86885761034659,1.55989470563672,3.09608656639494,2.38237391458881
978,1.86881193229203,1.55989107015418,3.09624798921927,2.38255482145549
979,1.86893139410321,1.55998690026782,3.09609554613522,2.38273936329013
980,1.8689831915087,1.56008074148637,3.09647890064763,2.38265033079754
981,1.86904214558969,1.56024173747703,3.09662451932373,2.38250409227931
982,1.86906419064258,1.56028598673947,3.09674937803918,2.38257198301286
983,1.86915974776518,1.56041859267845,3.09644185091869,2.38273921564714
984,1.86918590452947,1.56050135654706,3.09649810680532,2.38291524718899
985,1.86916088711187,1.56053983571609,3.09681261799105,2.38300538259957
986,1.86913988901784,1.56069821198931,3.09684670209482,2.383199331265
987,1.86913183103663,1.5607742415224,3.09683749110545,2.38330825226287
988,1.86931560533396,1.56076592049372,3.09706709763359,2.38334543923243
989,1.86931280759135,1.56082663567154,3.09720873757645,2.38362391522682
990,1.86939339483325,1.56090809836382,3.09744564833043,2.38359178779744
991,1.86930270459977,1.56093207939098,3.09760498896007,2.38353256811215
992,1.8694382304424,1.56091682446907,3.09764343871918,2.38350952544725
993,1.86948549358858,1.56107413293213,3.0973463589199,2.38356373054279
994,1.86955780097545,1.561109724671,3.09736935938314,2.3838544962182
995,1.86968304981184,1.56119196292574,3.09763398628118,2.38402985564255
996,1.8696866649498,1.56113285035963,3.09770355525536,2.38421062404369
997,1.86962971077348,1.56126644275836,3.0981356399685,2.38406352743778
998,1.86970427622997,1.56136943853728,3.0982348189466,2.38444107156834
999,1.86974677732445,1.56146386166538,3.09851008556745,2.384621311357
1000,1.86982578746567,1.56162605598023,3.09883096010758,2.38478193707661
