Time(min),GP,S 5 5,V 5 5,S 20 20,V 20 20
1,899.433333333333,864.366666666666,1025.2,763.366666666666,980.333333333333
2,875.3,794.633333333333,984.5,718.133333333333,923.266666666666
3,845.566666666666,739.6,921.333333333333,687.2,890.366666666666
4,824.666666666666,717.033333333333,880.733333333333,669.566666666666,878.766666666666
5,803.866666666666,682.166666666666,857.866666666666,659.4,866.466666666666
6,778.133333333333,664.833333333333,838.2,650.733333333333,859.066666666666
7,754.8,647.666666666666,821.433333333333,641.9,853.733333333333
8,739.366666666666,627.466666666666,813.2,629.233333333333,847.5
9,720.633333333333,615.266666666666,804.9,622.5,844.433333333333
10,711.266666666666,601.733333333333,788.033333333333,611,837.466666666666
11,694.866666666666,594.933333333333,772.733333333333,594.2,833.2
12,680.166666666666,580.233333333333,763.433333333333,593.966666666666,827.133333333333
13,673.066666666666,573.7,753.4,581.733333333333,824.266666666666
14,668.833333333333,568.6,746.1,577.366666666666,818.766666666666
15,661.333333333333,564,736,576.333333333333,812.066666666666
16,650.8,560.733333333333,729.333333333333,576.333333333333,806.566666666666
17,643.566666666666,555.866666666666,722.5,575.733333333333,805.666666666666
18,639.5,549.3,719.833333333333,575.233333333333,803.533333333333
19,631.633333333333,544.4,716.566666666666,572.633333333333,799.1
20,617.9,540.933333333333,712.233333333333,569.733333333333,793.033333333333
21,616.033333333333,536.733333333333,708.6,561.833333333333,781.966666666666
22,610.433333333333,534.3,705.6,557.533333333333,777
23,606.833333333333,530.166666666666,703.833333333333,555.033333333333,768.8
24,602.733333333333,526.766666666666,702.8,554.6,763.366666666666
25,597.2,525,699,550.033333333333,756.8
26,594.7,523.2,696.166666666666,547.6,754.466666666666
27,591.933333333333,521.4,693.5,545.233333333333,750.933333333333
28,588.733333333333,520.733333333333,692.533333333333,542.733333333333,746.333333333333
29,587.133333333333,519.733333333333,690.1,537.666666666666,741.066666666666
30,583.866666666666,518.1,685.1,536.766666666666,735.133333333333
31,581.8,516.933333333333,682.033333333333,532.533333333333,730.5
32,578.066666666666,515.9,680.466666666666,530.833333333333,727.9
33,572.433333333333,513.866666666666,680,528,720.7
34,568.8,511.833333333333,679.366666666666,525.666666666666,717.033333333333
35,566.033333333333,511.1,677.2,522.833333333333,713.666666666666
36,564.333333333333,509.833333333333,676.166666666666,519.9,712.333333333333
37,563.566666666666,509.266666666666,675.6,518.666666666666,709.433333333333
38,561.133333333333,508.2,674.333333333333,516.066666666666,704.1
39,559.066666666666,507.933333333333,672.533333333333,513.166666666666,699.8
40,557.233333333333,507.433333333333,671.5,512.733333333333,696.7
41,555.366666666666,506.866666666666,667.5,512,694.9
42,554.233333333333,505.766666666666,665.7,510.833333333333,690.433333333333
43,552.7,505.3,664.7,510.233333333333,688.6
44,552.1,504.733333333333,664.133333333333,508.166666666666,681.933333333333
45,550.633333333333,504.433333333333,663.833333333333,505.666666666666,678
46,548.666666666666,503.966666666666,663.3,503.9,675.033333333333
47,548.2,503.433333333333,662.5,502.566666666666,670.4
48,546.966666666666,503.1,661.033333333333,501.466666666666,668.233333333333
49,545,502.266666666666,656.1,501.4,664.933333333333
50,542.966666666666,501.733333333333,654.733333333333,501.266666666666,660.833333333333
51,541.566666666666,501.6,654,500,655.9
52,540.766666666666,500.766666666666,652.5,498.066666666666,654.2
53,540.166666666666,500.233333333333,650.833333333333,497.166666666666,650.933333333333
54,539.433333333333,500.066666666666,649.1,496.266666666666,643.333333333333
55,536.766666666666,498.866666666666,647.866666666666,493,642.966666666666
56,536.166666666666,498.166666666666,647.2,491.466666666666,641.133333333333
57,534.266666666666,497.6,646.2,489.933333333333,638.266666666666
58,532.4,497.433333333333,645,488.866666666666,634.833333333333
59,529.8,497.333333333333,644.533333333333,487.133333333333,634
60,528.2,497.166666666666,642.2,486.966666666666,632.933333333333
61,527.866666666666,497,639.8,485.733333333333,625.866666666666
62,526.933333333333,496.766666666666,637.933333333333,484.666666666666,624.966666666666
63,525.866666666666,496.6,636.866666666666,482.566666666666,621
64,525.733333333333,495.9,635.8,480.666666666666,619.733333333333
65,524.7,495.433333333333,634.866666666666,479.666666666666,618.333333333333
66,522.433333333333,495.233333333333,634.066666666666,479.4,616.233333333333
67,522.1,494.866666666666,632.8,479.2,613.4
68,521.433333333333,494.833333333333,631.6,478.3,609.833333333333
69,519.133333333333,494.666666666666,629.1,477.6,607.6
70,519.033333333333,494.366666666666,628.266666666666,476.466666666666,604.866666666666
71,517.9,494,627.833333333333,475.9,602.233333333333
72,515.733333333333,493.766666666666,626.633333333333,475.066666666666,601.933333333333
73,515.4,493.633333333333,624.366666666666,474,598.633333333333
74,515,493.433333333333,624.2,471.733333333333,595.4
75,512.2,492.9,621.8,471,592.433333333333
76,511.366666666666,492.733333333333,621.1,470.066666666666,588.933333333333
77,510.7,492.2,620.8,469.633333333333,586.5
78,509.866666666666,491.966666666666,620.6,469.166666666666,586.166666666666
79,509.533333333333,491.5,620.233333333333,468.8,585.1
80,507.8,491.233333333333,619.333333333333,468.233333333333,583.333333333333
81,507.233333333333,491.3,619.166666666666,467.6,580.6
82,506.766666666666,491.066666666666,618,466.8,579.8
83,506.033333333333,490.7,617.733333333333,465.066666666666,577.966666666666
84,505.366666666666,490.566666666666,617.366666666666,464.7,577.4
85,504.766666666666,490.466666666666,616.833333333333,464.166666666666,575.9
86,503.8,490.366666666666,616.233333333333,464.166666666666,573.8
87,503.533333333333,490.3,615.533333333333,463.666666666666,573.5
88,502.866666666666,490.233333333333,614.733333333333,463.166666666666,570.633333333333
89,502.633333333333,490.233333333333,614.033333333333,462.7,568.233333333333
90,502.4,490.2,612.866666666666,462.366666666666,566.966666666666
91,501.6,490.066666666666,611.8,461.333333333333,565.9
92,501.433333333333,489.966666666666,611.666666666666,460.333333333333,565.033333333333
93,501.266666666666,489.966666666666,611.5,459.666666666666,563.733333333333
94,501.166666666666,489.9,611,459.1,562.066666666666
95,500.933333333333,489.833333333333,610,459,561.033333333333
96,500.1,489.5,610,458.1,559.333333333333
97,499.666666666666,489.066666666666,609.533333333333,457.366666666666,557.766666666666
98,499.5,488.966666666666,609.266666666666,456.433333333333,555.233333333333
99,499,488.933333333333,608.966666666666,455.966666666666,553.266666666666
100,498.666666666666,487.466666666666,608.966666666666,455.866666666666,552.066666666666
101,498.233333333333,487.433333333333,608.766666666666,455.666666666666,551.266666666666
102,497.733333333333,487.3,608.533333333333,455.666666666666,549.933333333333
103,497.466666666666,487.133333333333,608.466666666666,455.1,548.266666666666
104,497.433333333333,486.633333333333,607.466666666666,454.433333333333,547.566666666666
105,497.3,486.633333333333,607.433333333333,454.266666666666,547.066666666666
106,496.933333333333,486.433333333333,607.066666666666,454.066666666666,546.2
107,496.7,483.466666666666,606.3,453.6,546.033333333333
108,496.466666666666,483.3,603.966666666666,453.533333333333,545.3
109,496.066666666666,483.233333333333,602.766666666666,453.233333333333,542.766666666666
110,495.966666666666,483.2,602.033333333333,452.933333333333,542.033333333333
111,495.666666666666,482.666666666666,601.766666666666,452.533333333333,540.766666666666
112,495.533333333333,482.266666666666,601.533333333333,452.6,540
113,495.466666666666,482.2,601.5,451.633333333333,538.266666666666
114,495.2,482.166666666666,601.333333333333,450.733333333333,537.633333333333
115,495.2,481.866666666666,601.266666666666,450.433333333333,536.2
116,494.866666666666,481.5,600.366666666666,450.4,535.933333333333
117,494.466666666666,481.333333333333,600.2,450.233333333333,535.366666666666
118,494.266666666666,481.033333333333,599.766666666666,450.033333333333,534.4
119,494.166666666666,480.9,599.1,449.166666666666,532.133333333333
120,494.133333333333,480.833333333333,598.033333333333,448.666666666666,531.533333333333
121,493.533333333333,478.766666666666,597.166666666666,448.566666666666,530.9
122,493.3,478.766666666666,596.766666666666,448.1,529.066666666666
123,492.9,478.366666666666,596.633333333333,447.766666666666,528.066666666666
124,492.766666666666,478.066666666666,596.5,447.766666666666,526.933333333333
125,492.466666666666,477.866666666666,596.333333333333,446.633333333333,525.933333333333
126,492.2,477.7,596.233333333333,446.466666666666,525.366666666666
127,492.166666666666,477.666666666666,596.133333333333,446.166666666666,523.5
128,492.166666666666,477.633333333333,594.5,445.7,522.3
129,491.533333333333,477.566666666666,594.033333333333,445.4,521.866666666666
130,491.366666666666,477.333333333333,593.9,445.133333333333,521.766666666666
131,491.166666666666,477.1,593.3,444.933333333333,521.166666666666
132,491.133333333333,477,592.633333333333,444.9,521.033333333333
133,491.066666666666,476.633333333333,592.166666666666,444.933333333333,520.233333333333
134,491.066666666666,476.633333333333,591.833333333333,444.733333333333,520.133333333333
135,490.833333333333,476.233333333333,591.6,444.333333333333,519.566666666666
136,490.7,476.066666666666,591.466666666666,444,518.933333333333
137,490.566666666666,475.7,591.433333333333,443.366666666666,518.633333333333
138,490.4,475.633333333333,591.2,443,517.8
139,490.366666666666,475.6,590.033333333333,442.366666666666,517.233333333333
140,490.233333333333,475.566666666666,589.833333333333,442.366666666666,516.466666666666
141,489.833333333333,475.2,589.766666666666,442.3,516.233333333333
142,489.666666666666,475.2,588.9,442.233333333333,516.066666666666
143,489.466666666666,475.2,588.8,441.966666666666,515.866666666666
144,489.433333333333,473.8,588.6,441.8,515.766666666666
145,489,473.7,588.366666666666,441.533333333333,515.666666666666
146,488.866666666666,473.033333333333,588.266666666666,441.5,515
147,488.233333333333,472.233333333333,588,441.4,514.366666666666
148,487.966666666666,472.166666666666,587.933333333333,441.133333333333,514
149,487.966666666666,472.166666666666,587.766666666666,440.966666666666,513.8
150,487.8,471.133333333333,587.766666666666,440.7,513.8
151,487.8,470.866666666666,587.566666666666,440.433333333333,513.533333333333
152,487.666666666666,470.7,587.533333333333,440.133333333333,513.2
153,487.666666666666,469.4,587.466666666666,440.033333333333,512.466666666666
154,487.466666666666,468.966666666666,587.4,439.833333333333,511.566666666666
155,487.033333333333,468.933333333333,587.3,439.566666666666,511.566666666666
156,487,468.433333333333,587.266666666666,439.533333333333,511.266666666666
157,486.833333333333,468.133333333333,587.233333333333,439.4,511.233333333333
158,486.233333333333,467.633333333333,586.933333333333,439.133333333333,510.666666666666
159,486.133333333333,467.233333333333,586.866666666666,439.066666666666,510.533333333333
160,486.1,467,586.833333333333,438.733333333333,510
161,486.033333333333,466.933333333333,586.8,438.6,509.6
162,485.766666666666,466.333333333333,586.766666666666,438.333333333333,509.566666666666
163,485.666666666666,466.3,586.733333333333,438.066666666666,509.466666666666
164,485.633333333333,466.166666666666,586.633333333333,438.033333333333,509.233333333333
165,485.633333333333,465.933333333333,586.633333333333,437.566666666666,508.966666666666
166,485.3,465.833333333333,586.333333333333,437.533333333333,508.7
167,485.2,465.833333333333,585.866666666666,437.433333333333,508.6
168,485.066666666666,465.2,585.766666666666,437.333333333333,508.2
169,485.066666666666,465.133333333333,585.533333333333,437.2,508.066666666666
170,484.6,464.933333333333,585.533333333333,437.133333333333,507.733333333333
171,484.433333333333,464.8,585.5,436.533333333333,507.666666666666
172,484.433333333333,464.666666666666,585.4,436.466666666666,507.5
173,484.433333333333,464.466666666666,585.266666666666,436.466666666666,507.2
174,484.266666666666,464.466666666666,585.2,436.466666666666,506.566666666666
175,484.1,464.466666666666,585.2,436.1,506.133333333333
176,484,464.466666666666,585.066666666666,435.833333333333,505.866666666666
177,484,464.466666666666,584.966666666666,435.733333333333,505.6
178,483.966666666666,464.4,584.833333333333,435.533333333333,505.5
179,483.833333333333,464.3,584.8,435.366666666666,505.333333333333
180,483.5,464.233333333333,584.8,435.2,505.266666666666
181,483.5,464.166666666666,584.6,435.2,505.2
182,483.3,464.1,584.6,435.166666666666,504.733333333333
183,483.266666666666,464.066666666666,584.6,434.933333333333,504.333333333333
184,483.266666666666,463.966666666666,584.533333333333,434.9,503
185,483.266666666666,463.966666666666,584.533333333333,434.9,502.266666666666
186,483.133333333333,463.766666666666,584.533333333333,434.8,501.633333333333
187,482.966666666666,463.766666666666,584.4,434.7,501.5
188,482.766666666666,463.766666666666,584.4,434.5,501.433333333333
189,482.7,463.766666666666,584.2,434.333333333333,501.133333333333
190,482.666666666666,463.533333333333,584.166666666666,434.3,500.933333333333
191,482.666666666666,463.433333333333,583.966666666666,434,500.8
192,482.433333333333,463.266666666666,583.9,434,500.633333333333
193,482.333333333333,463.233333333333,583.833333333333,433.8,500.466666666666
194,482.233333333333,463.2,583.833333333333,433.766666666666,500.233333333333
195,482.2,463.2,582.8,433.766666666666,500.2
196,482.1,463.2,581.533333333333,433.733333333333,499.933333333333
197,482.1,463.2,581.033333333333,433.5,499.866666666666
198,482,463.2,580.766666666666,433.5,499.833333333333
199,481.966666666666,463.2,580.6,433.366666666666,499.733333333333
200,481.966666666666,463.133333333333,580.266666666666,433.333333333333,499.4
201,481.933333333333,463.133333333333,580.266666666666,433.233333333333,499.333333333333
202,481.866666666666,463.1,580.233333333333,433.2,499.3
203,481.866666666666,462.9,579.933333333333,432.9,499.1
204,481.866666666666,462.9,579.8,432.833333333333,499.1
205,481.766666666666,462.8,579.733333333333,432.633333333333,498.9
206,481.6,462.766666666666,579.7,432.6,498.633333333333
207,481.533333333333,462.6,579.7,432.533333333333,498.5
208,481.133333333333,462.5,579.7,432.533333333333,498.466666666666
209,481.133333333333,462.466666666666,579.7,432.266666666666,498.333333333333
210,481.066666666666,462.466666666666,579.7,432.2,498.3
211,481.066666666666,462.433333333333,579.7,432.166666666666,497.5
212,481.066666666666,462.333333333333,579.566666666666,432.1,497.466666666666
213,481.066666666666,462.233333333333,579.566666666666,431.866666666666,497.366666666666
214,480.733333333333,462.166666666666,579.5,431.833333333333,497.166666666666
215,480.666666666666,462.166666666666,579.466666666666,431.8,496.433333333333
216,480.633333333333,462.1,579.466666666666,431.666666666666,496.1
217,480.633333333333,462.033333333333,579.333333333333,431.366666666666,496.1
218,480.533333333333,461.933333333333,579.133333333333,430.966666666666,494.6
219,477.766666666666,461.866666666666,579.1,430.8,494.566666666666
220,477.233333333333,461.666666666666,579.1,430.6,494.566666666666
221,477.133333333333,461.633333333333,579.066666666666,430.533333333333,494.5
222,477.133333333333,461.533333333333,579.066666666666,430.5,494.2
223,477.033333333333,461.466666666666,579.033333333333,430.4,494
224,477.033333333333,461.233333333333,579.033333333333,430.366666666666,493.933333333333
225,477,461.2,579.033333333333,430.166666666666,493.7
226,477,461.066666666666,579.033333333333,430.166666666666,493.466666666666
227,476.733333333333,461.066666666666,579.033333333333,429.833333333333,493.2
228,476.7,461.066666666666,579.033333333333,429.833333333333,492.466666666666
229,476.7,460.966666666666,579,429.833333333333,492.4
230,476.666666666666,460.933333333333,578.933333333333,429.8,492.233333333333
231,476.633333333333,460.933333333333,578.933333333333,429.8,492.233333333333
232,476.633333333333,460.866666666666,578.933333333333,429.766666666666,492.1
233,476.566666666666,460.866666666666,578.866666666666,429.7,491.866666666666
234,476.566666666666,460.866666666666,578.866666666666,429.633333333333,491.566666666666
235,476.4,460.8,578.833333333333,429.633333333333,491.3
236,476.4,460.666666666666,578.733333333333,429.633333333333,491.066666666666
237,476.333333333333,460.666666666666,578.733333333333,429.633333333333,490.9
238,476.1,460.633333333333,578.733333333333,429.333333333333,490.5
239,476.1,460.6,578.733333333333,429.3,490.366666666666
240,476.1,460.5,578.733333333333,429.3,490.233333333333
241,476.066666666666,460.466666666666,578.633333333333,429.266666666666,490.133333333333
242,476.033333333333,460.433333333333,578.6,429.266666666666,489.633333333333
243,475.966666666666,460.3,578.6,429.233333333333,489.333333333333
244,475.966666666666,460.266666666666,578.566666666666,429.233333333333,489.233333333333
245,475.933333333333,460.266666666666,578.566666666666,429.133333333333,488.8
246,475.933333333333,460.233333333333,578.533333333333,429.133333333333,488.2
247,475.833333333333,460.2,578.533333333333,429.066666666666,488.166666666666
248,475.666666666666,460.2,578.433333333333,429.033333333333,487.966666666666
249,475.633333333333,460.1,578.4,429.033333333333,487.866666666666
250,475.633333333333,460.1,578.4,428.633333333333,487.766666666666
251,475.633333333333,460.033333333333,578.366666666666,428.533333333333,487.6
252,475.6,460,578.233333333333,428.433333333333,487.333333333333
253,475.6,459.833333333333,578.1,428.366666666666,487.033333333333
254,475.6,459.866666666666,578.1,428.2,487.033333333333
255,475.6,459.866666666666,578.066666666666,428.066666666666,486.966666666666
256,475.566666666666,459.866666666666,578.033333333333,428.066666666666,486.833333333333
257,475.466666666666,459.833333333333,578,427.933333333333,486.8
258,475.433333333333,459.633333333333,578,427.733333333333,486.766666666666
259,475.433333333333,459.633333333333,578,427.633333333333,486.733333333333
260,475.433333333333,459.533333333333,577.966666666666,427.633333333333,486.433333333333
261,475.433333333333,459.533333333333,577.866666666666,427.633333333333,486.133333333333
262,475.4,459.4,577.866666666666,427.533333333333,486.133333333333
263,475.4,459.366666666666,577.8,427.466666666666,486.1
264,475.4,459.266666666666,577.766666666666,426.833333333333,486.033333333333
265,475.2,459.233333333333,577.766666666666,426.8,486
266,475.2,459.2,577.766666666666,426.766666666666,485.366666666666
267,475.2,459.133333333333,577.733333333333,426.5,485.266666666666
268,475.133333333333,459.1,577.733333333333,426.366666666666,485.233333333333
269,475.066666666666,459.1,577.7,426.333333333333,485.1
270,475,459.1,577.7,426.3,485.1
271,475,459.1,577.666666666666,426.3,485
272,474.866666666666,459.066666666666,577.666666666666,426.266666666666,484.9
273,474.8,459.066666666666,577.633333333333,426.233333333333,484.833333333333
274,474.8,459.033333333333,577.633333333333,426.166666666666,484.833333333333
275,474.766666666666,459,577.6,425.933333333333,484.666666666666
276,474.766666666666,458.833333333333,577.6,425.766666666666,484.6
277,474.566666666666,458.833333333333,577.6,425.666666666666,484.5
278,474.5,458.833333333333,577.6,425.6,484.366666666666
279,474.5,458.733333333333,577.533333333333,425.5,484.333333333333
280,474.4,458.733333333333,577.5,425.433333333333,484.333333333333
281,474.366666666666,458.633333333333,577.5,425.4,484.233333333333
282,473.866666666666,458.633333333333,577.466666666666,425.333333333333,483.966666666666
283,473.833333333333,458.633333333333,577.4,425.266666666666,483.966666666666
284,473.833333333333,458.633333333333,577.366666666666,425.233333333333,483.8
285,473.833333333333,458.566666666666,577.366666666666,425.166666666666,483.666666666666
286,473.8,458.566666666666,577.366666666666,425.166666666666,483.666666666666
287,473.733333333333,458.566666666666,577.366666666666,425.166666666666,483.633333333333
288,473.733333333333,458.566666666666,577.3,425.166666666666,483.6
289,473.733333333333,458.566666666666,577.3,425.166666666666,483.433333333333
290,473.7,458.566666666666,577.133333333333,425.1,483.366666666666
291,473.566666666666,458.566666666666,576.966666666666,425.1,483.3
292,473.566666666666,457.9,576.9,425.1,483.3
293,473.533333333333,457.7,576.833333333333,424.9,483.266666666666
294,473.533333333333,457.566666666666,576.7,424.7,483.066666666666
295,473.533333333333,457.533333333333,576.533333333333,424.566666666666,482.8
296,473.533333333333,457.533333333333,576.5,424.566666666666,482.8
297,473.466666666666,457.533333333333,576.466666666666,424.533333333333,482.8
298,473.433333333333,457.4,576.433333333333,424.466666666666,482.5
299,473.433333333333,457.366666666666,576.4,424.4,482.266666666666
300,473.333333333333,457.3,576.333333333333,424.333333333333,482.233333333333
301,473.3,457.3,576.3,424.3,482.133333333333
302,473.3,457.266666666666,576.3,423.966666666666,482.033333333333
303,473.3,457.233333333333,576.3,423.933333333333,482.033333333333
304,473.3,457.233333333333,576.266666666666,423.933333333333,481.7
305,473.3,457.233333333333,576.266666666666,423.866666666666,481.7
306,473.3,457.166666666666,576.266666666666,423.8,481.566666666666
307,473.3,457.166666666666,576.266666666666,423.6,481.533333333333
308,473.233333333333,457.166666666666,576.266666666666,423.566666666666,481.533333333333
309,473.233333333333,457.166666666666,576.166666666666,423.533333333333,481.466666666666
310,473.233333333333,456.933333333333,576.133333333333,423.5,481.433333333333
311,473.2,456.866666666666,576.033333333333,423.466666666666,481.433333333333
312,473.2,456.833333333333,576.033333333333,423.4,481.066666666666
313,473.2,456.833333333333,576.033333333333,423.333333333333,481.066666666666
314,473.2,456.833333333333,576.033333333333,423.333333333333,481.066666666666
315,473.133333333333,456.833333333333,575.966666666666,423.266666666666,481.066666666666
316,473.066666666666,456.766666666666,575.966666666666,423.266666666666,481.066666666666
317,472.9,456.766666666666,575.966666666666,423.266666666666,481.033333333333
318,472.9,456.666666666666,575.933333333333,423.2,480.866666666666
319,472.9,456.666666666666,575.866666666666,423.2,480.766666666666
320,472.9,456.666666666666,575.766666666666,423.2,480.733333333333
321,472.9,456.666666666666,575.733333333333,423.2,480.466666666666
322,472.9,456.666666666666,575.733333333333,423.133333333333,480.366666666666
323,472.9,456.666666666666,575.666666666666,423.033333333333,480.333333333333
324,472.9,456.2,575.666666666666,423,480.233333333333
325,472.9,456.133333333333,575.666666666666,422.966666666666,480.233333333333
326,472.666666666666,456.066666666666,575.633333333333,422.933333333333,480.233333333333
327,472.666666666666,456.066666666666,575.5,422.9,480.1
328,472.666666666666,456.033333333333,575.5,422.866666666666,479.866666666666
329,472.566666666666,456.033333333333,575.466666666666,422.866666666666,479.866666666666
330,472.533333333333,456.033333333333,575.466666666666,422.866666666666,479.866666666666
331,472.533333333333,456,575.466666666666,422.866666666666,479.833333333333
332,472.533333333333,455.9,575.433333333333,422.7,479.833333333333
333,472.4,455.866666666666,575.433333333333,422.7,479.833333333333
334,472.333333333333,455.833333333333,575.366666666666,422.633333333333,479.766666666666
335,472.333333333333,455.8,575.3,422.6,479.766666666666
336,472.333333333333,455.733333333333,575.3,422.6,479.766666666666
337,472.266666666666,455.566666666666,575.3,422.6,479.766666666666
338,472.233333333333,455.466666666666,575.3,422.566666666666,479.7
339,472.233333333333,455.433333333333,575.3,422.566666666666,479.333333333333
340,472.233333333333,455.433333333333,575.266666666666,422.566666666666,479.333333333333
341,472.233333333333,455.4,575.233333333333,422.5,479.066666666666
342,472.133333333333,455.333333333333,575.2,422.466666666666,479.066666666666
343,472.133333333333,455.333333333333,575.166666666666,422.4,479.033333333333
344,472.133333333333,455.233333333333,575.166666666666,422.366666666666,479.033333333333
345,472.133333333333,455.2,575.166666666666,422.333333333333,479
346,472.133333333333,455.2,575.166666666666,422.266666666666,478.966666666666
347,472.066666666666,455.2,575.133333333333,422.266666666666,478.933333333333
348,472,455.2,575,422.2,478.933333333333
349,471.966666666666,455.2,574.933333333333,422.166666666666,478.866666666666
350,471.966666666666,455.2,574.933333333333,422.133333333333,478.833333333333
351,471.966666666666,455.2,574.866666666666,422.133333333333,478.8
352,471.666666666666,455.066666666666,574.833333333333,422.133333333333,478.766666666666
353,471.4,455.066666666666,574.8,422.133333333333,478.733333333333
354,471.366666666666,455.066666666666,574.8,422.1,478.666666666666
355,471.333333333333,455.066666666666,574.533333333333,422.066666666666,478.666666666666
356,471.333333333333,455.066666666666,574.5,422.066666666666,478.633333333333
357,471.3,455,574.4,422.066666666666,478.6
358,471.3,455,574.3,422,478.566666666666
359,471.133333333333,455,574.266666666666,422,478.533333333333
360,471.133333333333,455,574.233333333333,422,478.533333333333
361,471.133333333333,454.966666666666,574.2,421.866666666666,478.433333333333
362,471.133333333333,454.966666666666,574.2,421.866666666666,478.433333333333
363,471.133333333333,454.966666666666,574.2,421.866666666666,478.4
364,471.133333333333,454.866666666666,574.2,421.833333333333,478.4
365,471.133333333333,454.833333333333,574.2,421.833333333333,478.3
366,471.133333333333,454.833333333333,574.166666666666,421.8,478.266666666666
367,470.933333333333,454.8,574.1,421.633333333333,478.166666666666
368,470.933333333333,454.733333333333,574.1,421.633333333333,477.933333333333
369,470.933333333333,454.666666666666,574.1,421.533333333333,477.866666666666
370,470.933333333333,454.666666666666,574.1,421.533333333333,477.866666666666
371,470.8,454.666666666666,574.1,421.533333333333,477.833333333333
372,470.8,454.666666666666,574.033333333333,421.5,477.833333333333
373,470.8,454.666666666666,574,421.466666666666,477.8
374,470.8,454.6,574,421.433333333333,477.8
375,470.766666666666,454.6,574,421.433333333333,477.2
376,470.766666666666,454.6,573.866666666666,421.433333333333,477.133333333333
377,470.766666666666,454.566666666666,573.833333333333,421.433333333333,477.133333333333
378,470.766666666666,454.566666666666,573.8,421.433333333333,477.1
379,470.666666666666,454.5,573.8,421.433333333333,477.033333333333
380,470.666666666666,454.5,573.8,421.366666666666,477.033333333333
381,470.666666666666,454.433333333333,573.733333333333,421.366666666666,476.933333333333
382,470.633333333333,454.433333333333,573.733333333333,421.2,476.9
383,470.6,454.433333333333,573.666666666666,421.2,476.833333333333
384,470.6,454.4,573.633333333333,421.2,476.8
385,470.433333333333,454.4,573.633333333333,421.166666666666,476.733333333333
386,470.4,454.4,573.6,421.133333333333,476.733333333333
387,470.4,454.366666666666,573.6,421.133333333333,476.733333333333
388,470.4,454.366666666666,573.6,421.066666666666,476.7
389,470.4,454.366666666666,573.6,421,476.7
390,470.233333333333,454.333333333333,573.6,421,476.7
391,470.233333333333,454.333333333333,573.566666666666,420.966666666666,476.7
392,470.233333333333,454.3,573.566666666666,420.966666666666,476.6
393,470.133333333333,454.3,573.566666666666,420.9,476.533333333333
394,470.133333333333,454.3,573.566666666666,420.9,476.4
395,470.133333333333,454.3,573.566666666666,420.9,476.333333333333
396,470.133333333333,454.3,573.566666666666,420.9,476.3
397,470.1,454.233333333333,573.566666666666,420.9,476.266666666666
398,470,454.233333333333,573.566666666666,420.866666666666,476.266666666666
399,470,454.233333333333,573.566666666666,420.833333333333,476.1
400,470,454.233333333333,573.533333333333,420.8,475.866666666666
401,470,454.2,573.533333333333,420.8,475.866666666666
402,470,454.166666666666,573.466666666666,420.8,475.766666666666
403,469.966666666666,454.166666666666,573.333333333333,420.7,475.766666666666
404,469.9,454.133333333333,573.3,420.7,475.766666666666
405,469.9,454.1,573.233333333333,420.7,475.766666666666
406,469.9,454.1,573.233333333333,420.7,475.633333333333
407,469.866666666666,454.1,573.233333333333,420.666666666666,475.566666666666
408,469.866666666666,454.1,573.233333333333,420.6,475.533333333333
409,469.866666666666,454.1,573.233333333333,420.6,475.533333333333
410,469.866666666666,454.1,573.233333333333,420.5,475.5
411,469.866666666666,454.066666666666,573.233333333333,420.5,475.5
412,469.866666666666,454.066666666666,573.2,420.5,475.5
413,469.866666666666,454.066666666666,573.2,420.5,475.466666666666
414,469.866666666666,454,573.2,420.5,475.433333333333
415,469.866666666666,454,573.066666666666,420.5,475.433333333333
416,469.866666666666,453.933333333333,573.066666666666,420.466666666666,475.433333333333
417,469.866666666666,453.933333333333,573.033333333333,420.466666666666,475.366666666666
418,469.866666666666,453.933333333333,573.033333333333,420.433333333333,475.333333333333
419,469.866666666666,453.933333333333,573.033333333333,420.4,475.333333333333
420,469.866666666666,453.933333333333,573.033333333333,420.4,475.266666666666
421,469.666666666666,453.933333333333,573,420.3,475.233333333333
422,469.666666666666,453.933333333333,572.966666666666,420.3,475.2
423,469.633333333333,453.933333333333,572.866666666666,420.3,475.166666666666
424,469.6,453.933333333333,572.866666666666,420.3,475.166666666666
425,469.6,453.9,572.866666666666,420.266666666666,475.066666666666
426,469.6,453.866666666666,572.866666666666,420.266666666666,475.033333333333
427,469.6,453.866666666666,572.866666666666,420.2,475.033333333333
428,469.6,453.866666666666,572.833333333333,420.1,475.033333333333
429,469.6,453.833333333333,572.8,420.1,475
430,469.6,453.833333333333,572.8,420.1,474.966666666666
431,469.6,453.833333333333,572.766666666666,420.1,474.866666666666
432,469.6,453.8,572.766666666666,420.1,474.8
433,469.6,453.8,572.633333333333,420.1,474.766666666666
434,469.6,453.8,572.633333333333,420.066666666666,474.766666666666
435,469.6,453.8,572.633333333333,420,474.766666666666
436,469.6,453.7,572.633333333333,420,474.766666666666
437,469.533333333333,453.6,572.633333333333,419.966666666666,474.766666666666
438,469.5,453.6,572.633333333333,419.966666666666,474.733333333333
439,469.5,453.6,572.6,419.966666666666,474.666666666666
440,469.5,453.5,572.6,419.9,474.666666666666
441,469.466666666666,453.5,572.566666666666,419.9,474.666666666666
442,469.433333333333,453.466666666666,572.566666666666,419.9,474.633333333333
443,469.433333333333,453.466666666666,572.566666666666,419.866666666666,474.6
444,469.433333333333,453.466666666666,572.566666666666,419.866666666666,474.6
445,469.433333333333,453.466666666666,572.466666666666,419.833333333333,474.566666666666
446,469.433333333333,453.466666666666,572.466666666666,419.733333333333,474.566666666666
447,469.433333333333,453.433333333333,572.466666666666,419.733333333333,474.433333333333
448,469.433333333333,453.433333333333,572.466666666666,419.733333333333,474.4
449,469.4,453.433333333333,572.466666666666,419.733333333333,474.4
450,469.4,453.433333333333,572.433333333333,419.733333333333,474.4
451,469.4,453.433333333333,572.433333333333,419.733333333333,474.4
452,469.4,453.433333333333,572.433333333333,419.633333333333,474.4
453,469.4,453.433333333333,572.433333333333,419.6,474.4
454,469.4,453.433333333333,572.433333333333,419.6,474.4
455,469.4,453.433333333333,572.4,419.566666666666,474.4
456,469.4,453.4,572.4,419.533333333333,474.4
457,469.4,453.4,572.4,419.5,474.333333333333
458,469.366666666666,453.366666666666,572.4,419.5,474.333333333333
459,469.366666666666,453.366666666666,572.4,419.433333333333,474.3
460,469.366666666666,453.366666666666,572.4,419.433333333333,474.3
461,469.366666666666,453.366666666666,572.4,419.4,474.3
462,469.333333333333,453.333333333333,572.4,419.4,474.266666666666
463,469.333333333333,453.333333333333,572.4,419.333333333333,474.266666666666
464,469.333333333333,453.333333333333,572.4,419.333333333333,474.266666666666
465,469.333333333333,453.333333333333,572.4,419.233333333333,474.233333333333
466,469.333333333333,453.333333333333,572.4,419.233333333333,474.233333333333
467,469.3,453.333333333333,572.4,419.233333333333,474.233333333333
468,469.3,453.333333333333,572.4,419.233333333333,474.2
469,469.266666666666,453.333333333333,572.4,419.233333333333,474.1
470,469.266666666666,453.333333333333,572.4,419.233333333333,474.1
471,469.133333333333,453.333333333333,572.333333333333,419.233333333333,474.066666666666
472,469.133333333333,453.3,572.333333333333,419.233333333333,474.033333333333
473,469.133333333333,453.3,572.3,419.2,473.966666666666
474,469.133333333333,453.3,572.3,419.2,473.933333333333
475,468.866666666666,453.3,572.3,419.2,473.833333333333
476,468.866666666666,453.3,572.3,419.2,473.833333333333
477,468.866666666666,453.3,572.2,419.133333333333,473.833333333333
478,468.8,453.3,572.2,419.133333333333,473.733333333333
479,468.8,453.266666666666,572.2,419.133333333333,473.666666666666
480,468.8,453.233333333333,572.166666666666,419.133333333333,473.666666666666
481,468.8,453.233333333333,572.166666666666,419.066666666666,473.666666666666
482,468.8,453.233333333333,572.133333333333,419.033333333333,473.666666666666
483,468.8,453.233333333333,572.133333333333,419,473.666666666666
484,468.8,453.233333333333,572.133333333333,419,473.466666666666
485,468.8,453.233333333333,572.133333333333,419,473.266666666666
486,468.8,453.233333333333,572.133333333333,419,473.233333333333
487,468.8,453.233333333333,572.1,419,473.233333333333
488,468.8,453.233333333333,572.1,418.966666666666,473.233333333333
489,468.8,453.133333333333,572.1,418.966666666666,473.233333333333
490,468.8,453.1,572.1,418.966666666666,473.166666666666
491,468.8,453.1,572.1,418.966666666666,473.166666666666
492,468.8,453.1,572.1,418.933333333333,473.066666666666
493,468.8,453.1,572.1,418.9,473.066666666666
494,468.8,453.1,572.1,418.9,473.066666666666
495,468.8,453.066666666666,572.1,418.9,473.033333333333
496,468.8,453.066666666666,572.1,418.9,473.033333333333
497,468.8,453.066666666666,572.1,418.9,473.033333333333
498,468.766666666666,453.066666666666,572.1,418.9,473
499,468.766666666666,452.966666666666,572.033333333333,418.9,472.933333333333
500,468.766666666666,452.933333333333,572.033333333333,418.9,472.933333333333
501,468.766666666666,452.9,572.033333333333,418.9,472.833333333333
502,468.733333333333,452.9,572.033333333333,418.9,472.833333333333
503,468.733333333333,452.866666666666,572.033333333333,418.833333333333,472.733333333333
504,468.733333333333,452.866666666666,571.766666666666,418.733333333333,472.733333333333
505,468.733333333333,452.833333333333,571.766666666666,418.733333333333,472.7
506,468.666666666666,452.8,571.533333333333,418.733333333333,472.7
507,468.666666666666,452.8,571.5,418.733333333333,472.6
508,468.666666666666,452.8,571.5,418.6,472.566666666666
509,468.666666666666,452.8,571.5,418.6,472.566666666666
510,468.666666666666,452.766666666666,571.466666666666,418.6,472.5
511,468.666666666666,452.766666666666,571.466666666666,418.533333333333,472.5
512,468.666666666666,452.7,571.466666666666,418.533333333333,472.4
513,468.633333333333,452.7,571.333333333333,418.533333333333,472.4
514,468.633333333333,452.7,571.333333333333,418.5,472.166666666666
515,468.633333333333,452.666666666666,571.333333333333,418.5,472.166666666666
516,468.533333333333,452.666666666666,571.1,418.433333333333,472.1
517,468.5,452.666666666666,571.1,418.366666666666,472.1
518,468.5,452.666666666666,570.7,418.366666666666,471.966666666666
519,468.5,452.666666666666,570.066666666666,418.366666666666,471.933333333333
520,468.466666666666,452.633333333333,569.066666666666,418.366666666666,471.933333333333
521,468.466666666666,452.633333333333,569.033333333333,418.366666666666,471.933333333333
522,468.466666666666,452.633333333333,568.766666666666,418.366666666666,471.866666666666
523,468.433333333333,452.566666666666,568.733333333333,418.366666666666,471.866666666666
524,468.433333333333,452.5,568.733333333333,418.333333333333,471.833333333333
525,468.4,452.466666666666,568.666666666666,418.333333333333,471.833333333333
526,468.4,452.466666666666,568.333333333333,418.333333333333,471.833333333333
527,468.4,452.466666666666,568.3,418.3,471.8
528,468.4,452.466666666666,568.266666666666,418.3,471.8
529,468.4,452.466666666666,568.233333333333,418.3,471.766666666666
530,468.4,452.466666666666,568.233333333333,418.3,471.766666666666
531,468.4,452.466666666666,568.2,418.3,471.766666666666
532,468.4,452.433333333333,568.2,418.3,471.766666666666
533,468.4,452.433333333333,568.2,418.3,471.4
534,468.4,452.433333333333,568.2,418.3,471.366666666666
535,468.4,452.433333333333,568.166666666666,418.3,471.366666666666
536,468.4,452.433333333333,568.1,418.3,471.166666666666
537,468.4,452.433333333333,568.1,418.266666666666,471.166666666666
538,468.366666666666,452.4,568.1,418.266666666666,471.166666666666
539,468.366666666666,452.4,568.1,418.266666666666,471.133333333333
540,468.366666666666,452.4,568.033333333333,418.266666666666,471.133333333333
541,468.366666666666,452.4,568.033333333333,418.2,471.133333333333
542,468.366666666666,452.4,568.033333333333,418.2,471.133333333333
543,468.366666666666,452.4,568.033333333333,418.166666666666,471.1
544,468.366666666666,452.4,567.966666666666,418.166666666666,470.9
545,468.366666666666,452.4,567.933333333333,418.166666666666,470.866666666666
546,468.366666666666,452.4,567.9,418.166666666666,470.866666666666
547,468.366666666666,452.4,567.866666666666,418.166666666666,470.866666666666
548,468.366666666666,452.366666666666,567.866666666666,418.166666666666,470.7
549,468.366666666666,452.366666666666,567.833333333333,418.133333333333,470.7
550,468.3,452.366666666666,567.733333333333,418.133333333333,470.7
551,468.3,452.366666666666,567.7,418.133333333333,470.7
552,468.3,452.366666666666,567.666666666666,418.133333333333,470.7
553,468.166666666666,452.366666666666,567.666666666666,418.133333333333,470.666666666666
554,468.166666666666,452.333333333333,567.633333333333,418.133333333333,470.6
555,468.133333333333,452.333333333333,567.566666666666,418.066666666666,470.6
556,468.133333333333,452.333333333333,567.566666666666,418.066666666666,470.533333333333
557,468.133333333333,452.333333333333,567.566666666666,418.066666666666,470.466666666666
558,468.133333333333,452.333333333333,567.533333333333,418.066666666666,470.466666666666
559,468.133333333333,452.333333333333,567.533333333333,418.066666666666,470.433333333333
560,468.133333333333,452.333333333333,567.533333333333,418.066666666666,470.433333333333
561,468.133333333333,452.333333333333,567.533333333333,418.033333333333,470.4
562,468.133333333333,452.3,567.533333333333,418.033333333333,470.4
563,468.133333333333,452.3,567.5,418.033333333333,470.366666666666
564,468.133333333333,452.266666666666,567.5,418.033333333333,470.333333333333
565,468.133333333333,452.266666666666,567.5,418.033333333333,470.333333333333
566,468.1,452.266666666666,567.5,418.033333333333,470.333333333333
567,468.1,452.266666666666,567.466666666666,418.033333333333,470.333333333333
568,468.033333333333,452.266666666666,567.466666666666,418.033333333333,470.333333333333
569,468,452.266666666666,567.366666666666,418.033333333333,470.2
570,468,452.266666666666,567.366666666666,418.033333333333,470.2
571,468,452.266666666666,567.366666666666,418,470.2
572,468,452.266666666666,567.366666666666,418,470.2
573,468,452.266666666666,567.366666666666,418,470.2
574,467.966666666666,452.266666666666,567.366666666666,418,470.2
575,467.966666666666,452.266666666666,567.366666666666,417.933333333333,470.2
576,467.966666666666,452.266666666666,567.366666666666,417.933333333333,470.066666666666
577,467.966666666666,452.266666666666,567.366666666666,417.9,470.033333333333
578,467.966666666666,452.266666666666,567.333333333333,417.9,470.033333333333
579,467.966666666666,452.266666666666,567.3,417.9,470.033333333333
580,467.966666666666,452.266666666666,567.233333333333,417.9,470.033333333333
581,467.966666666666,452.266666666666,567.233333333333,417.866666666666,469.966666666666
582,467.933333333333,452.233333333333,567.233333333333,417.866666666666,469.966666666666
583,467.933333333333,452.233333333333,567.233333333333,417.833333333333,469.966666666666
584,467.933333333333,452.2,567.233333333333,417.833333333333,469.966666666666
585,467.933333333333,452.2,567.2,417.8,469.966666666666
586,467.933333333333,452.2,567.2,417.8,469.966666666666
587,467.933333333333,452.2,567.2,417.8,469.966666666666
588,467.833333333333,452.2,567.2,417.766666666666,469.966666666666
589,467.833333333333,452.2,567.166666666666,417.766666666666,469.866666666666
590,467.833333333333,452.2,567,417.766666666666,469.766666666666
591,467.833333333333,452.166666666666,566.833333333333,417.766666666666,469.766666666666
592,467.833333333333,452.166666666666,566.833333333333,417.733333333333,469.766666666666
593,467.8,451.933333333333,566.833333333333,417.666666666666,469.766666666666
594,467.8,451.933333333333,566.833333333333,417.6,469.766666666666
595,467.8,451.933333333333,566.833333333333,417.6,469.766666666666
596,467.733333333333,451.166666666666,566.833333333333,417.566666666666,469.733333333333
597,467.733333333333,451.133333333333,566.8,417.566666666666,469.733333333333
598,467.733333333333,450.366666666666,566.8,417.566666666666,469.666666666666
599,467.733333333333,450.366666666666,566.8,417.566666666666,469.666666666666
600,467.733333333333,450.433333333333,566.766666666666,417.533333333333,469.633333333333
601,467.733333333333,450.266666666666,566.766666666666,417.5,469.566666666666
602,467.733333333333,450.266666666666,566.766666666666,417.466666666666,469.466666666666
603,467.7,450.2,566.766666666666,417.466666666666,469.433333333333
604,467.666666666666,450.066666666666,566.733333333333,417.433333333333,469.4
605,467.666666666666,450.066666666666,566.733333333333,417.433333333333,469.166666666666
606,467.633333333333,449.866666666666,566.733333333333,417.433333333333,469.166666666666
607,467.633333333333,449.833333333333,566.733333333333,417.433333333333,469.066666666666
608,467.633333333333,449.733333333333,566.733333333333,417.4,469.066666666666
609,467.6,449.733333333333,566.733333333333,417.4,469.066666666666
610,467.6,449.666666666666,566.733333333333,417.4,468.933333333333
611,467.6,449.633333333333,566.733333333333,417.366666666666,468.933333333333
612,467.6,449.633333333333,566.733333333333,417.366666666666,468.933333333333
613,467.6,449.633333333333,566.733333333333,417.366666666666,468.933333333333
614,467.6,449.6,566.733333333333,417.366666666666,468.933333333333
615,467.6,449.6,566.733333333333,417.366666666666,468.933333333333
616,467.6,449.6,566.7,417.333333333333,468.933333333333
617,467.6,449.566666666666,566.633333333333,417.333333333333,468.933333333333
618,467.6,449.5,565.366666666666,417.333333333333,468.8
619,467.566666666666,449.5,565.366666666666,417.333333333333,468.8
620,467.566666666666,449.5,565.366666666666,417.333333333333,468.766666666666
621,467.566666666666,449.433333333333,564.966666666666,417.333333333333,468.766666666666
622,467.566666666666,449.366666666666,564.966666666666,417.333333333333,468.733333333333
623,467.566666666666,449.333333333333,564.8,417.333333333333,468.633333333333
624,467.533333333333,449.333333333333,564.766666666666,417.333333333333,468.633333333333
625,467.533333333333,449.333333333333,564.766666666666,417.333333333333,468.566666666666
626,467.533333333333,449.333333333333,564.766666666666,417.333333333333,468.566666666666
627,467.533333333333,449.333333333333,564.766666666666,417.333333333333,468.566666666666
628,467.533333333333,449.333333333333,564.733333333333,417.333333333333,468.566666666666
629,467.533333333333,449.3,564.7,417.333333333333,468.566666666666
630,467.533333333333,449.3,564.633333333333,417.333333333333,468.566666666666
631,467.533333333333,449.2,564.633333333333,417.333333333333,468.533333333333
632,467.533333333333,449.2,564.6,417.333333333333,468.533333333333
633,467.533333333333,449.2,564.6,417.333333333333,468.333333333333
634,467.533333333333,449.2,564.6,417.333333333333,468.333333333333
635,467.5,449.166666666666,564.6,417.333333333333,468.333333333333
636,467.5,449.166666666666,564.566666666666,417.3,468.333333333333
637,467.5,449.133333333333,564.566666666666,417.3,468.333333333333
638,467.5,449.133333333333,564.566666666666,417.3,468.333333333333
639,467.466666666666,449.133333333333,564.466666666666,417.266666666666,468.266666666666
640,467.466666666666,449.133333333333,564.4,417.233333333333,468.166666666666
641,467.466666666666,449.1,564.4,417.233333333333,468.166666666666
642,467.466666666666,449.1,564.4,417.233333333333,468.166666666666
643,467.466666666666,449.033333333333,564.366666666666,417.233333333333,468.133333333333
644,467.466666666666,449,564.366666666666,417.233333333333,468.133333333333
645,467.366666666666,449,564.366666666666,417.233333333333,468.133333333333
646,467.333333333333,448.933333333333,564.366666666666,417.233333333333,468.133333333333
647,467.333333333333,448.933333333333,564.366666666666,417.233333333333,467.966666666666
648,467.333333333333,448.9,564.366666666666,417.166666666666,467.9
649,467.333333333333,448.866666666666,564.333333333333,417.166666666666,467.9
650,467.333333333333,448.866666666666,564.333333333333,417.166666666666,467.866666666666
651,467.2,448.866666666666,564.3,417.166666666666,467.866666666666
652,467.2,448.733333333333,564.3,417.166666666666,467.833333333333
653,467.2,448.666666666666,564.3,417.166666666666,467.8
654,467.2,448.666666666666,564.266666666666,417.166666666666,467.8
655,467.2,448.666666666666,564.233333333333,417.166666666666,467.8
656,467.166666666666,448.6,564.233333333333,417.133333333333,467.733333333333
657,467.166666666666,448.6,564.233333333333,417.1,467.733333333333
658,467.066666666666,448.566666666666,564.2,417.1,467.7
659,467.066666666666,448.533333333333,564.2,417.1,467.7
660,467.066666666666,448.3,564.166666666666,417.1,467.7
661,467.066666666666,448.233333333333,564.166666666666,417.066666666666,467.633333333333
662,467.066666666666,448.166666666666,564.033333333333,417.033333333333,467.533333333333
663,467.066666666666,448.166666666666,564.033333333333,417.033333333333,467.5
664,467.066666666666,448.133333333333,564.033333333333,417.033333333333,467.5
665,467.066666666666,448.133333333333,564.033333333333,417.033333333333,467.5
666,467.066666666666,448.066666666666,564.033333333333,417.033333333333,467.466666666666
667,467.066666666666,448.066666666666,563.966666666666,417.033333333333,467.466666666666
668,467.066666666666,448.033333333333,563.933333333333,416.966666666666,467.433333333333
669,467.066666666666,448.033333333333,563.9,416.933333333333,467.433333333333
670,467.066666666666,447.933333333333,563.9,416.9,467.433333333333
671,467.066666666666,447.766666666666,563.9,416.9,467.433333333333
672,467.066666666666,447.733333333333,563.9,416.9,467.433333333333
673,467.066666666666,447.733333333333,563.9,416.9,467.4
674,467.066666666666,447.733333333333,563.9,416.9,467.333333333333
675,467.066666666666,447.733333333333,563.866666666666,416.9,467.333333333333
676,467,447.733333333333,563.866666666666,416.9,467.333333333333
677,467,447.733333333333,563.833333333333,416.9,467.333333333333
678,466.966666666666,447.733333333333,563.833333333333,416.9,467.266666666666
679,466.9,447.733333333333,563.833333333333,416.9,467.266666666666
680,466.9,447.733333333333,563.833333333333,416.9,467.266666666666
681,466.8,447.733333333333,563.833333333333,416.9,467.233333333333
682,466.8,447.733333333333,563.666666666666,416.9,467.233333333333
683,466.733333333333,447.7,563.666666666666,416.9,467.233333333333
684,466.733333333333,447.666666666666,563.433333333333,416.8,467.2
685,466.733333333333,447.666666666666,563.166666666666,416.8,467.2
686,466.733333333333,447.666666666666,563.166666666666,416.733333333333,467.2
687,466.733333333333,447.666666666666,562.733333333333,416.733333333333,467.2
688,466.733333333333,447.6,562.733333333333,416.7,467.2
689,466.733333333333,447.6,562.733333333333,416.7,467.2
690,466.733333333333,447.6,562.733333333333,416.633333333333,467.2
691,466.733333333333,447.6,562.733333333333,416.633333333333,467.1
692,466.733333333333,447.566666666666,562.7,416.566666666666,467.1
693,466.733333333333,447.566666666666,562.633333333333,416.566666666666,467.1
694,466.733333333333,447.533333333333,562.633333333333,416.566666666666,467.066666666666
695,466.733333333333,447.5,562.3,416.566666666666,467.066666666666
696,466.7,447.5,562.3,416.566666666666,467.066666666666
697,466.666666666666,447.5,562.3,416.566666666666,467.066666666666
698,466.666666666666,447.466666666666,562.3,416.533333333333,467.066666666666
699,466.666666666666,447.466666666666,562.233333333333,416.533333333333,467.033333333333
700,466.666666666666,447.366666666666,562.166666666666,416.533333333333,466.866666666666
701,466.666666666666,447.366666666666,562.166666666666,416.533333333333,466.866666666666
702,466.666666666666,447.366666666666,562.166666666666,416.533333333333,466.833333333333
703,466.666666666666,447.366666666666,562.166666666666,416.5,466.833333333333
704,466.633333333333,447.366666666666,562.1,416.466666666666,466.833333333333
705,466.633333333333,447.366666666666,562.1,416.4,466.833333333333
706,466.566666666666,447.366666666666,562.066666666666,416.4,466.766666666666
707,466.566666666666,447.333333333333,562.033333333333,416.4,466.766666666666
708,466.566666666666,447.266666666666,561.766666666666,416.4,466.733333333333
709,466.566666666666,447.233333333333,561.766666666666,416.4,466.733333333333
710,466.566666666666,447.233333333333,561.766666666666,416.4,466.733333333333
711,466.566666666666,447.233333333333,561.766666666666,416.4,466.7
712,466.566666666666,447.233333333333,561.766666666666,416.4,466.666666666666
713,466.566666666666,447.233333333333,561.733333333333,416.4,466.633333333333
714,466.566666666666,447.233333333333,561.7,416.333333333333,466.633333333333
715,466.566666666666,447.233333333333,561.7,416.333333333333,466.633333333333
716,466.533333333333,447.233333333333,561.7,416.333333333333,466.633333333333
717,466.533333333333,447.233333333333,559.9,416.233333333333,466.633333333333
718,466.533333333333,447.2,559.666666666666,416.233333333333,466.633333333333
719,466.533333333333,447.2,559.666666666666,416.233333333333,466.566666666666
720,466.533333333333,447.2,559.4,416.233333333333,466.566666666666
721,466.533333333333,447.2,558.3,416.233333333333,466.5
722,466.5,447.133333333333,558.3,416.233333333333,466.5
723,466.5,447.1,558.3,416.233333333333,466.5
724,466.5,447.1,558.3,416.233333333333,466.5
725,466.466666666666,447.1,558.1,416.233333333333,466.5
726,466.433333333333,447.1,558.1,416.233333333333,466.5
727,466.433333333333,447.1,557.533333333333,416.2,466.5
728,466.433333333333,447,557.533333333333,416.2,466.466666666666
729,466.433333333333,447,557.5,416.2,466.466666666666
730,466.433333333333,447,557.5,416.2,466.466666666666
731,466.433333333333,446.966666666666,557.5,416.166666666666,466.433333333333
732,466.4,446.966666666666,557.4,416.133333333333,466.3
733,466.4,446.933333333333,557.4,416.033333333333,466.3
734,466.4,446.933333333333,557.266666666666,416.033333333333,466.3
735,466.4,446.933333333333,557.266666666666,416.033333333333,466.3
736,466.4,446.9,557.266666666666,416.033333333333,466.2
737,466.366666666666,446.9,557.233333333333,416.033333333333,466.2
738,466.366666666666,446.9,557.066666666666,416.033333333333,466.2
739,466.366666666666,446.866666666666,557.033333333333,416.033333333333,466.2
740,466.333333333333,446.866666666666,557.033333333333,416.033333333333,466.2
741,466.333333333333,446.766666666666,557.033333333333,416.033333333333,466.2
742,466.333333333333,446.766666666666,557.033333333333,416.033333333333,466.166666666666
743,466.333333333333,446.766666666666,557.033333333333,416.033333333333,466.166666666666
744,466.333333333333,446.766666666666,557.033333333333,416,466.166666666666
745,466.333333333333,446.766666666666,557,416,466.133333333333
746,466.333333333333,446.766666666666,557,416,466.133333333333
747,466.3,446.766666666666,556.933333333333,416,466.133333333333
748,466.3,446.766666666666,556.933333333333,416,466.1
749,466.3,446.766666666666,556.933333333333,416,466.1
750,466.3,446.766666666666,556.933333333333,415.966666666666,466.1
751,466.266666666666,446.766666666666,556.933333333333,415.966666666666,466.066666666666
752,466.266666666666,446.7,556.866666666666,415.966666666666,466.066666666666
753,466.266666666666,446.7,556.866666666666,415.933333333333,466.066666666666
754,466.266666666666,446.7,556.866666666666,415.933333333333,466.066666666666
755,466.233333333333,446.7,556.866666666666,415.933333333333,466
756,466.233333333333,446.7,556.866666666666,415.9,466
757,466.233333333333,446.6,556.833333333333,415.9,466
758,466.233333333333,446.6,556.833333333333,415.9,466
759,466.233333333333,446.5,556.766666666666,415.9,466
760,466.233333333333,446.466666666666,556.733333333333,415.9,465.966666666666
761,466.233333333333,446.466666666666,556.733333333333,415.9,465.9
762,466.233333333333,446.466666666666,556.733333333333,415.866666666666,465.9
763,466.233333333333,446.433333333333,556.733333333333,415.866666666666,465.9
764,466.233333333333,446.433333333333,556.733333333333,415.866666666666,465.9
765,466.233333333333,446.433333333333,556.733333333333,415.833333333333,465.866666666666
766,466.233333333333,446.433333333333,556.733333333333,415.833333333333,465.866666666666
767,466.2,446.433333333333,556.733333333333,415.833333333333,465.833333333333
768,466.2,446.433333333333,556.733333333333,415.833333333333,465.833333333333
769,466.166666666666,446.4,556.7,415.833333333333,465.733333333333
770,466.166666666666,446.4,556.7,415.833333333333,465.733333333333
771,466.166666666666,446.4,556.666666666666,415.833333333333,465.733333333333
772,466.166666666666,446.4,556.666666666666,415.8,465.633333333333
773,466.166666666666,446.4,556.633333333333,415.8,465.633333333333
774,466.166666666666,446.366666666666,556.633333333333,415.8,465.6
775,466.166666666666,446.366666666666,556.633333333333,415.8,465.566666666666
776,466.166666666666,446.366666666666,556.633333333333,415.8,465.566666666666
777,466.166666666666,446.366666666666,556.633333333333,415.8,465.566666666666
778,466.166666666666,446.366666666666,556.633333333333,415.8,465.566666666666
779,466.166666666666,446.366666666666,556.566666666666,415.8,465.566666666666
780,466.133333333333,446.366666666666,556.566666666666,415.8,465.566666666666
781,466.133333333333,446.366666666666,556.566666666666,415.733333333333,465.566666666666
782,466.133333333333,446.366666666666,556.566666666666,415.733333333333,465.4
783,466.133333333333,446.366666666666,556.533333333333,415.733333333333,465.366666666666
784,466.1,446.366666666666,556.5,415.733333333333,465.366666666666
785,466.1,446.366666666666,556.5,415.733333333333,465.333333333333
786,466.1,446.2,556.5,415.733333333333,465.333333333333
787,466.1,446.2,556.366666666666,415.733333333333,465.333333333333
788,466.1,446.133333333333,556.366666666666,415.733333333333,465.333333333333
789,466.1,446.133333333333,556.366666666666,415.7,465.333333333333
790,466.1,446.133333333333,556.366666666666,415.633333333333,465.333333333333
791,466.1,446.133333333333,556.333333333333,415.633333333333,465.333333333333
792,466.1,446.133333333333,556.3,415.633333333333,465.266666666666
793,466.1,446.133333333333,556.3,415.633333333333,465.266666666666
794,466.066666666666,446.1,556.3,415.633333333333,465.266666666666
795,466.066666666666,446.066666666666,556.3,415.633333333333,465.266666666666
796,466.066666666666,446.066666666666,556.3,415.633333333333,465.233333333333
797,466,446.066666666666,556.3,415.633333333333,465.233333333333
798,466,446.066666666666,556.3,415.633333333333,465.233333333333
799,466,446.066666666666,556.3,415.6,465.2
800,466,446.066666666666,556.266666666666,415.566666666666,465.1
801,466,445.966666666666,556.266666666666,415.566666666666,465.1
802,466,445.966666666666,556.233333333333,415.566666666666,465.066666666666
803,466,445.966666666666,556.233333333333,415.566666666666,465.066666666666
804,466,445.966666666666,556.233333333333,415.566666666666,465.066666666666
805,466,445.966666666666,556.233333333333,415.566666666666,465.066666666666
806,466,445.966666666666,556.2,415.566666666666,465.033333333333
807,465.966666666666,445.966666666666,556.2,415.533333333333,465.033333333333
808,465.966666666666,445.966666666666,556.2,415.533333333333,465.033333333333
809,465.966666666666,445.966666666666,556.166666666666,415.533333333333,465
810,465.966666666666,445.966666666666,556.166666666666,415.533333333333,464.966666666666
811,465.966666666666,445.966666666666,556.133333333333,415.533333333333,464.933333333333
812,465.966666666666,445.1,556.133333333333,415.466666666666,464.9
813,465.966666666666,445.1,556.1,415.433333333333,464.9
814,465.933333333333,445.033333333333,556.1,415.433333333333,464.9
815,465.933333333333,445,556.1,415.433333333333,464.9
816,465.933333333333,445,556.066666666666,415.433333333333,464.8
817,465.933333333333,444.966666666666,556.066666666666,415.433333333333,464.8
818,465.933333333333,444.966666666666,556.033333333333,415.433333333333,464.766666666666
819,465.933333333333,444.9,556.033333333333,415.433333333333,464.766666666666
820,465.933333333333,444.866666666666,556.033333333333,415.433333333333,464.766666666666
821,465.933333333333,444.866666666666,556.033333333333,415.433333333333,464.766666666666
822,465.933333333333,444.733333333333,556,415.533333333333,464.766666666666
823,465.933333333333,444.7,556,415.533333333333,464.766666666666
824,465.933333333333,444.666666666666,556,415.533333333333,464.766666666666
825,465.933333333333,444.633333333333,556,415.533333333333,464.7
826,465.9,444.6,555.866666666666,415.433333333333,464.666666666666
827,465.9,444.6,555.866666666666,415.433333333333,464.666666666666
828,465.9,444.6,555.866666666666,415.433333333333,464.666666666666
829,465.9,444.566666666666,555.866666666666,415.433333333333,464.666666666666
830,465.9,444.566666666666,555.833333333333,415.4,464.633333333333
831,465.9,444.566666666666,555.833333333333,415.4,464.633333333333
832,465.9,444.566666666666,555.833333333333,415.4,464.6
833,465.9,444.566666666666,555.8,415.333333333333,464.6
834,465.9,444.466666666666,555.8,415.333333333333,464.6
835,465.9,444.466666666666,555.8,415.333333333333,464.6
836,465.9,444.433333333333,555.8,415.333333333333,464.6
837,465.9,444.433333333333,555.8,415.333333333333,464.6
838,465.9,444.433333333333,555.8,415.333333333333,464.6
839,465.9,444.366666666666,555.766666666666,415.333333333333,464.6
840,465.9,444.366666666666,555.733333333333,415.333333333333,464.566666666666
841,465.9,444.366666666666,555.7,415.333333333333,464.533333333333
842,465.9,444.366666666666,555.7,415.333333333333,464.533333333333
843,465.9,444.366666666666,555.7,415.333333333333,464.4
844,465.9,444.3,555.7,415.333333333333,464.366666666666
845,465.9,444.3,555.7,415.3,464.266666666666
846,465.766666666666,444.3,555.7,415.3,464.266666666666
847,465.766666666666,444.3,555.7,415.3,464.266666666666
848,465.766666666666,444.3,555.7,415.3,464.266666666666
849,465.7,444.3,555.7,415.3,464.266666666666
850,465.7,444.233333333333,555.7,415.266666666666,464.266666666666
851,465.7,444.066666666666,555.633333333333,415.266666666666,464.266666666666
852,465.7,444.033333333333,555.633333333333,415.266666666666,464.266666666666
853,465.7,444.033333333333,555.633333333333,415.266666666666,464.233333333333
854,465.7,444,555.633333333333,415.266666666666,464.066666666666
855,465.666666666666,443.9,555.633333333333,415.266666666666,464.066666666666
856,465.666666666666,443.833333333333,555.633333333333,415.2,464.066666666666
857,465.666666666666,443.8,555.633333333333,415.2,464.066666666666
858,465.633333333333,443.8,555.633333333333,415.2,464.066666666666
859,465.633333333333,443.8,555.633333333333,415.2,464.066666666666
860,465.633333333333,443.8,555.633333333333,415.2,464.033333333333
861,465.633333333333,443.8,555.566666666666,415.2,464.033333333333
862,465.633333333333,443.7,555.566666666666,415.2,464
863,465.6,443.6,555.566666666666,415.2,464
864,465.533333333333,443.6,555.566666666666,415.2,464
865,465.5,443.6,555.566666666666,415.166666666666,464
866,465.5,443.6,555.533333333333,415.166666666666,463.966666666666
867,465.5,443.566666666666,555.533333333333,415.1,463.933333333333
868,465.5,443.466666666666,555.5,415.1,463.933333333333
869,465.5,443.4,555.5,415.1,463.933333333333
870,465.5,443.4,555.5,415.1,463.933333333333
871,465.5,443.4,555.5,415.1,463.9
872,465.5,443.4,555.5,415.1,463.8
873,465.5,443.333333333333,555.5,415.066666666666,463.766666666666
874,465.433333333333,443.3,555.466666666666,415.066666666666,463.766666666666
875,465.433333333333,443.3,555.466666666666,415.066666666666,463.766666666666
876,465.433333333333,443.3,555.366666666666,415.066666666666,463.766666666666
877,465.433333333333,443.266666666666,555.366666666666,415.066666666666,463.766666666666
878,465.433333333333,443.266666666666,555.366666666666,415.033333333333,463.766666666666
879,465.433333333333,443.233333333333,555.366666666666,415.033333333333,463.733333333333
880,465.433333333333,443.2,555.366666666666,415.033333333333,463.733333333333
881,465.433333333333,443.166666666666,555.366666666666,415,463.7
882,465.433333333333,443.133333333333,555.366666666666,415,463.7
883,465.433333333333,443.133333333333,555.366666666666,415,463.7
884,465.433333333333,443.133333333333,555.366666666666,415,463.7
885,465.433333333333,443.133333333333,555.366666666666,415,463.7
886,465.433333333333,443.133333333333,555.333333333333,415,463.7
887,465.433333333333,443.133333333333,555.333333333333,415,463.7
888,465.433333333333,443.1,555.333333333333,414.966666666666,463.7
889,465.433333333333,443.1,555.333333333333,414.966666666666,463.7
890,465.433333333333,443.1,555.333333333333,414.966666666666,463.7
891,465.433333333333,443.1,555.333333333333,414.966666666666,463.7
892,465.433333333333,443.1,555.333333333333,414.966666666666,463.7
893,465.433333333333,443.066666666666,555.333333333333,414.966666666666,463.7
894,465.433333333333,443.066666666666,555.3,414.966666666666,463.7
895,465.4,443.066666666666,555.3,414.966666666666,463.633333333333
896,465.4,443.066666666666,555.3,414.966666666666,463.633333333333
897,465.366666666666,443.033333333333,555.266666666666,414.966666666666,463.6
898,465.366666666666,443,555.266666666666,414.966666666666,463.6
899,465.366666666666,443,555.266666666666,414.966666666666,463.6
900,465.366666666666,443,555.266666666666,414.966666666666,463.533333333333
901,465.366666666666,443,555.266666666666,414.966666666666,463.533333333333
902,465.366666666666,442.966666666666,555.266666666666,414.966666666666,463.533333333333
903,465.366666666666,442.9,555.266666666666,414.966666666666,463.533333333333
904,465.366666666666,442.9,555.266666666666,414.9,463.533333333333
905,465.366666666666,442.9,555.266666666666,414.866666666666,463.533333333333
906,465.366666666666,442.9,555.266666666666,414.866666666666,463.533333333333
907,465.366666666666,442.9,555.266666666666,414.866666666666,463.5
908,465.366666666666,442.9,555.266666666666,414.866666666666,463.466666666666
909,465.333333333333,442.866666666666,555.266666666666,414.866666666666,463.4
910,465.3,442.866666666666,555.233333333333,414.866666666666,463.4
911,465.3,442.866666666666,555.233333333333,414.833333333333,463.4
912,465.3,442.833333333333,555.233333333333,414.833333333333,463.4
913,465.266666666666,442.833333333333,555.233333333333,414.833333333333,463.4
914,465.266666666666,442.833333333333,555.233333333333,414.833333333333,463.366666666666
915,465.266666666666,442.8,555.166666666666,414.8,463.333333333333
916,465.266666666666,442.8,555.166666666666,414.8,463.333333333333
917,465.266666666666,442.666666666666,555.166666666666,414.8,463.333333333333
918,465.266666666666,442.666666666666,555.166666666666,414.8,463.333333333333
919,465.266666666666,442.666666666666,555.166666666666,414.8,463.333333333333
920,465.266666666666,442.666666666666,555.166666666666,414.8,463.266666666666
921,465.266666666666,442.666666666666,555.166666666666,414.8,463.233333333333
922,465.266666666666,442.633333333333,555.166666666666,414.8,463.233333333333
923,465.266666666666,442.566666666666,555.166666666666,414.8,463.233333333333
924,465.133333333333,442.566666666666,555.133333333333,414.766666666666,463.2
925,465.133333333333,442.566666666666,555.133333333333,414.766666666666,463.2
926,465.133333333333,442.566666666666,555.133333333333,414.766666666666,463.2
927,465.133333333333,442.566666666666,555.133333333333,414.7,463.2
928,465.133333333333,442.566666666666,555.133333333333,414.7,463.2
929,465.133333333333,442.566666666666,555.066666666666,414.7,463.2
930,465.133333333333,442.566666666666,555.066666666666,414.7,463.2
931,465.133333333333,442.566666666666,555.066666666666,414.7,463.2
932,465.133333333333,442.566666666666,555,414.7,463.2
933,465.1,442.533333333333,555,414.7,463.2
934,465.1,442.533333333333,555,414.7,463.2
935,465.1,442.533333333333,555,414.7,463.2
936,465.1,442.533333333333,555,414.7,463.2
937,465.033333333333,442.533333333333,554.966666666666,414.7,463.2
938,465.033333333333,442.533333333333,554.966666666666,414.7,463.2
939,465,442.533333333333,554.9,414.7,463.2
940,465,442.533333333333,554.9,414.7,463.166666666666
941,465,442.533333333333,554.9,414.666666666666,463.166666666666
942,465,442.533333333333,554.9,414.666666666666,463.166666666666
943,465,442.533333333333,554.9,414.666666666666,463.166666666666
944,465,442.533333333333,554.866666666666,414.666666666666,463.166666666666
945,465,442.533333333333,554.866666666666,414.666666666666,463.166666666666
946,465,442.533333333333,554.833333333333,414.666666666666,463.166666666666
947,465,442.533333333333,554.833333333333,414.666666666666,463.166666666666
948,465,442.533333333333,554.833333333333,414.666666666666,463.166666666666
949,465,442.533333333333,554.833333333333,414.666666666666,463.166666666666
950,465,442.533333333333,554.833333333333,414.666666666666,463.166666666666
951,465,442.533333333333,554.833333333333,414.666666666666,463.166666666666
952,465,442.4,554.833333333333,414.666666666666,463.166666666666
953,465,442.4,554.833333333333,414.633333333333,463.166666666666
954,465,442.4,554.833333333333,414.633333333333,463.166666666666
955,465,442.4,554.833333333333,414.633333333333,463.166666666666
956,465,442.4,554.833333333333,414.566666666666,463.166666666666
957,465,442.4,554.833333333333,414.566666666666,463.166666666666
958,465,442.4,554.8,414.533333333333,463.166666666666
959,464.966666666666,442.4,554.8,414.533333333333,463.166666666666
960,464.966666666666,442.4,554.8,414.533333333333,463.133333333333
961,464.966666666666,442.366666666666,554.8,414.533333333333,463.133333333333
962,464.966666666666,442.3,554.766666666666,414.533333333333,463.1
963,464.966666666666,442.3,554.766666666666,414.533333333333,463.066666666666
964,464.966666666666,442.3,554.733333333333,414.533333333333,463.066666666666
965,464.966666666666,442.3,554.733333333333,414.533333333333,463.066666666666
966,464.933333333333,442.3,554.733333333333,414.5,463.066666666666
967,464.933333333333,442.3,554.7,414.466666666666,463.066666666666
968,464.933333333333,442.266666666666,554.7,414.466666666666,463.066666666666
969,464.933333333333,442.266666666666,554.7,414.466666666666,463.066666666666
970,464.933333333333,442.233333333333,554.7,414.466666666666,463.066666666666
971,464.933333333333,442.233333333333,554.7,414.466666666666,463.033333333333
972,464.933333333333,442.233333333333,554.666666666666,414.466666666666,463.033333333333
973,464.9,442.233333333333,554.666666666666,414.466666666666,463.033333333333
974,464.9,442.2,554.633333333333,414.466666666666,463.033333333333
975,464.9,442.066666666666,554.6,414.466666666666,463.033333333333
976,464.9,442.066666666666,554.6,414.466666666666,463.033333333333
977,464.9,442.066666666666,554.6,414.4,463.033333333333
978,464.9,442.066666666666,554.6,414.4,463.033333333333
979,464.9,442.066666666666,554.566666666666,414.4,463.033333333333
980,464.8,442.066666666666,554.533333333333,414.4,463.033333333333
981,464.8,442.066666666666,554.5,414.4,463.033333333333
982,464.8,442.066666666666,554.5,414.4,463
983,464.8,442.033333333333,554.5,414.4,462.966666666666
984,464.8,442.033333333333,554.5,414.4,462.966666666666
985,464.8,442,554.5,414.4,462.966666666666
986,464.8,441.933333333333,554.5,414.333333333333,462.966666666666
987,464.8,441.933333333333,554.5,414.333333333333,462.933333333333
988,464.8,441.933333333333,554.5,414.333333333333,462.933333333333
989,464.8,441.933333333333,554.5,414.3,462.933333333333
990,464.8,441.933333333333,554.5,414.3,462.933333333333
991,464.8,441.933333333333,554.5,414.3,462.933333333333
992,464.8,441.933333333333,554.5,414.266666666666,462.933333333333
993,464.766666666666,441.933333333333,554.5,414.266666666666,462.933333333333
994,464.766666666666,441.933333333333,554.5,414.266666666666,462.866666666666
995,464.766666666666,441.933333333333,554.5,414.266666666666,462.866666666666
996,464.766666666666,441.933333333333,554.5,414.266666666666,462.866666666666
997,464.766666666666,441.933333333333,554.5,414.233333333333,462.866666666666
998,464.766666666666,441.933333333333,554.5,414.233333333333,462.866666666666
999,464.766666666666,441.9,554.5,414.166666666666,462.833333333333
1000,464.766666666666,441.9,554.5,414.166666666666,462.833333333333
