Math.min + - / / - / - / - - - / Math.max VT - - DD * - Math.max - / Ec / / VT VT RT null null DD - / RT null null DD + DD - VT Math.max Ec RT DD VT null null Math.max / ST E null null null null null null null null null null null null * RT VT VT null null null null null null null null VT - null null * Ec null null VT RT null null null null null null null null null null null null VT RT ST E null null null null null null null null null null null null null null null null null null null null null null null null null null null null VT VT null null null null null null null null null null null null null null null null null null null null null null null null E DD null null null null VT VT null null null null null null null null null null null null null null null null null null null null null null null null null null null null null null null null null null null null null null null null null null null null null null null null null null null null null null null null null null null null null null null null null null null null null null null null null null null null null null null null null null null null null null null null null null ;
+ + - - - - - Math.min - - E - / / / / - / / Math.min - null null - E / Ec E 0.8 Math.min - E 0.8 RT VT E 0.8 Math.min Math.min / - - Ec null null null null Math.min E null null E 0.8 null null null null null null / 1.0 E / null null null null null null null null null null null null / - RT 1.0 E 0.8 DD VT RT VT null null null null null null null null null null / - null null null null null null null null null null null null null null null null null null null null null null E 0.8 null null null null E 0.8 null null null null null null null null null null null null null null null null null null null null null null null null Ec 0.8 DD VT null null null null null null null null null null null null null null null null null null null null null null null null null null null null null null null null null null null null Ec 1.0 DD VT null null null null null null null null null null null null null null null null null null null null null null null null null null null null null null null null null null null null null null null null null null null null null null null null null null null null null null null null null null null null ;
- - Math.max Math.min E Math.max + - Math.min null null RT + E E - + Math.min / null null null null null null + ST null null null null DD E VT E Math.min + + - null null null null null null null null null null null null + ST null null null null null null null null null null null null null null null null null null Ec + ST ST - + - VT null null null null null null null null null null null null null null null null null null null null null null null null + E null null null null null null null null null null null null null null null null null null null null null null null null null null null null null null null null null null null null null null null null ST E null null null null DD E VT DD DD E null null null null null null null null null null null null null null null null null null null null null null null null null null null null null null null null null null null null null null null null null null null null null null null null null null VT ST null null null null null null null null null null null null null null null null null null null null null null null null null null null null null null null null null null null null null null null null null null null null null null ;
- / * - DD * / Math.max Math.max null null * / E DD * RT * * null null null null Math.max / Math.max DD null null null null VT VT null null Math.max DD * / null null null null null null null null * DD E Math.max E VT null null null null null null null null null null null null null null null null null null RT Math.max null null * VT / DD null null null null null null null null null null null null null null null null VT VT null null null null DD VT null null null null null null null null null null null null null null null null null null null null null null null null null null null null null null null null null null null null null null null null null null E VT null null null null VT VT null null VT RT null null null null null null null null null null null null null null null null null null null null null null null null null null null null null null null null null null null null null null null null null null null null null null null null null null null null null null null null null null null null null null null null null null null null null null null null null null null null null null null null null null null null null null null null null null null null null null null null null null ;
+ + + + Math.min + / Math.min * ST + Math.min + EDep DD DD VT - / null null VE Math.min DD + * Math.min null null null null null null null null EDep E - DD null null null null null null - 0.7 null null EDep_a VT - / DD VT null null null null null null null null null null null null null null null null null null null null - Math.sqrt null null null null null null null null null null null null null null EDep E null null null null null null null null null null - Math.sqrt Math.max DD null null null null null null null null null null null null null null null null null null null null null null null null null null null null null null null null null null null null null null null null null null null null VE E ST null null null null null null null null null null null null null null null null null null null null null null null null null null null null null null null null null null null null null null null null null null null null null null null null null null null null null VE E ST null 0.7 VT null null null null null null null null null null null null null null null null null null null null null null null null null null null null null null null null null null null null null null null null null null ;
+ Math.min / VT - - Math.pow null null Math.min E Math.min * Math.min null null null null null DD * null null - - E ST - - null null null null null null null null null null null null DD VT null null null null - VT / RT null null null null - E VT / null null null null null null null null null null null null null null null null null null null null null null null null null null null null null null null null null null null null / E null null EDep_a DD null null null null null null null null null null DD E null null null null / DD null null null null null null null null null null null null null null null null null null null null null null null null null null null null null null null null null null null null null null null null null null null null null null null null null null null null null null null null null null null null null null null null null null null null null null null null VT DD null null null null null null null null null null null null null null null null null null null null null null null null null null null null null null null null null null null null null null null null null null E RT null null null null null null null null null null null null null null null null null null ;
- Math.min + / * - * Math.pow ST VT - Math.pow Math.min * + Math.exp null null null null null DD VT DD null - * + 0.8 - Math.pow - null null null null null null null null null null null null null null null null null null null - RT Math.exp - - E null null DD - Math.min null DD - null null null null null null null null null null null null null null null null null null null null null null null null null null null null null null null null null null null null null null - Math.min null null Math.exp null DD VT - Math.min null null null null null null null null ST VT Math.min ST null null null null ST VT null null null null null null null null null null null null null null null null null null null null null null null null null null null null null null null null null null null null null null null null null null null null null null null null null null null null null null null null null null null null null null null null null null null null null null null null null null null null E VT RT VT null null null null DD null null null null null null null E VT RT VT null null null null null null null null null null null null null null null null null null null null VT ST null null null null null null ;
- * + - / + Math.max * * VT / + DD Math.min * VT Math.max VT Math.max null null + / Math.max Math.max null null E VT E Math.min null null DD ST null null + DD null null null null VT VT ST E DD * VT E null null null null null null null null null null ST VT null null null null null null null null null null null null + E null null null null null null null null null null null null null null null null null null null null ST Math.min null null null null null null null null null null null null null null null null null null null null null null null null null null null null null null null null null null null null null null null null null null null null null null null null null null null null VT E null null null null null null null null null null null null null null null null null null null null null null null null null null null null null null null null null null null null null null null null null null null null E VT null null null null null null null null null null null null null null null null null null null null null null null null null null null null null null null null null null null null null null null null null null null null null null null null null null null null null null null null ;
/ + Math.max + + + * E + Math.max / * E + E null null E Math.max EDep_a + * + E RT null null E VT null null null null null null null null E EDep_a null null / + * DD E VC null null null null null null null null null null null null null null null null null null null null null null null null null null null null null null null null null null null null E DD / E E VT null null null null null null null null null null null null null null null null null null null null null null null null null null null null null null null null null null null null null null null null null null null null null null null null null null null null null null null null null null null null null null null null null null null null null null null null null null null null null null null null null null E DD null null null null null null null null null null null null null null null null null null null null null null null null null null null null null null null null null null null null null null null null null null null null null null null null null null null null null null null null null null null null null null null null null null null null null null null null null null null null null null null null null null ;
Math.min * + + * * - E + - * E - - + null null VT RT VT - E - null null 0.0 VT - + 0.0 + null null null null null null null null null null - E null null 0.0 ERP_a null null null null null null null null - * - + null null RT + null null null null null null null null null null null null null null null null null null null null DD E null null null null null null null null null null null null null null null null null null null null null null null null null null - + DD ERP_a DD RT DD - null null null null null null DD + null null null null null null null null null null null null null null null null null null null null null null null null null null null null null null null null null null null null null null null null null null null null null null null null null null null null null null null null null null null null null null null null null null null null null null null null null null null null null null null null null null null null null null null null null null null null null null null null 0.0 VT RT RT null null null null null null null null null null DD E null null null null null null null null null null null null null null RT RT ;
- * + - ERP_a + + * + null null + + - - Math.min VT - * null null null null Math.min + + ERP_a VT Math.min - ERP_a - ERP_a null null RT Math.min ST E null null null null null null null null + + DD VT DD ERP_a null null null null + RT RT VT null null DD + null null null null null null null null + RT null null null null null null null null null null null null null null null null null null null null DD ERP_a RT + null null null null null null null null null null null null null null null null VT E null null null null null null null null null null null null VT E null null null null null null null null null null null null null null null null VT ERP_a null null null null null null null null null null null null null null null null null null null null null null null null null null null null null null null null null null null null null null null null null null null null null null null null VT E null null null null null null null null null null null null null null null null null null null null null null null null null null null null null null null null null null null null null null null null null null null null null null null null null null null null null null null null ;
/ / - / Math.max Math.max * DD Math.max - ST - * - Math.max null null Math.max * VT VE null null Math.max * DD E - Math.max VE * null null null null * DD * DD null null null null null null null null DD * VE E null null null null ERP_a E Math.log Math.max null null Math.log E null null null null null null null null ERP_a E null null - VT null null null null null null null null null null null null null null null null null null null null - ERP_a null null null null null null null null null null null null null null null null VT null RT VT null null null null VT null null null null null null null null null null null null null null null null null null null null null null null null null null null VT DD null null null null null null null null null null null null null null null null null null null null null null null null null null null null null null null null null null null null null null null null null null VT VE null null null null null null null null null null null null null null null null null null null null null null null null null null null null null null null null null null null null null null null null null null null null null null null null null null null null null null null null null null ;
- Math.min + DD - - Math.max null null Math.min E Math.sqrt Math.max + - null null null null VT - null null - null - VT Math.max Math.max DD Math.max null null null null null null null null null null - E null null null null DD VT null null Math.sqrt - null null Math.sqrt Math.sqrt Math.sqrt Math.sqrt null null Math.sqrt VT null null null null null null null null null null null null null null null null null null null null DD VT null null null null null null null null null null null null null null null null null null DD null VT E null null null null VC null VT null VC null VT null null null null null VC null null null null null null null null null null null null null null null null null null null null null null null null null null null null null null null null null null null null null null null null null null null null null null null null null null null null null null null null null null null null null null null null null null null null null null null null null null null null null null null null null null null null null null null null null null null null null null null null null null null null null null null null null null null null null null null null null null null null null null null null null null null null null null null null null null null ;
Math.min Math.min Math.min * - * - RT - - + - - - + null null VT DD - * + * E * VT DD - * Math.max Math.pow null null null null null null null null * E E VT E * E DD null null * RT null null null null + * E * * null VT null null null null null null null null null null null null null null null null null E * null null null null null null null null E VT null null null null null null null null E VT null null null null null null null null null null * E E VT null null E VT E VT null null null null null null null null null null null null null null null null null null null null null null null null null null null null null null null null null null null null null null null null E VT null null null null null null null null null null null null null null null null null null null null null null null null null null null null null null null null null null null null null null null null null null null null null null null null null null null null null null null null null null null null RT DD null null null null null null null null null null null null null null null null null null null null null null null null null null null null null null ;
* Math.max - + Math.max - Math.max VT * + DD E * + DD null null + E VT * null null null null + VT VT * null null null null null null / / null null null null + E null null null null null null null null / * null null null null + E null null null null null null null null null null null null E ERP_a DD DD null null null null null null null null / / null null null null null null null null null null null null null null null null null null E ERP_a / VT null null null null null null null null / / null null null null null null null null null null null null null null null null null null null null null null null null null null null null null null null null null null null null null null null null null null null null null null null null null null VT DD VT DD null null null null null null null null null null null null null null null null null null null null null null null null null null null null null null null null null null null null null null null null VT DD null null null null null null null null null null null null null null null null null null E ERP_a DD DD null null null null null null null null null null null null null null null null null null null null ;
- * * - - - / E Math.min - Math.min RT Math.min DD ST null null VT - - Math.min Math.min DD null null Math.min VT null null null null null null null null null null - E * ST E Math.min VT - null null null null null null - - null null null null null null null null null null null null null null null null null null null null null null DD E null null Math.min / null null null null VT RT null null DD E null null null null null null null null null null null null - E - E null null null null null null null null null null null null null null null null null null null null null null null null null null null null null null null null null null null null null null null null null null null null null null null null null null null null VT ST E VT null null null null null null null null null null null null null null null null null null null null null null null null null null null null null null null null null null null null null null null null null null null null DD E null null RT ST null null null null null null null null null null null null null null null null null null null null null null null null null null null null null null null null null null null null null null null null null null ;
- * + / * * Math.max - Math.max 0.4 EDep_a / VT Math.max / RT * RT + null null null null Math.max RT null null / + Math.max ST null null E + null null E EDep_a null null null null null null null null VT + null null null null null null VT E Math.max EDep_a 0.4 VT null null null null null null null null E ST null null null null null null null null null null null null null null null null null null null null null null null null null null EDep_a * null null null null null null null null null null null null null null null null RT + null null null null null null null null null null null null null null null null null null null null null null null null null null null null null null null null null null null null null null null null null null null null null null null null null null null null null null null null null null null null null null null null null null null null null null null null null null null null null null null null 0.4 RT null null null null null null null null null null null null null null null null null null null null null null null null null null null null null null null null null null E EDep_a null null null null null null null null null null null null null null null null null null null null ;
+ Math.min + - VT Math.min + - E null null - VT Math.min Math.min DD E null null null null null null DD - null null - VT - - null null null null null null null null null null null null null null null null null null VT - null null null null - E null null - - VT RT null null null null null null null null null null null null null null null null null null null null null null null null null null null null null null null null null null null null null null - E null null null null null null null null DD E null null null null null null DD E DD - null null null null null null null null null null null null null null null null null null null null null null null null null null null null null null null null null null null null null null null null null null null null null null null null null null null null null null null null null null null null null null null null null null null null null null null null null null null null null null null null DD E null null null null null null null null null null null null null null null null null null null null null null null null null null null null null null null null null null null null null null null null E null null null null null null null null null ;
Math.min * + Math.min Math.min / / * - - E / + / + E ERP_a VT Math.max - + null null Math.log * DD + Math.log * DD + null null null null null null - null ERP_a RT VT E null null null null E null Math.pow Math.max null null + Ec E null Math.pow Math.max null null RT Math.max null null null null null null null null null null null null DD E null null null null null null null null null null null null null null null null null null null null null null ST null * E null null null null RT ST null null null null null null ST null * Math.log null null null null null null * Math.log null null null null null null null null null null null null null null null null null null null null null null null null null null null null null null null null null null null null null null null null null null null null null null null null null null null null null null null null null null null null null null null null null null null null null null null null null null null null E ERP_a null null null null null null null null null null null null null null null null null null null null null null null null null null null null null null E ERP_a E null null null null null null null null null null null null null E ERP_a RT null ;
/ Math.min + - - + + 0.6 DD Math.min Math.max / + + + null null null null / / VT + * E * / * / * / null null null null null null null null DD - / E null null VT E VT EDep_a null null VC DD * E VC DD * E VC DD / E null null null null null null null null null null null null null null null null null null DD VT DD - null null null null null null null null null null null null null null null null null null null null null null VT EDep_a null null null null null null VC EDep_a null null null null null null DD - null null null null null null null null null null null null null null null null null null null null null null null null null null null null null null null null null null null null null null null null null null null null E VE null null null null null null null null null null null null null null null null null null null null null null null null null null null null null null null null null null null null null null null null null null null null null null null null null null null null null null null null null null null null null null null null null null null null null null null null null null null null null null E VE null null null null ;
+ / Math.min / + VT - + Math.max + + null null DD + EDep VT RT + E / / / null null null null null null + / null null null null null null E VT null null + + DD VT DD VT null null null null null null null null null null null null / E + VT null null null null null null null null null null null null null null null null null null null null E VT + VT null null null null null null null null null null null null null null null null null null null null null null null null null null null null null null null null E DD null null + DD null null null null null null null null null null null null null null null null null null null null null null null null null null null null null null null null null null null null null null null null null null null null null null EDep VT null null null null null null null null null null null null null null null null null null null null null null null null null null null null null null null null null null null null null null null null null null null null null null null null null null null null null null null null null null null null null null null null null null null null null null null null null null E RT null null null null null null ;
Math.min Math.min + Math.min + - Math.min ERP_a * ST - Math.min + * DD null null + - null null VT DD + - VT + ERP_a ERP_a null null null null null null * ERP_a DD + null null null null null null null null + ERP_a RT ERP_a null null E + null null null null null null null null null null null null null null null null VT VT null null null null E VT null null null null null null null null null null null null null null null null VT ERP_a null null null null null null null null null null null null ST * null null null null null null null null null null null null null null null null null null null null null null null null null null null null null null null null null null null null null null null null null null null null null null null null null null null null null null null null null null null null null null null null null null null null null null null null null null null null null null null null null null null null null null null null null null null null null null null null null null null null null null null null null null null null null null ERP_a E null null null null null null null null null null null null null null null null null null null null null null null null null null null null null null null null ;
- - Math.max RT Math.max / - null null E - + / - / null null null null null null - - VT * DD Math.pow RT - DD Math.max null null null null null null null null null null null null E / / Math.max null null VT / null null E null null null ERP_a Math.max null null E - null null null null null null null null null null null null null null null null null null null null null null null null null null VT E Math.max ERP_a E - null null null null null null VT Math.pow null null null null null null null null null null null null null null E - null null null null null null RT VT null null null null null null null null null null null null null null null null null null null null null null null null null null null null null null null null null null null null null null null null null null null null null null null null null null null null null null null null E RT null null null null RT VT null null null null null null null null null null null null null null E null null null null null null null null null null null null null null null null null null null null null null null null null null null null null null null DD VT null null null null null null null null null null null null null null null null ;
- * + Math.min * - + - - VT * E * - Math.min - - - 0.1 null null VT * null null - Math.min - * VT VT DD E - VT - 0.1 null null null null null null null null VT VT null null null null VT E VT 0.1 - E - Math.min null null null null null null null null - 0.1 null null DD E null null null null null null null null null null null null null null null null null null null null null null null null null null null null null null null null null null null null null null DD E null null 0.1 E - EDep_a null null null null null null null null null null null null null null null null DD E null null null null null null null null null null null null null null null null null null null null null null null null null null null null null null null null null null null null null null null null null null null null null null null null null null null null null null null null null null null null null null null null null null null null null null null null null null null null null null null null null null null null null null null null null null null null null null null null null null E 0.1 null null null null null null null null null null null null null null null null null null ;
Math.min - - - Math.max - Math.max - Math.max Math.min - + Math.max Math.min - DD Math.max / - - + + ERP - / - - Math.max + - ST null null VT EDep_a Math.max DD Math.min - Math.min E ST Math.min ST E null null E null Math.max DD ERP ERP Math.min - VT / ST E RT VT null null null null null null null null null null VC + null null VT + DD VT VT VT null null null null VT + null null null null null null null null null null null null VC + null null null null null null VT + DD VT null null DD VC null null null null null null null null null null null null null null null null null null null null null null null null null null null null null null RT VT null null null null null null EDep_a E null null null null null null null null null null null null null null null null null null EDep_a E null null null null null null null null null null null null null null null null null null null null null null null null null null RT VT null null null null null null null null null null null null null null EDep_a E null null null null null null null null null null null null null null null null null null null null null null null null null null null null null null null null null null null null ;
/ * - + Math.max + Math.max + + Math.max / Math.min / + / / 0.8 + E VT + + ST / + VC VT ST / + ST VT ST null null ST / null null null null - RT / 0.8 null null VE RT / - null null null null null null / E + VE null null null null null null null null null null null null Math.max ST null null null null null null null null Math.min null null null VT ST null null null null null null null null null null VT ST E Math.max null null null null null null null null null null null null VT Math.max null null DD VE null null null null null null null null null null null null null null null null null null null null null null null null null null DD ST null null null null null null null null null null null null null null null null null null E E null null null null null null null null null null null null null null null null null null null null null null null null null null null null null null null null null null null null DD ST null null null null null null null null null null null null null null null null null null null null null null null null null null DD ST null null null null null null null null null null null null null null null null null null null null ;
/ Math.min Math.max / Math.min * * + E / * DD + DD + VE Math.max null null + E * - null null Math.max / null null + EDep null null E RT null null null null EDep VT null null / - E - null null null null Math.max RT + E null null null null E VT null null null null null null null null null null null null null null null null null null null null null null null null null null + E EDep_a DD null null DD VT null null null null null null null null E RT null null VT DD null null null null null null null null null null null null null null null null null null null null null null null null null null null null null null null null null null null null null null null null null null null null null null null null null null null null null null null null null null null null null null null null null null E VT null null null null null null null null null null null null null null null null null null null null null null null null null null null null null null null null null null null null null null null null null null null null null null null null null null null null null null null null null null null null null null null null null null null null null null null null null null null null null null ;
- + * + + E + * Math.min Math.min + null null / Math.min Math.min + DD + DD + + Math.min null null null null DD E E EDep_a VT DD EDep_a VT null null Math.min VT null null EDep_a VT Math.min Math.min DD + null null null null null null null null null null null null null null null null null null null null null null null null null null null null E / null null null null null null null null null null VT RT DD + null null EDep_a VT null null null null null null null null null null null null null null null null null null null null null null null null null null null null null null null null null null null null null null null null null null null null null null null null null null null null null null null null null null DD E null null null null null null null null null null null null null null null null null null null null null null null null null null EDep_a VT null null null null null null null null null null null null null null null null null null null null null null null null null null null null null null null null null null null null null null null null null null null null null null null null null null null null null null null null null null null null null null null null null null null null null null null null ;
Math.min - + - Math.min - Math.sqrt Math.min + VT - + E - null - VT Math.sqrt Math.sqrt null null E Math.min + DD null null DD + null null DD + null null + null + null null null null null null null - VT - Math.sqrt null null null null null null null null E E null null null null null null E E null null null null Math.min DD null null VT RT null null null null null null null null null null null null null null DD + null null + E - null null null null null null null null null null null null null null null null null null null null null null null null null null null null null null null null null null null null null null null null null null null null null VT E null null null null null null null null null null null null null null null null null null null null null null null null null null null null null null null null null null null null null null null null E E null null null null VT DD null null DD VT null null null null null null null null null null null null null null null null null null null null null null null null null null null null null null null null null null null null null null null null null null null null null null null null null null null null null null null null null null ;
/ Math.max Math.max Math.min Math.min * * Math.min - ERP null - - VT - EDep - Math.sqrt - null null null null DD ERP * - null null * - null null ERP - ST null VT - null null null null null null null null null null null null ST E VT - null null null null ST E DD - null null null null null null Math.min * null null null null null null DD E null null null null null null null null null null null null null null null null null null null null null null null null null null null null null null DD ERP_a null null null null null null null null null null null null null null * E null null null null null null null null null null null null DD null ST E null null null null null null null null null null null null null null null null null null null null null null null null null null null null null null null null null null null null null null null null null null null null null null null null null null null null null null null null null null null null null null null null null null null null null null null null null null null null null null null null null null null null null null null null null null null null null null null null null null null null null null null null null null null null ST E null null ;
/ * * - / Math.min * * E / Math.max E Ec + + - / null null Ec + - E null null null null * + DD Math.min DD VT DD DD null null null null null null - Math.max RT VT null null null null null null null null null null Math.min - + DD null null Math.min Ec null null null null null null null null null null null null null null null null null null null null DD / - RT null null null null null null null null null null null null null null null null null null null null null null null null VT VT DD RT DD DD null null null null null null RT Ec null null null null null null null null null null null null null null null null null null null null null null null null null null null null null null null null null null null null null null null null null null null null DD DD RT VT null null null null null null null null null null null null null null null null null null null null null null null null null null null null null null null null null null null null null null null null null null null null null null null null null null null null null null null null null null null null null null null null null null null null null null null null null null null null null null null null null null ;
- - Math.log - - Math.pow null Math.min / - Ec * null null null Math.max Math.min Math.max ST E Math.min null null Math.pow * null null null null null null E - VT DD + VT null null null null - VT null null null null DD null Math.pow Ec null null null null null null null null null null null null null null - E null null null null / RT null null null null null null null null null null - E null null null null null null null null null null null null null null - null null null null null null null null null null null null null null null null null null null null null null null null null null null null null null null DD E null null null null null null null null null null E VT null null null null null null null null null null null null null null null null null null null null null null DD E null null null null null null null null null null null null null null null null null null null null null null null null null null null null null null DD Ec null null null null null null null null null null null null null null null null null null null null null null null null null null null null null null null null null null null null null null null null null null null null null null null null null null null null null null ;
- Math.min - Math.min - - - - VT - * RT EDep_a - + - * null null Math.min * VT + null null null null Math.min DD / Math.min E VC EDep_a - null null null null VC DD E - null null / E null null null null null null null null VT - null null - E / - null null null null null null VT DD null null null null null null null null null null null null null null VT - null null null null - E null null null null null null null null null null null null null null null null null null null null RT E null null null null E DD null null E - E VT null null null null null null null null null null null null null null null null null null null null null null null null null null null null null null null null null null null null null null null null null null null null null null RT EDep_a null null null null null null null null E VC null null null null null null null null null null null null null null null null null null null null null null null null null null null null null null null null null null null null null null null null null null null null null null null null null null null null null null null null null null null null null null null null RT EDep_a null null null null ;
+ Math.min + + - - + - VE / / Math.log VT - / * / null null VT DD / E / null null null Math.log / Math.sqrt VT VT ST E VT null null null null null null null null + / null null ST * null null null null null null / null RT VT E null null null null null null null null null null null null null null null null null null null null null null null null null null null E - E * null null null null null null DD DD null null null null null null null null null null null null VE * null null null null null null null null null null null null null null null null null null null null null null null null null null null null null null null null null null null null null null null null null null null null null null null null null null null null null null null null null null null null null null null null VT DD null null RT VT null null null null null null null null null null null null null null null null null null null null null null null null null null null null null null null null null null null null null null null null null null DD E null null null null null null null null null null null null null null null null null null null null null null null null null null null null ;
- - Math.max Math.min Math.max - * * Math.min VT - - Math.max Math.min E - * - + null null RT Math.min Math.max VT ST E ST Math.min null null - VT VT E VT ST RT + null null null null null null - VT * + null null null null null null null null Math.min ST null null null null DD E null null null null null null null null null null null null RT - null null null null null null null null null null null null VT ST null null Math.min E RT - null null null null null null null null null null null null null null null null VT E null null null null null null null null null null null null null null null null null null null null null null null null null null null null null null null null null null null null null null null null DD VT null null null null null null null null null null null null null null null null null null null null null null null null null null null null null null null null VT ST null null null null DD VT null null null null null null null null null null null null null null null null null null null null null null null null null null null null null null null null null null null null null null null null null null null null null null null null null null null null null null null null ;
+ Math.min Math.min + - + * * Math.min Math.min null - Math.min - * - E - * DD - null null E - - * - null VT VC Math.min null null null VT DD - Math.min null null E - null null null null null null - null E DD - Math.min E - null null null null null null E Math.min null null null null null null null null null null Math.min null VT E null null null null null null Math.min null null null null null null null null null null null null null VT VT null null null null null null Math.min null VT E null null - null null null null null null null null null null null null null null null ST VT null null null null null null null null null null null null null null null null null null null null E ST null null null null null null null null null null null null null null null null null null ST VT null null null null null null null null null null null null null null null null null null null null null null null null null null null null null null null null null null null null null null null null null null E ST null null null null null null null null null null VT DD null null null null null null null null null null null null null null null null null null null null null null null null null null ;
Math.min + + Math.min / - - + + + VT DD E DD E + / + - + VT null null null null null null null null null null VT VT + * EDep VT + E + / null null null null null null null null null null null null null null null null null null null null null null null null null null EDep + E Math.max null null null null VT RT null null VT VT E + null null null null null null null null null null null null null null null null null null null null null null null null null null null null null null null null null null null null null null null null null null null null null null null null null null null null null null EDep VT null null RT VT null null null null null null null null null null null null null null null null null null null null null null VT VT null null null null null null null null null null null null null null null null null null null null null null null null null null null null null null null null null null null null null null null null null null null null null null null null null null null null null null null null null null null null null null null null null null null null null null null null null null null null null null null null null null null null null null null null ;
/ Math.min - Math.min Math.min - / - E - Math.min * Math.min / - - EDep null null EDep - - VC Math.max E E E / Math.max - / VC E null null null null null null null null RT null - VT null null VT VT null null null null null null EDep VC RT - EDep - E - null null null null null null null null null null null null null null null null null null null null null null null null DD E null null null null null null null null null null null null null null null null null null null null null null null null null null null null DD - null null Math.max null null null RT Math.max null null null null null null null null null null null null null null null null null null null null null null null null null null null null null null null null null null null null null null null null null null null null null null null null null null null null null null null null null null null null null null null null null null null null null null null null null null null null null null null null null null null null null null null null null null null null null null null null null null null null null null null null null null null null null null RT null null null null null RT VT null null null null null null null null RT VT ;
/ / Math.max / Math.max ST Math.max / Math.max Math.max Math.max null null Math.max Math.max Math.max E ST / RT / + Math.max null null null null / Math.max + / ST RT null null null null Math.max E null null Math.max / ST ST ST E null null null null null null null null RT / RT VT Math.max E + E null null null null null null null null null null null null RT VT null null null null null null ST + RT Math.max null null null null null null null null null null null null null null null null null null null null null null null null null null + RT null null null null + Math.max null null ST Math.max null null null null null null null null null null null null null null null null null null null null null null null null null null null null null null null null null null null null null null null null null null null null VT E null null RT VT null null null null null null null null null null null null null null null null null null null null null null null null null null null null null null null null null null null null null null null null null null null null null null null null null null null null VT E null null null null null null null null null null VT E RT ST null null null null null null RT VT null null null null ;
- Math.min + - + - * - Math.max - + Math.max Math.max EDep_a E E DD RT VT - Math.max - * RT VT E VT null null null null null null null null null null null null VT * * E E Math.max DD - null null null null null null null null null null null null null null null null null null null null null null null null null null null null null null null null null null E E Math.max E null null null null * E null null DD VT null null null null null null null null null null null null null null null null null null null null null null null null null null null null null null null null null null null null null null null null null null null null null null null null null null null null null null null null null null null null null null null null null null null null null null null null RT VT null null null null null null null null null null VT E null null null null null null null null null null null null null null null null null null null null null null null null null null null null null null null null null null null null null null null null null null null null null null null null null null null null null null null null null null null null null null null null null null null null null null null null null null ;
- - Math.max - Math.max DD / * E * / null null Math.min / Math.min * null null VT E Math.min / null null null null Math.log DD E * Math.min VT VE VT null null null null null null null null VE Math.log E Math.max null null null null null null null null VT null null null null null Math.max E - * null null null null null null null null null null null null null null null null null null null null null null null null DD null null null * Math.min null null null null null null null null null null null null null null null null null null null null null null null null null null null null DD VE null null DD E VT VT null null null null null null null null null null null null null null null null null null null null null null null null null null null null null null null null null null null null null null null null null null null null null null null null null null null null null null null null RT E VT VE null null null null null null null null null null null null null null null null null null null null null null null null null null null null null null null null null null null null null null null null null null null null null null null null null null null null null null null null null null null null null null null null ;
- - Math.max Math.min Math.max - + + Math.min - + + E Math.max Math.max + VT + DD + RT E VT EDep RT null null Math.max + - + EDep + null null + VT null null EDep + null null null null null null null null null null null null null null - + E VT RT + E + null null EDep EDep null null null null E EDep null null null null null null null null E VT null null null null null null null null null null null null null null null null null null null null null null null null null null null null RT + E + null null null null null null ST VT null null ST ST null null null null null null null null null null null null null null null null null null null null null null null null null null null null null null null null null null null null null null null null null null null null null null null null null null null null null null null null null null null null null null null null null null null null null null null null null null null null null null null null null null null null null null null null null null null null null null null null null null ST VT null null ST ST null null null null null null null null null null null null null null null null null null null null null null null null ;
- Math.min Math.max - VT E - - - null null null null Math.max - - Math.max - - null null null null null null null null Math.max E - Math.max DD E VT E Math.max - - E null null null null null null null null null null null null null null null null - VT null null DD Math.max * - null null null null null null null null E - - Math.max DD E null null null null null null null null null null null null null null null null null null null null null null null null null null null null null null null null null null RT VT null null null null null null null null E - ERP_a E - VT null null null null null null null null null null null null null null null null null null RT VT DD E VT E null null null null null null null null null null null null null null null null null null null null null null null null null null null null null null null null null null null null null null null null null null null null null null null null null null null null null null null null null null null null null null null null null null null null null null null null null null null null null null null null null null null null null null null null null null null null null null RT VT null null null null DD E null null ;
- + / / * Math.min Math.max + + ERP_a * E / Math.min Math.min EDep_a Ec Math.min E null null ERP_a Math.min null null + + E / Math.min Math.min null null null null EDep / null null null null null null null null VT - null null null null DD Math.min + Math.min null null / E DD / + / null null null null null null null null null null RT EDep_a null null null null null null null null null null null null null null null null null null DD + null null null null null null null null null null EDep / VT EDep EDep / null null null null + + null null null null RT VT EDep_a Ec + RT null null null null null null null null null null null null null null null null null null null null null null null null null null null null null null null null null null null null null null null null null null null null null null null null null null null null null null null null null null null null null null E E null null null null null null null null null null null null null null null null null null null null null null DD E null null null null null null RT Ec null null null null null null null null VT Ec E RT null null null null null null null null null null null null null null null null VT Ec null null ;
Math.max + + Math.max + Math.max + * EDep * * * E * * ST + null null Math.exp - VC + ST + null null Math.exp - VC + null null - + null null null null / null VT DD null null VC Math.min null null - + null null null null / null EDep DD null null VC Math.min null null null null EDep E - VT null null null null null null null null E E null null null null null null null null null null null null Math.min DD null null null null EDep E - Math.min null null null null null null null null E E null null null null null null null null null null null null VT DD null null null null null null null null null null null null EDep E null null null null null null null null null null null null null null null null null null null null null null null null null null null null null null null null null null null null null null null null null null null null null null VC VT null null null null null null null null null null null null null null VT E RT VT null null null null null null null null null null null null null null null null null null null null null null null null null null null null null null null null null null null null null null null null null null null null null null null null ;
Math.min * - * - - Math.min - - - E Math.max + VT * * EDep_a * EDep_a DD VT null null Math.min / * RT null null / ERP_a EDep_a E null null EDep_a E null null null null null null null null null null RT VT Math.pow Math.min Math.min E null null null null null null Math.pow Math.min null null null null null null null null null null null null null null null null null null null null null null null null null null null null null null null null null null null null null null E null Math.pow - ERP_a Math.pow null null null null null null null null null null null null null null E null Math.pow - null null null null null null null null null null null null null null null null null null null null null null null null null null null null null null null null null null null null null null null null null null null null null null null null null null null null null null null null null null null null null null null null null null null null null null null null null null null null null null null null E null DD VT null null E null null null null null null null null null null null null null null null null null null null null null null null null null null null null null null null null null E null DD VT null null null null null null null null ;
- Math.min + - Math.max + + RT + / VT VE / + RT null null E + / / null null null null E EDep_a E / null null null null null null null null EDep_a * RT / VE E null null null null null null null null null null null null null null * Math.max null null null null null null null null null null null null null null null null null null E 0.6 null null VE E null null null null null null null null null null null null null null null null null null null null null null null null null null null null null null null null Math.max + EDep_a DD null null null null null null null null null null null null null null null null null null null null null null null null null null null null null null null null null null null null null null null null null null null null null null null null null null null null null null null null null null null null null null null null null null null null null null null null null null null null null null null null null null null null null null null null null null null null null null null null null null null null null null null null null null null null null null null null VT RT Ec VC null null null null null null null null null null null null null null null null null null null null ;
- Math.min - - - - Math.min VT RT + Math.min Math.min Math.min VT DD null null null null - Math.min - Math.min / - Math.min RT null null null null null null null null null null null null - E Math.min E VT RT E Math.min DD E - Math.min E / null null null null null null null null null null null null null null null null null null null null null null null null null null - E null null VT / null null null null null null null null DD / null null null null E Math.min VT DD null null DD VT null null null null null null null null null null null null null null null null null null null null null null null null null null null null null null null null null null null null null null null null null null null null null null null null null null null null E null null null null null null null null null DD RT null null null null null null null null null null null null null null null null null null DD E null null null null null null null null null null VT DD null null null null null null null null null null null null null null null null null null null null null null null null null null null null null null null null null null null null null null null null null null null null null null null null null null null null ;
- - - + DD - Math.min - EDep null null RT E + - VT * null null null null null null null null null null * + + - null null E ST null null null null null null null null null null null null null null null null null null null null - ST * - + ST DD VT null null null null null null null null null null null null null null null null null null null null null null null null null null null null null null null null null null null null null null null null null null null null null null null null DD VT null null - ST - * E ST null null null null null null null null null null null null null null null null null null null null null null null null null null null null null null null null null null null null null null null null null null null null null null null null null null null null null null null null null null null null null null null null null null null null null null null null null null null null null null null null null null null null null null null null null null null null null null null null null null null null null null null null null null null null null null RT VT null null DD VT E EDep_a null null null null null null null null null null null null null null null null ;
- + - - + + / * DD - E Math.max Math.max DD / Math.max - null null - VT null null - - - Math.sqrt null null Math.max VT Math.sqrt - Math.max null null null null null / Math.max null null null null null null E null - RT - DD DD null null null null null RT VT null null VT null DD DD E - null null null null null null null null null null Math.max VT RT VT null null null null null null null null null null null null null null null null ERP_a - null null VT - null null null null null null null null null null null null null null null null null null null null null null null null null null null null null null null null VT DD null null null null null null null null null null null null null null null null null null null null RT E null null null null null null null null null null null null null null null null null null null null null null null null null null null null null null null null null null null null null null null null VT null null null null null null null VT null null null null null null null null null null null null null null null null null null null null null null null null null null null null null null null null null null null null null null null null null null null null null ;
