Figure 13 (top-left). Effectiveness of the local search operator.  Convergence in terms of the average percentage of applications in which the local search operator successfully enhances the initial ensemble.,Column_2,Column_3,Column_4,Column_5
,,,,
Time(min),S 5 5,V 5 5,S 20 20,V 20 20
1,0.813209336959337,0.667730580965875,0.995238095238095,0.974814814814814
2,0.761549946751866,0.62873942486156,0.994705882352941,0.954458504458504
3,0.732360730423321,0.604604920079678,0.992818292818292,0.952871591915709
4,0.690000046338896,0.578418964436323,0.987692697216186,0.950862384762304
5,0.669295533150452,0.529611622290748,0.983964580254053,0.947155570859498
6,0.640691954350359,0.481740571628543,0.979320576798662,0.942377173380803
7,0.614711813958857,0.446489237533122,0.975008765167511,0.93972058346625
8,0.596700855819018,0.407857364341649,0.970539917827343,0.931547717147235
9,0.57721252814845,0.379710580118606,0.961115517902237,0.914452235405353
10,0.564043419876529,0.364717269680598,0.958157716444833,0.90827705428087
11,0.550062358344554,0.354835618443836,0.957797564190731,0.894564158969812
12,0.544661717987839,0.3439082180967,0.952281432272019,0.887345503660366
13,0.534990555111957,0.338334422440028,0.948366475522881,0.885316663137155
14,0.527793595971939,0.33365785944885,0.938310159333096,0.874428494645683
15,0.518822253603513,0.329863616182699,0.936128118374669,0.870464873777855
16,0.511497629530387,0.326890466423312,0.9300977459017,0.867653009100471
17,0.507422011929069,0.322147559788573,0.927097193677177,0.864240025862595
18,0.500427297805839,0.319709887257609,0.919560753293461,0.86080892536362
19,0.496539667114222,0.315325894293129,0.91281180800155,0.858350464748421
20,0.49046591974208,0.312121878543936,0.912587400161871,0.855837060041699
21,0.485376468206368,0.310069817660651,0.90502020104585,0.856228323468234
22,0.483159321483249,0.307364752880813,0.900571677954101,0.852116811074304
23,0.478929253267151,0.304532673511152,0.893998691493973,0.845739949801997
24,0.474681526858035,0.302548363847355,0.891610414391964,0.844847129925303
25,0.471020470951756,0.300151504400774,0.887898596412156,0.841459397820099
26,0.468696379950206,0.297921418013931,0.880947736627758,0.841306078872041
27,0.465036786263526,0.29667014399564,0.875134851898081,0.838698776288589
28,0.461995131703962,0.294474747747764,0.869904639957679,0.835888656555889
29,0.459282236117784,0.292199996099766,0.868493752387185,0.832803806069844
30,0.457601015053214,0.289482818645193,0.862914339119386,0.830788967485698
31,0.453923450334835,0.289091728237935,0.858414276150415,0.828422423162278
32,0.452139404080904,0.287813321722931,0.855169296598704,0.824666050264958
33,0.450175162736141,0.286460605944379,0.853576193868873,0.821871124289356
34,0.448739898198833,0.285737837933295,0.850388281757832,0.816833971778968
35,0.44589386127096,0.284334962672667,0.850438040014164,0.812314428735584
36,0.443536419205411,0.283606648044617,0.849082759338047,0.808976012069777
37,0.441869335735581,0.28179981534212,0.84561222326045,0.804844568946395
38,0.439656292905608,0.280466113525099,0.843070182916572,0.801034452019126
39,0.438999576002086,0.2802843648186,0.83927905760565,0.797585005502444
40,0.436651428378061,0.279144329638032,0.835419230820813,0.794783618103115
41,0.43459959416878,0.277892451963191,0.833811398090593,0.791291337332477
42,0.432606383873768,0.277057555256698,0.832576733300188,0.786586794107334
43,0.431071502861382,0.275617606176103,0.8317250075865,0.782191475428316
44,0.429406116902835,0.274367044805556,0.8294211121159,0.779423093533652
45,0.428375422139162,0.273334053077047,0.828386216929831,0.776362362598563
46,0.42710530091493,0.27250236612613,0.826508928012774,0.773341851769085
47,0.426198070579959,0.271853974524366,0.825945226005025,0.770471069903184
48,0.424787060073167,0.271082586218796,0.823294037912811,0.766718774190613
49,0.423337102962352,0.269937615344363,0.821569347058823,0.764301694814115
50,0.422660992834172,0.269257882452762,0.819152531043259,0.761933165384285
51,0.421813811807136,0.268679432674791,0.817248626051111,0.75970098400311
52,0.419861777099874,0.268741273922074,0.815084341369016,0.755976357455029
53,0.41856462467431,0.26811179393919,0.813970333364928,0.752921871356114
54,0.417221264984465,0.267915095292064,0.812280576389613,0.751319341099657
55,0.415875385792653,0.267960523825598,0.809426080414254,0.749358308205435
56,0.41482768804432,0.267191346899068,0.808594593584226,0.746968904926744
57,0.414038587117479,0.267311560289349,0.80683126211203,0.745164023464373
58,0.413086577541614,0.267030980353503,0.80545789825223,0.744214572856478
59,0.412510071486218,0.266891377148375,0.80377846068682,0.741950266979384
60,0.411510730017531,0.266567028120545,0.802669137433061,0.740481855468851
61,0.410215618534584,0.266408535853202,0.800853370243409,0.738273626301117
62,0.409047792855418,0.266201814543929,0.798966799905928,0.735559533148041
63,0.40856656779262,0.266154688665993,0.798467862097595,0.733418979823303
64,0.407524074993886,0.265579298530026,0.796521525668168,0.730843286295455
65,0.407020094759514,0.265202718773988,0.79561069583455,0.728190225138607
66,0.406391449048185,0.265158375964003,0.793728151515332,0.725868085638467
67,0.406079469408723,0.265096697407022,0.792503665525256,0.723747702008242
68,0.405192551246991,0.265096648850605,0.788965456089714,0.72190093858636
69,0.404162835773702,0.26451065281334,0.787864694191486,0.72002520137714
70,0.403724200792257,0.264539458358305,0.787288504726207,0.718335980634818
71,0.403131432094869,0.264438969865039,0.786063612743055,0.717211742410312
72,0.402573266940552,0.264276243399253,0.784646860102343,0.714745391706665
73,0.401311117704685,0.264078285872147,0.782999348034773,0.712838985877892
74,0.400325609727962,0.263882134713403,0.782420744646451,0.71057832908
75,0.399889018355679,0.263449626718062,0.781233534707089,0.709022586855427
76,0.398780135977164,0.263137898593635,0.779945002881057,0.707350124104157
77,0.3982124407464,0.262854725323653,0.779372222990932,0.706556133156979
78,0.397336482061971,0.262788216452079,0.777713393323543,0.705495700374502
79,0.396795689163572,0.262590765305048,0.775858904822954,0.705343627109457
80,0.396149334403351,0.262767280922633,0.77417539913822,0.704143486150851
81,0.395397743904562,0.262445390459042,0.772561496072413,0.703542422007082
82,0.39449686877578,0.262359849062429,0.771347808213538,0.702875580948096
83,0.393659305291346,0.262050993361341,0.769816729745954,0.70091017671889
84,0.393077531849557,0.26197987801398,0.769124836986504,0.699756421536673
85,0.392625186916461,0.261780095357224,0.767967422000394,0.698397102174308
86,0.392297236979835,0.261824202340934,0.766567884895908,0.697107019794834
87,0.391971222213722,0.261911276101573,0.765621105278217,0.695854560734026
88,0.391124192153433,0.261710650724903,0.764011702511153,0.694843135324157
89,0.390531532953693,0.26134672669301,0.763124029838644,0.693351693874052
90,0.389789002810725,0.261060951044132,0.761926351643038,0.692454087361086
91,0.389221214508362,0.261088479948324,0.760867106074643,0.691949640705523
92,0.388707766832659,0.260888811663933,0.759834998551994,0.69069937129464
93,0.388267641857524,0.260892277096121,0.758775552430524,0.689689012133213
94,0.387901099875867,0.260474027504676,0.757307827670865,0.688105246936613
95,0.387381023574598,0.26023130489763,0.755897601915347,0.687112005732245
96,0.386664299737347,0.260291428409114,0.755012618148327,0.686226625319571
97,0.386032441946975,0.260545412168565,0.754353386428413,0.685037834460834
98,0.385345541168184,0.260374364178103,0.753610829979136,0.68356846755308
99,0.384994797118667,0.260224910238918,0.75295114534356,0.68271948085464
100,0.384548341941202,0.260018025066892,0.751204154584066,0.681474129400265
101,0.383896027879065,0.260095590605188,0.750169807863291,0.680535657712466
102,0.38325137313426,0.259965665832947,0.749112886510427,0.679107064464762
103,0.382877030080572,0.25975557980613,0.747678805667769,0.67872569270774
104,0.38221355197615,0.259548617819378,0.746626562087711,0.678277419817843
105,0.381687124761684,0.259363203234506,0.745563989250527,0.678043815018182
106,0.38126802475004,0.259206317299146,0.74473673523313,0.677269641766302
107,0.380616627929474,0.259066262971335,0.743507881256455,0.676298164401783
108,0.379755620575748,0.258846903710868,0.742692984591917,0.675661492892571
109,0.379303718361361,0.258773182633134,0.741366758456791,0.674775001368074
110,0.378988859923009,0.258784384680456,0.740206887720471,0.673321675266733
111,0.378478014043197,0.258611232849023,0.739115733470097,0.672762177107282
112,0.37819124487279,0.258666493581132,0.737834296563383,0.672528434251386
113,0.377742617436619,0.258626947485257,0.736532447589481,0.671820475668103
114,0.377319115546691,0.25867032822957,0.735337553551225,0.671158717000817
115,0.377110485876091,0.258696109792832,0.734400179800099,0.670476151799196
116,0.377028507428697,0.258652572585838,0.733445085214965,0.669081801166709
117,0.37673843643531,0.258600752418936,0.732186705188098,0.66806447551427
118,0.376333501975144,0.258699600004961,0.730370554361679,0.666976072448527
119,0.376105216463814,0.258842314815473,0.729258364432686,0.666026082644595
120,0.376174463849798,0.258820024089414,0.728442672961297,0.665418884279011
121,0.375640831565058,0.258867909942339,0.726745334335588,0.664127172873067
122,0.375640064090212,0.258805173422354,0.725316314968223,0.66324227862397
123,0.375389063635943,0.258681485816269,0.72401963809199,0.66167412267081
124,0.375395735710067,0.258614008987722,0.72296742589929,0.660941041577708
125,0.375317214889433,0.258725693817872,0.721493526182755,0.660327459767659
126,0.375105119593303,0.258916615213164,0.720741173502772,0.65925691044231
127,0.375033768720449,0.258917994349569,0.719759523143323,0.657935739278655
128,0.374984027234312,0.259076864060262,0.718670867871453,0.65738515416116
129,0.375063571866407,0.259010810127032,0.717324120243524,0.656365670151043
130,0.374816427670206,0.259111820505748,0.716380673192797,0.655556697296436
131,0.37440169320195,0.259125769082412,0.715629885086644,0.654643744016795
132,0.374047137423848,0.259256996333799,0.71448104378701,0.653368475832804
133,0.374298177933455,0.259218947213843,0.713340625895931,0.652364694923142
134,0.37411954208047,0.259263626454672,0.71205450895606,0.651427491763284
135,0.374094738689667,0.25934184371963,0.711574938658003,0.651124192340877
136,0.373918423633401,0.259313231863262,0.711164494391676,0.650044843258442
137,0.373754188703776,0.259244205199859,0.710569419993777,0.649088022642164
138,0.373561447145578,0.259426569612904,0.709748891272789,0.648099541409711
139,0.373329768419658,0.259522743770247,0.709083805824315,0.647094807583126
140,0.373549209429196,0.259433111521754,0.707761285720054,0.646618888088418
141,0.373521986029956,0.259344335034475,0.70712451866866,0.645584033821466
142,0.373424199354554,0.25945779830908,0.706254368402239,0.64453952442047
143,0.373398579758027,0.259227890504349,0.705260963630049,0.643608788772535
144,0.37316412019474,0.259082301740368,0.704473146130557,0.643136977723196
145,0.373067439577278,0.259259353973795,0.703357108333428,0.642155668916207
146,0.372979378109552,0.259189692547543,0.70266408497945,0.640845401765574
147,0.372846697421946,0.259151838221127,0.701502989609023,0.640002171871753
148,0.372792461701201,0.259202025099442,0.701045745161429,0.639299907723042
149,0.37275696833389,0.259116563438409,0.700159110494906,0.638089123156874
150,0.372397794472965,0.259120653108481,0.699015429840108,0.637343020518766
151,0.372070259507231,0.259215448888311,0.697981904215211,0.635904775032917
152,0.372041437492831,0.259002846357482,0.696914123203216,0.634659037773511
153,0.371672247452419,0.259232155154575,0.695908482458206,0.633505147132973
154,0.371330521789504,0.2593383879173,0.693856787652704,0.632521241793431
155,0.371303938212713,0.259317774608171,0.693136545473014,0.631742016505467
156,0.371154954048136,0.259274245969313,0.692075778754735,0.631065754526537
157,0.37118699940934,0.259222674319765,0.691149604841666,0.629883566368315
158,0.371112875548372,0.259156755697213,0.69012879231108,0.629057295815375
159,0.371006905382374,0.259155976883165,0.689158713183181,0.627900847240564
160,0.370510681806961,0.259127421878163,0.688321225662697,0.626762676405855
161,0.370360053207995,0.259164138131152,0.687587526363951,0.625892316918907
162,0.370345608987162,0.259247029151105,0.686606161336402,0.624958357207861
163,0.370461459029352,0.259290067841394,0.685997764183659,0.624265288193525
164,0.370283599161957,0.259085405551623,0.685217198350495,0.623719936226743
165,0.370225604135791,0.259090956233268,0.684609411435378,0.622910562243329
166,0.370084053744918,0.259170928624705,0.683587406421544,0.621928347802046
167,0.370024346635419,0.259279952155075,0.682774036018176,0.621190378692476
168,0.369998917055757,0.259215737534394,0.68178509281042,0.620241645662536
169,0.370027809895652,0.259249978061954,0.681091904768399,0.619451618346041
170,0.369888106335964,0.259208429550407,0.680494895598399,0.618803362156169
171,0.369914975012323,0.259225889457984,0.679773159928916,0.617847771432666
172,0.369817393700055,0.259144638297526,0.678996457957215,0.617354938643765
173,0.369849992088367,0.259027086640777,0.678043845155502,0.616617456507521
174,0.369723429113618,0.258922954107639,0.677477923857147,0.61609489792231
175,0.369647200160545,0.259068713331774,0.676843895465382,0.615471953303514
176,0.369244757504506,0.259066359491594,0.675585493941109,0.614931452543241
177,0.369193659805939,0.259215793192007,0.675128122155555,0.614314416368742
178,0.368883803348325,0.259130039618811,0.674617073088213,0.613452749514738
179,0.368679862361553,0.25920988111461,0.673668919647571,0.612922079377867
180,0.368590093814228,0.259098030840218,0.67283470179326,0.612202887678949
181,0.368191866938013,0.259021035773821,0.672138644468471,0.611543089942543
182,0.368163793837922,0.258819291134856,0.671626522308641,0.610810933926292
183,0.368094630535289,0.258718567240998,0.67091172147285,0.610089440379838
184,0.367819695994978,0.258730701772816,0.670227743311558,0.609741913886028
185,0.367752688805193,0.258668483726758,0.669868612593767,0.609078141071817
186,0.367455269224741,0.258582291625428,0.669380020498757,0.608537418148636
187,0.367372525736138,0.258497362529635,0.668646952623757,0.607961833449106
188,0.367210294587075,0.258517726596021,0.668208309474334,0.607666144907263
189,0.367306408835123,0.258361421091522,0.667628644878098,0.607070310922438
190,0.367102093037453,0.258351535549966,0.667028593692995,0.606281058226608
191,0.367096496626085,0.258339505469268,0.666642384439592,0.60565164937574
192,0.366971366241032,0.258171886531879,0.666019510599902,0.604934158960545
193,0.367045829093426,0.258117644706688,0.66561061865073,0.604415312912959
194,0.366915816079751,0.258023789216562,0.6649429801867,0.603792475509894
195,0.366739660047025,0.258056737362606,0.664195137548918,0.603425264816227
196,0.366637895603824,0.258092699255827,0.663664931536192,0.602741417257348
197,0.366383776500594,0.258013519527252,0.662999208838832,0.602104497649928
198,0.366421847926028,0.258030556875372,0.662866571483049,0.601508392273546
199,0.366333798427146,0.258073775759698,0.662236630748062,0.600908948846596
200,0.366115017049901,0.25802800773197,0.66156597623624,0.600292604838809
201,0.366031167682905,0.258142215317111,0.661467097946398,0.599875985214946
202,0.365791753658916,0.257968887766764,0.660939603903874,0.599360917779454
203,0.365645806383593,0.257967578807615,0.660219841172982,0.598840057220209
204,0.365608916191609,0.25791511463484,0.659372880909192,0.598565180536857
205,0.365603752278281,0.257810105637425,0.658741529289977,0.597750407136458
206,0.365598847895262,0.257750014036524,0.658094993605548,0.597035868589313
207,0.36548567622383,0.257786503893641,0.657507231289629,0.596472353054207
208,0.365621064247609,0.25778747517895,0.656818259179151,0.59565955022228
209,0.365742576433654,0.257718705113284,0.656227858396505,0.594894459006504
210,0.365771444605042,0.257640728406835,0.65563704056922,0.593977766201417
211,0.36568489848865,0.25755379288941,0.654841302348549,0.593276690991128
212,0.365672396511279,0.257483578021256,0.654350846380729,0.592755834063171
213,0.365565822845691,0.257508808049606,0.653834481662479,0.592399623574225
214,0.365330445865436,0.257627204584693,0.653220815898526,0.591724060438991
215,0.365170488131663,0.257691390280929,0.652768779559352,0.591256152853449
216,0.365062650029898,0.257778133393299,0.652199801278321,0.590770018764975
217,0.364974250104935,0.257782951435675,0.651745233205312,0.590401496384794
218,0.365030041388242,0.257833677642471,0.651458610689619,0.589923525920155
219,0.364899658956486,0.257741653285588,0.650891371124957,0.58932070456731
220,0.364886833666271,0.25777717726761,0.650697154089768,0.588801971416472
221,0.364907620130206,0.257696146894295,0.650167656305735,0.588194597216471
222,0.36490138257161,0.257678615945503,0.649702012259015,0.58761834272314
223,0.364828820128515,0.257622189388646,0.649148654396533,0.587356634732032
224,0.36460120604416,0.257683512423572,0.648587926850718,0.586746153372592
225,0.364469256284822,0.257610206522092,0.648067847823668,0.58629615871195
226,0.364309194813584,0.257595854843742,0.647594248168628,0.585937430799342
227,0.364367555753283,0.257722635940897,0.646967864254286,0.585552661246239
228,0.364408565523523,0.257538182258871,0.646611728502543,0.585138601295086
229,0.364457155244736,0.257546797958001,0.64600252595383,0.584336523296844
230,0.364463724588839,0.257511770681496,0.64552998298893,0.583707842319115
231,0.364376795145216,0.257510556307811,0.645118645841532,0.583311122940365
232,0.364505292268459,0.257511504413362,0.644561128457716,0.582812641820621
233,0.364476584021877,0.257480998294178,0.643920070498186,0.582608312817105
234,0.364372743118333,0.257431682804285,0.643421148738834,0.581864985116099
235,0.364180690220089,0.257458417974583,0.642886214685257,0.581301900941049
236,0.364200379610426,0.257357058445295,0.642253071253053,0.580842353994373
237,0.364131626770656,0.257423431557136,0.641487111584986,0.580374195651896
238,0.364135463858961,0.257511878339541,0.640933877223373,0.580129348100445
239,0.36413063997711,0.257607661471437,0.640674012300201,0.57937605605362
240,0.364160947898867,0.257595609844068,0.640361830484542,0.578846240054443
241,0.363996673512,0.257474739730509,0.639989895944285,0.578195801819631
242,0.363818859357259,0.257470116199176,0.6393695300264,0.577762031073404
243,0.363896793429644,0.257411947538166,0.638881665655005,0.577298316390803
244,0.363990894346131,0.257358902041356,0.638452218767981,0.576844565283103
245,0.363987067778507,0.2573162794261,0.638242535967432,0.576676764580771
246,0.36394512166352,0.257344424527466,0.637671693778621,0.576117286676318
247,0.364032927023767,0.257422328228561,0.637209022489473,0.575625610100747
248,0.363969232826469,0.25742921780708,0.63665250199994,0.575059031863261
249,0.363982126057463,0.257405148091023,0.636218284366432,0.57474085378312
250,0.363825367244417,0.257497522564947,0.635920097874623,0.57436830754559
251,0.363680188798009,0.257518680244598,0.635664210348311,0.574211408802732
252,0.363743531154549,0.257627625528841,0.63525935433743,0.573864489778069
253,0.363564478316835,0.257607798346262,0.634950630743293,0.573487309541676
254,0.363512777398974,0.257544167149907,0.634598219359066,0.572962443867014
255,0.363500094357302,0.257581718659922,0.634167179976653,0.57251356709075
256,0.363541450042113,0.25764653957406,0.63348091774134,0.571988696819505
257,0.363335122505756,0.2575790639472,0.633056107962191,0.571625677337402
258,0.363220731958778,0.257561746633406,0.632555302184775,0.571139767004798
259,0.363146527740301,0.257495192221171,0.632206423669276,0.570765301377281
260,0.363131281985436,0.25756273330909,0.631905181372737,0.570596616180825
261,0.363105526719364,0.257604436539773,0.631447717358949,0.57020867476798
262,0.363116950131744,0.257593920260195,0.630985468061103,0.569952735227323
263,0.363023960568072,0.25765391066722,0.630631168600084,0.569522946971979
264,0.362973866550241,0.257669871086182,0.630356227263736,0.569082258515344
265,0.362915727320536,0.257657124707784,0.630044995170423,0.568705179994172
266,0.362912147291533,0.257728773395615,0.629802471278987,0.56833914160304
267,0.362818795673465,0.257803288193819,0.629543668418996,0.568163795747583
268,0.362791621891292,0.257826164162828,0.629213352990299,0.567791775745773
269,0.362685478850947,0.257855564216343,0.628877400780435,0.567572046176107
270,0.362601349781616,0.257876764124119,0.62851766058323,0.567217117542602
271,0.362632517517435,0.257984372344336,0.628082767360287,0.566773934220178
272,0.362445062786914,0.258078825069241,0.627965205280279,0.566249173006078
273,0.362524850888502,0.258158623816615,0.627555341769685,0.566033531363524
274,0.362519605600402,0.258185585824315,0.627048459905299,0.565728730995343
275,0.362385124394201,0.258246577954469,0.626520004955383,0.565400094237479
276,0.362461026344564,0.258183188161374,0.626078861013289,0.565050536818589
277,0.362442585623458,0.258138560419607,0.625711413468085,0.564844267864528
278,0.362438389099658,0.258150425298991,0.625202596398553,0.564507427226519
279,0.362519057985662,0.258227740270408,0.624693226296415,0.564307008480772
280,0.362588460524367,0.258257167144851,0.624542663938881,0.563919284116059
281,0.362526675026903,0.258214277889278,0.624138146889223,0.563473094163021
282,0.362409152030042,0.258207714589552,0.623793571130368,0.563107868058304
283,0.362391780698082,0.258302303500657,0.623172931297125,0.56280911977108
284,0.362436980349803,0.258202776793778,0.622831410943387,0.562268249713789
285,0.362446965746601,0.258222139702199,0.622342304125591,0.561912100240526
286,0.36239589607097,0.258289578537052,0.622046433138784,0.561605765827473
287,0.36228127742074,0.258368255875007,0.62192641781461,0.561217967679576
288,0.362312658161455,0.258368093586281,0.621487576522478,0.560847721488889
289,0.362365701971018,0.258443251887069,0.621185343825237,0.560397491221734
290,0.362284212826233,0.258433440600039,0.620676865999677,0.559963991945465
291,0.362256277123359,0.25845811698154,0.620374605425214,0.559547972727069
292,0.362178591187023,0.25856262243354,0.619984541381496,0.559124955509582
293,0.362183003886684,0.258494274795699,0.619607844063653,0.558656596908198
294,0.36206333309018,0.258549889720981,0.618991052975349,0.558322121370356
295,0.362055769430895,0.258571899454315,0.618425197559874,0.558051447123241
296,0.362126394115409,0.258603838654453,0.618050617820561,0.557664660579565
297,0.362000094627292,0.258644879265692,0.617703757124777,0.557345656961552
298,0.362108156260314,0.258644514056977,0.617139390959732,0.556780483765522
299,0.362012575710278,0.258659538969479,0.616709327289006,0.556420099845126
300,0.362067686874733,0.258745393862414,0.616281070900541,0.556078853131574
301,0.362065820959826,0.258874053063488,0.615829654451052,0.555620127524386
302,0.362115272887411,0.258814810003158,0.615585423630151,0.555054310133289
303,0.362225554512847,0.258831817179093,0.615170115369441,0.554672140224925
304,0.362175070079666,0.258816619703782,0.614826905716416,0.554246669709449
305,0.362118543709785,0.258808759995159,0.614340583003231,0.55378164628091
306,0.362137278765928,0.25881644340786,0.613822009352693,0.553415369179378
307,0.362068697623948,0.258913776121572,0.613713148312258,0.552882930780119
308,0.361994304239141,0.258908701491433,0.61333581336375,0.55252568437687
309,0.361997702731726,0.258943946802129,0.613113291191053,0.552164467169633
310,0.362141095133868,0.25892605707428,0.612359780256129,0.551789446624661
311,0.362114586938657,0.25893823672869,0.611849944148687,0.551334383697319
312,0.362234262254536,0.258919023355836,0.611609304255589,0.550873896944158
313,0.362206442263232,0.259054599041099,0.611248333627267,0.550559765593468
314,0.362269690350315,0.25920296291099,0.610892958501111,0.550155992321936
315,0.362179271197326,0.259284724923731,0.610544792008991,0.549853077966907
316,0.362127195972353,0.259404024816546,0.610245825867312,0.549362069785122
317,0.362180991701415,0.259483785708307,0.609972597504986,0.548894966145602
318,0.362088919567666,0.259525647815941,0.609707147845718,0.548630950391124
319,0.362065871912761,0.259702834207718,0.609260093146314,0.548169462535952
320,0.361922228611654,0.259748565703925,0.608904911958893,0.547685192336397
321,0.361939538817759,0.259780455289904,0.608554775543259,0.547247252927746
322,0.361942509208875,0.259781822879314,0.608279991221666,0.547023987325542
323,0.361903129679494,0.259835287241984,0.607856699886951,0.546514555783056
324,0.361785645052048,0.259867650035845,0.607729453986483,0.546379834294822
325,0.361800353364832,0.259905671904614,0.607380083787857,0.546033162724031
326,0.361693694823058,0.259980935347224,0.606995365958888,0.545812482723633
327,0.361633259425285,0.260047620593317,0.606711246514007,0.545458668852567
328,0.361637326096259,0.260089696469513,0.606487941840719,0.545118810330077
329,0.361708605395176,0.260118746935954,0.606089653108598,0.544839702766964
330,0.36168484291907,0.260225892551695,0.605844106939521,0.544617687446947
331,0.361898427487992,0.260301137079597,0.605623474721487,0.544441245515107
332,0.361890947653877,0.260336456660783,0.605604774113445,0.544190516112736
333,0.361834116559497,0.260214287427003,0.605334438458878,0.543983056088177
334,0.361862106727061,0.260362240873573,0.604821044256578,0.543588350440954
335,0.361821472044847,0.260408021681277,0.604571170232343,0.543353741781167
336,0.361793342820376,0.260371428122028,0.604398413133175,0.54304318699062
337,0.361713988313366,0.260416047910623,0.604152251345135,0.542879387163674
338,0.361518959781461,0.260437963476823,0.603770956431073,0.542551612119389
339,0.361396262776033,0.260501498640407,0.603457722522689,0.54213684369418
340,0.361403671098788,0.260474392367684,0.603034630739881,0.541695356985784
341,0.361462183159189,0.260458969442181,0.602796279010486,0.541519064951242
342,0.361444598206056,0.260478636465468,0.60251637039481,0.541109821813883
343,0.36137976847725,0.260404548089046,0.602293130763138,0.540677563801575
344,0.361345801988031,0.260406656507301,0.6018406386233,0.540528893330311
345,0.36140973967439,0.260383819246582,0.601537031476508,0.540105834681742
346,0.361396978708676,0.260422824587591,0.601182544176859,0.539837568570993
347,0.361375562579478,0.260482435166618,0.600957630267211,0.539522001529362
348,0.361350276006069,0.260485640762132,0.60048168169544,0.539227462055887
349,0.361441403901328,0.260583246226428,0.600246714164393,0.538832331470065
350,0.361338532478161,0.260667719064679,0.60003798126689,0.53849537363458
351,0.361371511260143,0.26070034515681,0.599860010325696,0.538175844987807
352,0.361346147049699,0.260773061053529,0.599669911989749,0.537831530148347
353,0.361354648474038,0.260830982551709,0.599048783887417,0.537509031391849
354,0.361331127590235,0.26093792265116,0.598682632179176,0.537318858689506
355,0.361401870010808,0.261017814285646,0.598492531108007,0.536960588122217
356,0.361376014228894,0.260952669616556,0.59812825736573,0.536749086326517
357,0.361323232595098,0.260925643023555,0.597863514497744,0.536505662560626
358,0.361354103725863,0.261004050495372,0.597487081474562,0.536152640486923
359,0.361358634890603,0.261001870744647,0.597400466051819,0.535972084410396
360,0.361371867656233,0.261076624810426,0.597081124252962,0.535663757691339
361,0.361338775952683,0.261181224647655,0.59665920865323,0.535415542546223
362,0.361407764893304,0.261243402058722,0.596333337127821,0.535062207738809
363,0.361352252518562,0.261344609242423,0.596050502304459,0.534850957893102
364,0.361314270578482,0.261340172384567,0.595767584693042,0.534523055949803
365,0.361312922686569,0.261428731113052,0.595480015975291,0.534150106923434
366,0.361343856017403,0.261516346202283,0.595178139751849,0.533957973737971
367,0.361256909419355,0.261524382621176,0.595001626891985,0.533743405676864
368,0.361307162529531,0.261563336186766,0.594763776230508,0.533631745492142
369,0.361271352905502,0.261565194169415,0.59443742722575,0.533419853370815
370,0.361232358937678,0.26162536393239,0.594032788871305,0.533201010529598
371,0.361301076379727,0.261653672075921,0.593780562971855,0.533068775767807
372,0.361277526687247,0.261732590212923,0.593377084299936,0.532816414658179
373,0.361239014995305,0.261790865500877,0.592975757006463,0.532498379099885
374,0.361211094115817,0.26182260968397,0.592713236779038,0.532395550757155
375,0.361173905292873,0.261872407262121,0.592324943496665,0.532035604496722
376,0.361141069252147,0.261873369713314,0.592089056202906,0.531860516333238
377,0.361100004255555,0.262042548129822,0.591692370621648,0.531761078552909
378,0.361067401845713,0.262062112520057,0.591401963566655,0.531429957106745
379,0.361174716185062,0.262102068152539,0.591072992922042,0.531254640192083
380,0.361134128380503,0.262104808508002,0.590764501378576,0.531018749671949
381,0.361072372803232,0.262094214600781,0.590487597540394,0.530757973262162
382,0.361071476165615,0.262177667317339,0.590146054576903,0.530577132830868
383,0.361143496329906,0.262253769645892,0.590050907752245,0.530585307633651
384,0.361103556795049,0.262267596359759,0.589931134254937,0.53031380789552
385,0.361089496075432,0.262367342652008,0.58944140391753,0.529987273544414
386,0.36109453256789,0.262356627474108,0.589300779953555,0.529780356690539
387,0.360979646642705,0.262430565441232,0.589022648924617,0.529680142616104
388,0.360923101365532,0.262479917537723,0.588684123318074,0.52958171158824
389,0.36085718418316,0.262504294688116,0.588311070759969,0.529477341998708
390,0.360784234721286,0.262421912870584,0.588101084443645,0.529195771457727
391,0.360856611164224,0.262427370235068,0.587900385001786,0.528796122721933
392,0.360777606428081,0.262511047069375,0.587597578054306,0.528525458997847
393,0.360774037462672,0.262563765659734,0.587260635221998,0.528308833022066
394,0.360779862718102,0.262577358687764,0.586995613434557,0.528213537709522
395,0.360757951152701,0.262640424282138,0.586757565625123,0.528100675780814
396,0.360761749113628,0.262666235348323,0.586561739085272,0.528026630968129
397,0.360728201179117,0.262727236846314,0.586469712224768,0.527843241691843
398,0.360701141642492,0.262712942243697,0.586178032367339,0.527651044439716
399,0.360677183165395,0.26272206161278,0.586007308287278,0.527418869908096
400,0.360596665866148,0.262740841925082,0.585699928536709,0.527296988060122
401,0.360596886933417,0.262702715453454,0.585411565907802,0.526972842862663
402,0.36063850657184,0.262777482926617,0.585235808166799,0.526798925117058
403,0.360631914207067,0.262768423109265,0.585071238828619,0.526710510020912
404,0.360618541817525,0.262846152554148,0.584960948392779,0.52643314030283
405,0.360616929820229,0.262871530753991,0.584872286359166,0.52620813808817
406,0.3606025825992,0.262820027919089,0.584621922598515,0.525964023732946
407,0.360564673938292,0.262799878515467,0.584434924951356,0.525733126747959
408,0.360543393444032,0.262848638564039,0.584345635616939,0.525669165189196
409,0.360614732526863,0.262850074422217,0.584102021354504,0.525376603249103
410,0.360632534973843,0.262886120953311,0.583796709829602,0.525119092844289
411,0.360565567114743,0.262894117823673,0.583592348082915,0.525004317624478
412,0.360477892704677,0.262903133052948,0.583374502900964,0.52477039630326
413,0.360467633169823,0.262880395015208,0.5831101813245,0.524505434965267
414,0.36049457678196,0.262899148976231,0.582943716217851,0.524333110092513
415,0.360470195484665,0.262878825893499,0.582772050154322,0.52423101162376
416,0.360475192800578,0.262929038532144,0.582451782397564,0.524056422308774
417,0.360424171195141,0.262992344004591,0.582181896654638,0.523849159147958
418,0.360394525896941,0.263021290834401,0.582046142928216,0.523712724755862
419,0.360392627322661,0.263081393729805,0.581874193165252,0.523446208445269
420,0.360440927636696,0.263160126406973,0.581575012312277,0.523267732924631
421,0.360496007799182,0.263143362624218,0.581267875130437,0.523137237401561
422,0.360531155839289,0.263124172248773,0.581098901397821,0.522896498908104
423,0.360544043062739,0.263266874883238,0.580866904412574,0.522633782410544
424,0.360529580860027,0.263275495758904,0.580641794134554,0.52238431633476
425,0.360552625706638,0.263287532229442,0.58041222204538,0.522096780472305
426,0.360587857426555,0.263302074631247,0.580172199698715,0.521846230504199
427,0.360487843704427,0.263341612608225,0.579937182169888,0.521598127095446
428,0.360442826012658,0.263405095894612,0.579665512206012,0.521436478371636
429,0.360436441610496,0.263430629518103,0.579510956754248,0.521330925166339
430,0.360423947257744,0.263463892078278,0.579199027935697,0.521111159948413
431,0.360377818061307,0.263499751610881,0.578891655651641,0.520858763846344
432,0.360289889226534,0.263547987877878,0.578451800015051,0.520593898418151
433,0.360263199268208,0.263594834752582,0.578261422137064,0.52033234793408
434,0.360210403111666,0.263593859975528,0.577939464290073,0.520037567023829
435,0.360222956591821,0.26362570311911,0.577652712246258,0.519812948804316
436,0.360249118227353,0.263630200941644,0.577564796938858,0.519554929166355
437,0.360223156013026,0.26369285301213,0.577151378449626,0.519347655500162
438,0.36019244483979,0.263686984041845,0.576857540030637,0.519169604732218
439,0.360137168865649,0.263698760711069,0.576708438628511,0.518992076175863
440,0.360062315468071,0.26366612722093,0.576504057873821,0.518881134334303
441,0.360104869982542,0.263736280779335,0.576259556192528,0.518724368127445
442,0.360011112345556,0.263761388653819,0.576056660338494,0.518554363658897
443,0.360038591237384,0.263793237641639,0.575832178554963,0.518334542614776
444,0.360074869340648,0.263785806470263,0.575669929069194,0.518129083524046
445,0.36002351856522,0.263773494153819,0.575595335491079,0.518043428097822
446,0.360016488953341,0.263750939372086,0.575399158689444,0.517735330418918
447,0.360073247387394,0.263802414640524,0.575175462491037,0.517512535097521
448,0.360079678241265,0.263841075321223,0.574994814424077,0.517183635739622
449,0.360029103362906,0.263903522555955,0.574749938436179,0.51703096044308
450,0.360064479043697,0.263930621414692,0.574568005713849,0.516820434322075
451,0.360087663954269,0.263936544939645,0.574256502306262,0.516549943784462
452,0.360037786030304,0.263933836474741,0.574124299004816,0.516376367691135
453,0.359941614775154,0.263956535901873,0.573947189746201,0.516182632129648
454,0.359981444191298,0.263969197067001,0.573604967080624,0.51603512121355
455,0.359877310261492,0.263997277234146,0.573359150388414,0.515799744270839
456,0.359913416107761,0.264016845348873,0.573158712128606,0.515611559519443
457,0.359899906148595,0.264032014556479,0.572974631202615,0.515574515353204
458,0.359866600101006,0.264022512082363,0.572814570261566,0.515568245793084
459,0.359902296240281,0.263988115989105,0.572634017936101,0.515422922983195
460,0.359838118165917,0.26401015116594,0.572441645623636,0.515235500515285
461,0.359783276830205,0.264026553357315,0.572341232846406,0.515154236314695
462,0.359770416536956,0.264046751359973,0.5721772696421,0.515008507117371
463,0.35972398871863,0.264115074859964,0.571932191038096,0.514936875094981
464,0.359781981564381,0.26418133550986,0.571738923926205,0.514803703201017
465,0.359790221391158,0.264152681354265,0.571500137303441,0.514628458794942
466,0.35984606747686,0.264196330371529,0.571256810607631,0.514455735139578
467,0.359828009601913,0.264227372441509,0.571014487727282,0.514393781710252
468,0.359850281627334,0.264288581434963,0.570960973686139,0.514155186892174
469,0.359971813115953,0.264251856029155,0.570824531779991,0.513982717925894
470,0.359985910989361,0.264297669621393,0.570603683848876,0.513728966184377
471,0.359923928976737,0.264329300205654,0.570412927321491,0.513516872717718
472,0.359897253335674,0.26436883796572,0.570268395511178,0.513195295940883
473,0.359885298944454,0.264400536011542,0.570034637361827,0.513071580559778
474,0.359906825471156,0.264456791132883,0.569815714217006,0.512826402519542
475,0.359857341472124,0.26445894151425,0.569681541750416,0.512682534240643
476,0.359883192082079,0.264471029864766,0.569339540534015,0.512485679521804
477,0.359940296117956,0.264519200662077,0.569127911058031,0.512277835933975
478,0.359895843204331,0.264549125928243,0.569031216424493,0.512041608508519
479,0.359871723043504,0.264600074146667,0.568747215861185,0.511950820641629
480,0.359871271805014,0.264586797980726,0.568555976181669,0.511775515274364
481,0.359808512076277,0.264647213531501,0.568412339359068,0.511654560760354
482,0.359818814107136,0.264683717165334,0.568239111747329,0.511498833045066
483,0.35985370821843,0.264684077718161,0.568069434361459,0.511302825184252
484,0.35988780760979,0.264658193190114,0.56792472715973,0.511161379611458
485,0.359939460341792,0.264671900614085,0.567777170714897,0.510905258888852
486,0.359898627747881,0.264696089607133,0.567637868816681,0.510618808494461
487,0.359925890472566,0.264662531949376,0.567475911966786,0.510409149276414
488,0.359972551189024,0.264672902201128,0.567356884563517,0.510233566573436
489,0.359950406750263,0.264654832995129,0.567036622430991,0.510123626481797
490,0.359980376417345,0.264738020777022,0.566883969696268,0.509901353367153
491,0.359943541770351,0.264750488856363,0.566794865578693,0.509779738128137
492,0.359901404827018,0.264781016017373,0.566568157159408,0.50964920836264
493,0.359889952418992,0.264741232256435,0.566378642857294,0.509512322792481
494,0.359834105122576,0.264734089686192,0.565991289125037,0.509292432767056
495,0.359824182357007,0.264693596928173,0.565832611494723,0.509162069711787
496,0.359809194834058,0.264701553701151,0.565546374036503,0.508971720965281
497,0.359750508049442,0.264737811551593,0.565420874962296,0.508785575889816
498,0.359799986952096,0.264779270209163,0.565365362347701,0.50858086952892
499,0.359854920277701,0.264777836930481,0.565217999509843,0.508461788590352
500,0.359797918695831,0.264782823719633,0.565071454752029,0.508411366833896
501,0.359710283429479,0.264821353769346,0.564881459901418,0.508326933067875
502,0.359673648911633,0.26483108097594,0.564762928769527,0.508170827276374
503,0.35967787323956,0.264984329395802,0.564566369201473,0.50791764245223
504,0.359686150129299,0.265035434678971,0.564293270076555,0.507676658328337
505,0.35969503340611,0.265037496054723,0.564148139766862,0.507487273794945
506,0.359664599895786,0.264988689187886,0.564067497898088,0.507358590574235
507,0.359650147192115,0.265024149695747,0.563879965003909,0.507351247564423
508,0.359694812737624,0.265068815366894,0.563648103342853,0.507289488413273
509,0.359797021469731,0.26508219934857,0.563567104593525,0.50723660851321
510,0.359771435294963,0.265107714713971,0.563343163469359,0.507076746326135
511,0.35975429522734,0.265172376296112,0.563245290380834,0.506885924921853
512,0.35974386574324,0.265185378979112,0.563093345895812,0.50675283101477
513,0.359791027082688,0.265205691060824,0.562895686823705,0.506619372787679
514,0.359790481492955,0.26526508943137,0.562768126361797,0.506491640457464
515,0.359817196196562,0.265237921026999,0.562587722857098,0.506372507611162
516,0.359922071723251,0.26530608921471,0.562364229838513,0.506404225817728
517,0.359953833890234,0.265369204705733,0.562240124135592,0.506293017834558
518,0.359960431188445,0.265360683001171,0.562124855819535,0.50620442588101
519,0.359950243756471,0.265422915633631,0.561819660565148,0.506036283236339
520,0.359850390977668,0.265434403479762,0.561685427852801,0.505933542642065
521,0.359890126310142,0.265457439951692,0.561537973752423,0.50582198966394
522,0.359937285216364,0.265536406352805,0.561448937990424,0.505719899439196
523,0.359959835467682,0.26556298668763,0.561245443823973,0.505501432897412
524,0.359930704280932,0.26556680789743,0.561134645124802,0.505409183829268
525,0.359904285499188,0.265649144459036,0.56099807644765,0.505224858230821
526,0.359815780452271,0.265661467162216,0.560936880766328,0.505179687253115
527,0.359768615012719,0.265650920138059,0.560764357241904,0.505131197890605
528,0.359710701281224,0.265651854819596,0.56055708199603,0.504935091202801
529,0.359670692655477,0.265641388215934,0.560485331754943,0.504834036749983
530,0.359654938783193,0.26571466062901,0.560214669363403,0.504688684736765
531,0.359649642621765,0.265732218373963,0.560112092205686,0.504577227734847
532,0.359601641475513,0.265759087689106,0.559873450969864,0.504456606716927
533,0.359554273155464,0.26585866325707,0.559705176035332,0.50443546296225
534,0.359544998003064,0.265942105308113,0.559638689494212,0.504266355069035
535,0.35962227027427,0.265956759909364,0.559510060565183,0.504199667203309
536,0.359560894427676,0.265978462228484,0.559341732149926,0.504087340463099
537,0.359571665200198,0.266046061217812,0.559203451594625,0.503908326269027
538,0.359620512680437,0.266100933420967,0.559083709674272,0.503741195916312
539,0.359583211782114,0.266086199686315,0.558943950406546,0.503524294920207
540,0.359594791945361,0.266111138103444,0.558752182457632,0.503418095217383
541,0.359568883908252,0.266157762537599,0.558673399311877,0.503169574583873
542,0.359539069460635,0.266171161740456,0.558475504540991,0.503058607004808
543,0.359534964102421,0.266157383910255,0.558385114333207,0.503075053940965
544,0.359556904373383,0.26615650737794,0.558218284592924,0.503028878511922
545,0.359531440612313,0.26619616264423,0.558161508592482,0.502983482130451
546,0.359480479926498,0.266124133471042,0.557934298870048,0.502837434122616
547,0.359447679523768,0.266142137510751,0.55780064418559,0.502692312219294
548,0.359420276369829,0.266218506267318,0.55765621807136,0.50256231348627
549,0.359403177996385,0.266257363258455,0.557621095425547,0.502486456675643
550,0.359415607352417,0.266274383444005,0.55761343534615,0.502370424436374
551,0.359459292016962,0.266282048486815,0.557511051238207,0.502205488052985
552,0.359490124638013,0.266324646826099,0.557355436830084,0.502037184956139
553,0.359511760727175,0.266353181891736,0.557294270541852,0.501977789520478
554,0.359465373860458,0.266377936688488,0.557243280392267,0.501797065180523
555,0.359454174847337,0.266367919550261,0.557057209070538,0.50166428457829
556,0.359382499053702,0.266405830746657,0.556873694942268,0.501622461139043
557,0.359323708386816,0.266434529200363,0.55669695123603,0.50142842641142
558,0.359295094055492,0.266456308063929,0.556598104173551,0.50130502554787
559,0.359347229828901,0.266451319869256,0.556540516263913,0.501137580547441
560,0.359361348274134,0.266492555901397,0.556442358523573,0.50094031492785
561,0.359280565749141,0.266484638372814,0.556410642255029,0.500885670353457
562,0.359268859836356,0.266487160626096,0.556220592904324,0.500750215875272
563,0.359198987190999,0.266534420194457,0.555992914805872,0.500576715625567
564,0.359131662734046,0.266540193750588,0.555924996806893,0.500463295214951
565,0.359122473209602,0.266587794283085,0.555834985597299,0.500344788183173
566,0.359128130048769,0.266597791989308,0.555794967407966,0.500230994745743
567,0.359138401987365,0.266578504012752,0.555682591201008,0.500112471246841
568,0.359152577700384,0.266554639321932,0.555586930507475,0.500003437257447
569,0.359153559194177,0.266587159376095,0.555438606233901,0.500051333219415
570,0.359135460511727,0.266584224681047,0.555244206504683,0.499857549953099
571,0.359200499986408,0.266591766021037,0.555002084587366,0.499723326364274
572,0.359220343253142,0.26663303153589,0.554853502642757,0.499595736100819
573,0.359225356952027,0.266645390250077,0.55480474270623,0.49940290157105
574,0.359157338967949,0.266658218006468,0.554702467478786,0.499303097023501
575,0.359167852948699,0.266726275874071,0.554568511803415,0.499075952638953
576,0.359220716870625,0.266768143635455,0.554541645383877,0.498991262705136
577,0.359226699275622,0.266817212676078,0.554509996512706,0.498821949888132
578,0.359264812529741,0.266827616439146,0.55438646029625,0.498708298558976
579,0.35931828962,0.266787598767924,0.554253899134957,0.498539351546258
580,0.359366125510471,0.26681039303012,0.55412492075892,0.498394963361907
581,0.359385379422173,0.266816318995164,0.55402681158171,0.498254075846469
582,0.359390718658455,0.266824240991513,0.553868735193173,0.498183350773852
583,0.359391812333232,0.266869355787113,0.553755297432926,0.498006262751263
584,0.359382756999058,0.26681807213105,0.553634149608265,0.49790353633656
585,0.359324659448288,0.266837765730421,0.553430561217808,0.497736904932399
586,0.359276465381147,0.266828562259283,0.553334001322645,0.497591692119007
587,0.359274069392486,0.266781050218336,0.553291408008737,0.497482925708629
588,0.359233023772452,0.266765465252131,0.553092653781355,0.497347016253701
589,0.359256334498394,0.266837831213535,0.552999742223866,0.497259920066814
590,0.359245500168583,0.266817615959681,0.552919025858519,0.497145002094536
591,0.359152869499019,0.266866686480753,0.552880860058432,0.497111535132741
592,0.359211709997412,0.26690534808906,0.552820615575564,0.497077205872443
593,0.35922342487317,0.266936294947511,0.552686179295572,0.49701415895672
594,0.359208270733386,0.266943197389479,0.552623530973025,0.49687965233996
595,0.359269811633988,0.26695501369794,0.552487694381092,0.496748672127463
596,0.359229062033381,0.266945421561956,0.552383187199906,0.496596450688704
597,0.359198913763231,0.266912918296585,0.552279528034835,0.496392701722159
598,0.359223087400708,0.26692111883895,0.552175973818647,0.496191408078311
599,0.359228290246771,0.266935509899735,0.55212424345934,0.496054893486313
600,0.359197194282273,0.266920991788671,0.552042594739727,0.496018170584969
601,0.35924860560143,0.266972990695138,0.55190834201041,0.495947595586057
602,0.359259525928615,0.266962796744427,0.551811412552058,0.495773083664886
603,0.35924147595205,0.266999450610686,0.551707230931325,0.495725625664439
604,0.359330289034246,0.267007969999725,0.551609452626856,0.495638413031438
605,0.359289900464296,0.267048149777452,0.551515892939706,0.495530060440047
606,0.359281904517737,0.26707387260107,0.55134736092927,0.495497366499583
607,0.359260785095976,0.267085439453029,0.551203123791952,0.495357499273239
608,0.359275737655147,0.267140996118287,0.551183970241864,0.495254707499224
609,0.359275085639617,0.267163295404725,0.551059897510297,0.495082385117388
610,0.359245914398166,0.267143540196262,0.550947045392906,0.494977525936709
611,0.35931457903774,0.267184192210692,0.55078238829007,0.494863904975565
612,0.359306417267969,0.2671796691642,0.550721663115799,0.494840097591869
613,0.359353426291176,0.267200253526651,0.550540335066799,0.494715213107125
614,0.359377241401478,0.267245427496435,0.550304389400538,0.494614985648065
615,0.359363711411763,0.267264814114663,0.550142503261084,0.494548812219206
616,0.359390695688241,0.267269779860793,0.550007984031478,0.494464830680846
617,0.359350462368587,0.267284192764339,0.549857864677377,0.49431716398623
618,0.35939457421791,0.267295480486835,0.549743722403123,0.494263755243918
619,0.359408724068996,0.267283736637696,0.549622897756067,0.494180050530114
620,0.359471128191092,0.267344457280782,0.549476169363443,0.494080989106938
621,0.359506939976596,0.26741452389274,0.549409677949196,0.493969579842877
622,0.359536380020318,0.267434270626455,0.549291480738965,0.493833110216724
623,0.359517991406993,0.267462667875093,0.549195503647494,0.493736399248007
624,0.359531766954802,0.267522193303139,0.549165149818348,0.493712228138745
625,0.359608682821493,0.267571587076689,0.549092033031317,0.493703457616352
626,0.359628610536682,0.267608833160783,0.548925507727509,0.493582667609949
627,0.359598552765908,0.267621083289022,0.548909464052866,0.493487889367289
628,0.35962618106412,0.267638685883331,0.548752050372648,0.493348331595263
629,0.35960311798866,0.267584309568145,0.548634462552164,0.493272285352826
630,0.359575181243294,0.267588697655967,0.548559036658279,0.493267334716684
631,0.3596116431704,0.267573318781271,0.54844324302146,0.493187755061217
632,0.359610076244529,0.267574281267671,0.548400993439236,0.493066037006359
633,0.359622552777842,0.267654093786817,0.548378961621836,0.493007084776956
634,0.359601128434402,0.267691896435469,0.548314139917084,0.492880762577904
635,0.359595503603817,0.267673533385652,0.548290916054599,0.492717326986643
636,0.359612743147525,0.267683803351133,0.548134563021844,0.492642823804546
637,0.359583306749967,0.267720339957957,0.547992025138765,0.492647807393681
638,0.359552487410597,0.267747974075594,0.547865530509791,0.492545077444644
639,0.359546249217554,0.267813609887824,0.547801509794793,0.492351575616763
640,0.359552477874125,0.267847908510405,0.547803030035261,0.492227705470822
641,0.359519769400512,0.267835617971626,0.547729030531741,0.492130073548377
642,0.359488276848418,0.267889449575928,0.547728845771935,0.492088722943227
643,0.359464572178792,0.267890376431892,0.547642585739496,0.49208982000872
644,0.359407683138426,0.267945830766963,0.547629679434944,0.492061367424731
645,0.359474051224858,0.267975889123842,0.547603519658863,0.491985908656973
646,0.35944962528452,0.268013440215066,0.547469812912945,0.491823022803402
647,0.359427143412599,0.268023767781424,0.547408295981163,0.491779288966221
648,0.359444694401847,0.268052308391189,0.547410926709915,0.491643033128932
649,0.359444556761236,0.268078444176458,0.547273078542814,0.491553159664885
650,0.359440641840329,0.268074335149997,0.547215814235782,0.491492865687574
651,0.359455423346926,0.268060606521463,0.547112980696119,0.491295163014324
652,0.359494315501477,0.268026610227265,0.547072549674492,0.491303152317711
653,0.359482825565937,0.267985454110949,0.546837536229754,0.491115927392823
654,0.359489716069214,0.267973433819427,0.546783311195465,0.491037096634564
655,0.359464662817372,0.267969922491611,0.546659182968036,0.490891338231638
656,0.359424983405418,0.267997943648259,0.546635240986214,0.490694233788468
657,0.359371334157874,0.268038173764925,0.546536498133395,0.490557786434786
658,0.359362534949094,0.268060454917878,0.546346752852492,0.490549339561271
659,0.35931914686081,0.268046265334983,0.546318134365074,0.490448347541103
660,0.359324147676287,0.268046083063933,0.54619026010124,0.490388383093183
661,0.35933813533394,0.268092776626927,0.546136741715212,0.490276425293799
662,0.359267921130435,0.268122656168285,0.546126910052864,0.490187890869416
663,0.35930733411198,0.268164856963612,0.546054621370417,0.490134136277285
664,0.359331067553357,0.268154984040515,0.546001561102215,0.490081483116596
665,0.359346201071936,0.268144259094603,0.545881429195431,0.490019266040126
666,0.359315921616689,0.268155318308945,0.545781459055653,0.489940384449853
667,0.359269576294628,0.26819888657737,0.545658540114023,0.489889787939223
668,0.359268136994892,0.268256653436586,0.545649161863406,0.48980479404322
669,0.359247669243913,0.268254176844682,0.545593559203973,0.489724886362458
670,0.359226665438892,0.268254138296674,0.545586231691629,0.489623781190977
671,0.359228009510675,0.268277075022224,0.545582670431375,0.4895495528898
672,0.359210371327223,0.268292862090509,0.545509337256688,0.48952684019842
673,0.359270949995739,0.268306553594645,0.545409768281126,0.489370555994148
674,0.359232856307279,0.26834826168878,0.545243892324603,0.489315346025154
675,0.35921997608886,0.268371548154055,0.545101914858555,0.489294029615386
676,0.359223497969257,0.268378969477123,0.544983197791005,0.48920909810902
677,0.359243571094445,0.268351610682241,0.544927320392736,0.489168059743103
678,0.359259460568412,0.268366705312193,0.544898923548033,0.489017760918121
679,0.359239469170256,0.268385501857527,0.544854846017106,0.488955966582421
680,0.359256763541671,0.268385563112032,0.544772870548082,0.488899152771248
681,0.359217638701357,0.268421073686577,0.544676815751672,0.488812298609888
682,0.359223836191778,0.268411221740491,0.544573879441081,0.488766737823005
683,0.359223884570747,0.268449526993086,0.54450860760332,0.48878710589184
684,0.35917541459292,0.268477656636319,0.544431148226901,0.48873067262853
685,0.359155685946155,0.26848787620009,0.544347391509259,0.488609884619153
686,0.359157065751033,0.268466162718832,0.544208466073556,0.488459789823743
687,0.359179635392802,0.268430026507262,0.544134814317551,0.488321486536795
688,0.359217044717199,0.268456883139921,0.544079349161329,0.488177093775725
689,0.359215072539831,0.268458764758766,0.544120936906181,0.488100627631397
690,0.359226572407045,0.268493193910349,0.544041343967036,0.487992899496699
691,0.359172786709434,0.268475806206545,0.544002876725216,0.487857774685854
692,0.359165985300473,0.268485285190063,0.543909218920788,0.48769026522467
693,0.359174011829882,0.268469780244371,0.543831497274251,0.487624195115404
694,0.359145369208547,0.268492070063403,0.543760218465586,0.487557394716114
695,0.359140158339821,0.268480917997162,0.543657440777191,0.487482426217995
696,0.359136931505864,0.268527029655836,0.543573778162452,0.487321859735327
697,0.3591620518142,0.268565597705321,0.543380492541864,0.487193245861518
698,0.359188933097909,0.268585384086205,0.54326451061132,0.487129792267029
699,0.359179945795072,0.268567945319679,0.543184969462549,0.487072809970083
700,0.359135204532073,0.268608165081961,0.543100745057043,0.486937874001227
701,0.359072018491469,0.268627477859337,0.543042768191474,0.486749313103932
702,0.359109215131797,0.268676617490572,0.542930978751515,0.486642400452828
703,0.359172834611925,0.268658355561795,0.542801731275552,0.48655343161753
704,0.359140392268014,0.268703627983601,0.542715504063163,0.48656982283137
705,0.35917762200498,0.268745652726328,0.542596992420157,0.486496094372881
706,0.359207601847407,0.268780516973556,0.542495949510028,0.486499867432806
707,0.359214357169907,0.268774282291271,0.542378589855381,0.486428810755669
708,0.359210541575019,0.268797678938588,0.542337206309151,0.486339183293694
709,0.359219451477959,0.268810411064191,0.542230098698027,0.486289235106401
710,0.359209124033791,0.268831086143833,0.542183667266782,0.486209201357894
711,0.359161433558773,0.268849698416909,0.542119941061052,0.486048771674131
712,0.359143640391549,0.26885626840358,0.542016274121969,0.485911545746057
713,0.359203445183791,0.268900877964014,0.5419776838654,0.485841179399474
714,0.359292724464423,0.268949152276669,0.541904679385373,0.485757590693842
715,0.35926769309747,0.268964280716522,0.541888099639118,0.485672286836258
716,0.359234093883276,0.26894066303954,0.5417963384631,0.485594538493802
717,0.359216842367465,0.268941551238554,0.54177781794096,0.485470473168929
718,0.359272005507159,0.268956695634022,0.541679381173005,0.485371947880876
719,0.35926773038149,0.269005463898296,0.541584907006147,0.485398954083754
720,0.359213497463913,0.2690148610689,0.541501549337782,0.485334851288936
721,0.359234165473567,0.269045097615503,0.541396061184538,0.485243713072669
722,0.35918385982383,0.269031280795553,0.541250279434586,0.485177593139459
723,0.359246484057321,0.269060117716964,0.541217484771506,0.48509178957221
724,0.359230713059401,0.269114014654124,0.541151351663854,0.485105915740503
725,0.359173672818836,0.269137348674111,0.541106449920427,0.485033249382763
726,0.359201155101134,0.269098208596371,0.541090528002445,0.48495086424453
727,0.359243749319042,0.269077656303325,0.540959316836086,0.484769865357019
728,0.359248563408442,0.269064850403262,0.540897964512797,0.484758307225008
729,0.359293303944152,0.269066743596384,0.540897748241857,0.484663685013189
730,0.359259619800438,0.269088851737089,0.540856792014405,0.484589352689526
731,0.35927371179677,0.269112223911732,0.540736638801533,0.484462375898634
732,0.359271683676585,0.269107477810925,0.540677702139084,0.484387025613672
733,0.359249862053463,0.269131970171968,0.540584075976514,0.484358152161886
734,0.35929891484462,0.269164373609062,0.540520207189154,0.48430371339931
735,0.359285006624889,0.269169454004855,0.540498394823125,0.484176786674742
736,0.359214638356566,0.269208903557355,0.540472169270676,0.484082216622606
737,0.359181284327134,0.269231922235815,0.540469365250593,0.48401788011307
738,0.359161190337826,0.269289334785945,0.540422172412146,0.483839432732157
739,0.359190115951548,0.26929991951482,0.540371846267369,0.483708389340195
740,0.359176887067684,0.269293592454888,0.540294209637511,0.48371253504075
741,0.359185158115837,0.269287909625007,0.540209565879876,0.483635506556854
742,0.359177764266478,0.269276765003393,0.5401305903745,0.483502626759038
743,0.359154096943418,0.269302652705527,0.540069070494723,0.483428576075187
744,0.359178835633933,0.269310568304935,0.540002091976248,0.483361559108052
745,0.359205154751995,0.269308668587764,0.539997606954531,0.483301360899509
746,0.359197249486982,0.269307977799379,0.539859336419636,0.483209321235096
747,0.359177962198406,0.269327611817872,0.539744173398041,0.48322244565431
748,0.359214706365598,0.269331935482512,0.539636935262472,0.48310854695494
749,0.359213418795111,0.269372407549448,0.539522346642337,0.483030502725778
750,0.359247745598201,0.269348575127161,0.539378193655522,0.482995143822116
751,0.35924520255386,0.269388334897355,0.539264797621906,0.482942711713808
752,0.359225038458904,0.269451088226667,0.539143132433334,0.482814503618924
753,0.359265432497655,0.269480987586167,0.539062424488221,0.482735773882617
754,0.359230278932189,0.269522529456153,0.539008471817272,0.482650842427645
755,0.359210969515763,0.269509006208665,0.538906747477602,0.482589256214257
756,0.359168235035748,0.269523563154379,0.538835619553561,0.482487053139224
757,0.359147849540311,0.269500721869041,0.538801603371719,0.482472309561781
758,0.359155012249664,0.269542798831877,0.538759699336168,0.482416444179026
759,0.359174026492039,0.26955911897679,0.538713283545312,0.482420213721969
760,0.359153960504113,0.269565832877653,0.538597555062951,0.482344084142453
761,0.359152881447869,0.269590015770798,0.538519520331223,0.482277585285559
762,0.359197274584911,0.269619009674202,0.538513902095772,0.482223775433268
763,0.359152079278174,0.26964980598078,0.538342485863757,0.482112363138768
764,0.359155164709934,0.269644069729439,0.538349492760809,0.482029131472054
765,0.359192102006533,0.269664416430717,0.538325595790588,0.481972778210077
766,0.359189085508689,0.26967065453823,0.538257782329927,0.481876443013236
767,0.359209492487932,0.269683106097324,0.538202848452569,0.481784781959847
768,0.359214615755514,0.26970128743113,0.53820810305075,0.481733373449179
769,0.359221664172108,0.269741488634455,0.538139209620139,0.481640706871512
770,0.359226259460982,0.269741013174131,0.538044092350345,0.481560281335356
771,0.359222768818591,0.26977203286054,0.537945304169643,0.481441899485898
772,0.359263146657947,0.269782140737555,0.537787158714002,0.481392728768797
773,0.359283488945378,0.269753599679456,0.537731269207839,0.481348108842722
774,0.359300035238711,0.269693069803356,0.537683391308467,0.481311994886691
775,0.359348114417935,0.269727504047528,0.537711755650954,0.481344263636905
776,0.359323560844416,0.269751178189623,0.53768182816568,0.481321999565417
777,0.359319056139397,0.269760004870722,0.537603404096489,0.481216697250436
778,0.359312605089186,0.269737422139565,0.537508650135188,0.481145593933841
779,0.359343474843617,0.269778274577153,0.537458912922378,0.481103634169464
780,0.359377753730661,0.269810019787235,0.537330348373113,0.481012659774299
781,0.359358863627315,0.269802770953393,0.537160033092863,0.480931470777351
782,0.359369808845527,0.269840263828667,0.537114210298867,0.480871646976382
783,0.359385205059032,0.269861835009375,0.537028629027014,0.480840754738634
784,0.359387422532993,0.269856142125943,0.536931847600563,0.480761074443137
785,0.359387297684043,0.269889057970207,0.536838225238274,0.480714842766116
786,0.359432049389437,0.269900812469814,0.536767476635093,0.480663266071265
787,0.359466335175092,0.2698804322707,0.536693225815238,0.480553436489351
788,0.359459457119328,0.269888187089125,0.536658576918426,0.480599360906377
789,0.359455252211707,0.269902171253973,0.536514559252866,0.480555121964397
790,0.359433117695739,0.26988813185528,0.536418415983492,0.480480615449048
791,0.359473754527647,0.269908650162845,0.536370390080039,0.480445586428652
792,0.359485620716698,0.269906129910787,0.536345157577426,0.480327881893153
793,0.359489675916538,0.269903394571758,0.536268280936618,0.480208724013829
794,0.359474557589315,0.269894818006284,0.536277126885782,0.480129372335113
795,0.35943448985477,0.269920574500137,0.536208388983719,0.48000876576713
796,0.359450853340711,0.269997718497096,0.536092652889353,0.479967104805239
797,0.359437460337831,0.270012556805883,0.536035460708768,0.47990761530135
798,0.359424345021226,0.270037707977248,0.536028180303866,0.479840558932878
799,0.359410539501825,0.270061914988504,0.535988474070321,0.479840746097165
800,0.35942043924312,0.270039065775737,0.535908473426231,0.479831730270149
801,0.359448845175067,0.270040181974315,0.535800932378502,0.479825530245371
802,0.359449970198793,0.270068281175206,0.53569737010792,0.479759220465483
803,0.359438456937746,0.270075785289244,0.535651953517305,0.479721932007655
804,0.359422663003457,0.270080862047874,0.535597868930323,0.479685793812519
805,0.35940171357092,0.270064283288457,0.53553043149729,0.479623190171431
806,0.35941059999196,0.270043803558217,0.535500596610058,0.479571705562348
807,0.359409331546868,0.270067971696938,0.535405251490239,0.479518330314547
808,0.359357633266758,0.27004574121637,0.535406023155162,0.479516107235654
809,0.359334307576184,0.270031351381639,0.535383449123276,0.479529173856737
810,0.359313843702656,0.27007756830985,0.535252377006306,0.479435651496338
811,0.359310975568618,0.27010836394,0.535249736595283,0.479409473884196
812,0.359356742280421,0.270136878609203,0.535228665161154,0.47930155518335
813,0.359362297233877,0.270180711079056,0.535172319231907,0.479311615186853
814,0.359357640299163,0.27018942397451,0.535123448058571,0.479264796320937
815,0.359373793489863,0.270208891326634,0.535128915568657,0.479164791249801
816,0.359364904593025,0.270240484982276,0.535025719490924,0.479145103592192
817,0.359401965647232,0.270273025249305,0.534964996690526,0.479167496043806
818,0.359418645304844,0.270324062376275,0.53491383815688,0.479058516107556
819,0.359451720216492,0.270326860984116,0.534884600616345,0.478976732148417
820,0.359457320888033,0.270355476066356,0.534847842146553,0.478892534935575
821,0.359464697573876,0.270358642730643,0.534702096721088,0.478855293219789
822,0.359467094865171,0.270374159153253,0.534642022287827,0.478840180856329
823,0.359458177315152,0.270389525236743,0.534618073255948,0.478813789783334
824,0.359419044033458,0.270392117617976,0.534507035079826,0.478704356216218
825,0.35946409826975,0.270436401006676,0.534450980024113,0.478628883519303
826,0.359505741434112,0.270421603105687,0.534387113649823,0.47853577159379
827,0.359533268173325,0.270431151469023,0.534318694336175,0.478534048204385
828,0.35956221585934,0.270410142120303,0.534259724306342,0.47846622534037
829,0.35958745058886,0.270436751330844,0.534267059823765,0.478472349909989
830,0.359586683635664,0.270472943809843,0.534210028335453,0.478362875659589
831,0.359596887160824,0.270494340118187,0.534172049114646,0.478385149694231
832,0.359585116289518,0.270470713641448,0.534104456636663,0.478368296939739
833,0.359584313947028,0.270474234947845,0.534034602906151,0.478278459366696
834,0.359593245154342,0.270503956614099,0.533956760610218,0.478267902599945
835,0.359592354507655,0.270546225275701,0.53387821357574,0.478163880273568
836,0.359587748733152,0.270568673181041,0.533800572607194,0.478058009075769
837,0.359568702900681,0.270597758038589,0.533737423876072,0.478027723989217
838,0.359582898456539,0.270647856153417,0.533648187896199,0.478018282463516
839,0.359573758930578,0.270646294011676,0.53358218032906,0.477978255494259
840,0.359574702632724,0.270668172747584,0.533509574533709,0.477894621512439
841,0.359578818643036,0.270690451078914,0.533443235170303,0.477845817282875
842,0.359559717270186,0.270726297109998,0.533413298022595,0.477814984875059
843,0.359528303242586,0.270736728801796,0.53332562439965,0.47780100813482
844,0.359526577506367,0.270765069705031,0.533200486006859,0.477759333154943
845,0.359530202479966,0.270797682616208,0.533122710759644,0.477666529850606
846,0.359533298527215,0.270802392984146,0.533097733089752,0.477673249858684
847,0.359551230645652,0.270825881397173,0.533040207424851,0.477633481424534
848,0.359553361725993,0.270841993511896,0.532985912718272,0.477623269233869
849,0.359562824676593,0.270827042054921,0.532886024340941,0.477669310356365
850,0.359541755153641,0.270851537477313,0.532863386519855,0.477602110746273
851,0.359499651724512,0.270829950907953,0.532738077520942,0.47756719572591
852,0.35947947127188,0.270846550106307,0.532650564028545,0.477498920700465
853,0.359477309923659,0.270857359007747,0.53259691757115,0.477465247303745
854,0.359483180680418,0.270879646486771,0.532526092373508,0.477418054842811
855,0.359469977284807,0.270873940930149,0.53245894362118,0.477369539507097
856,0.359452192221564,0.270945898607563,0.532385863957546,0.477360576137869
857,0.359451098832695,0.270980169791015,0.532317406360189,0.477279042536052
858,0.3594248947129,0.271007568306828,0.532303009671241,0.477246801072501
859,0.359419731448121,0.271021019225506,0.532309152061343,0.477185312717489
860,0.359431759922923,0.271018521403978,0.532295265294426,0.477063939955496
861,0.359420993208351,0.271079527584576,0.532279068861467,0.476964727334846
862,0.35945007034502,0.27110652652219,0.532201733602061,0.476882899841696
863,0.359454000106855,0.271113751199566,0.532154592024082,0.476797579852841
864,0.359466000488227,0.271086816666622,0.532101203278781,0.476700168040325
865,0.359504670108944,0.271118499950742,0.531989194262375,0.47669526977346
866,0.359500496407626,0.271163543583213,0.531869837848274,0.476708096133876
867,0.359491589816751,0.271218570409702,0.53181341452045,0.476670773916499
868,0.359504229454184,0.271244704658419,0.531819041238913,0.476588340250257
869,0.359520303608216,0.271230221184457,0.531677386774926,0.476516116509329
870,0.35948903582836,0.271222583417328,0.531624629851137,0.47647803975006
871,0.359469946138849,0.271228281402828,0.531590842760326,0.476465815878608
872,0.359475850676751,0.271290858025909,0.531501815351802,0.476429840783826
873,0.359454792802345,0.271292628522377,0.531465956220567,0.476330146869708
874,0.359433500406464,0.271326728721944,0.531460280879603,0.476393799753261
875,0.359437771532728,0.271333326048621,0.531371800707375,0.47630692559469
876,0.359375237888066,0.271343121191531,0.531353261025123,0.476248170418442
877,0.359426129650743,0.271352153435504,0.531212269375791,0.476191049051571
878,0.359443774721682,0.271374344752331,0.531205081859809,0.476101957510401
879,0.359436859335462,0.271384770989138,0.53121011278292,0.476111637882316
880,0.359445334011354,0.271400309400505,0.531143576770508,0.476072137960199
881,0.359469424150352,0.271412659640347,0.53105409637828,0.47604128001266
882,0.359454874623808,0.271441886689649,0.53102856487542,0.475980519406479
883,0.359475354993722,0.271457578340086,0.530966741309803,0.475954117045976
884,0.359497622048977,0.271475693549664,0.530896877859396,0.475888221335717
885,0.359515215182109,0.271466845350129,0.530857745096942,0.475839982777367
886,0.359473849372788,0.271456945749082,0.530816253320595,0.475806025530131
887,0.359496785617345,0.271456277363089,0.530760042108378,0.475805471556863
888,0.359524695684995,0.271461408962467,0.530671911148438,0.475762526067678
889,0.359553627643181,0.271430590403904,0.530644026950729,0.475703189394688
890,0.359557749470568,0.271443553444387,0.530601676101559,0.475650039048162
891,0.359561070142159,0.271467969124809,0.530555306792727,0.475608740760951
892,0.35958073883351,0.271481237880276,0.530459481450483,0.475515452933431
893,0.359598249469504,0.27147910674258,0.530444696640099,0.475441123470392
894,0.359587961441685,0.271526390453662,0.530445642040041,0.475413005037075
895,0.359622469332097,0.271537581379861,0.530387151659492,0.475401057364911
896,0.359617218668867,0.271577169886507,0.530302448788496,0.47534681279065
897,0.359596536822518,0.27159326935792,0.530289623811895,0.475307238005872
898,0.359597719760023,0.271609814096733,0.530293022889492,0.475336572969017
899,0.35959459084726,0.271616503336521,0.530243313381882,0.475257511022119
900,0.359594009141864,0.271636636744041,0.530122921663407,0.475200394112815
901,0.359604503730469,0.271662581404313,0.530010787070713,0.475163901565026
902,0.359595335142808,0.271656008323512,0.529970874305295,0.475144662454538
903,0.359592982114098,0.27167083256949,0.52987925416861,0.475092080119564
904,0.35959862501535,0.271650590796172,0.529856308217958,0.474996377054029
905,0.359606370500984,0.27162051779233,0.529782549662897,0.474966595520452
906,0.359608943776928,0.271639058236206,0.529697822877647,0.474903150992085
907,0.359627972167083,0.271652991557303,0.529604946698583,0.474801941485051
908,0.359633119946255,0.271691726510066,0.529590792557822,0.47468133094019
909,0.359618778066214,0.271719275172942,0.529533647056509,0.474662211626644
910,0.359623802044394,0.271718895701286,0.529490022786147,0.474615616629651
911,0.359644840874048,0.271707070587653,0.529426688130966,0.474558104025176
912,0.359626239614811,0.271716070037874,0.529405419479455,0.474558519897632
913,0.359603945769795,0.27172047213639,0.529384834026593,0.474497284242647
914,0.359581672895023,0.271762854747375,0.52930184597472,0.474457711349595
915,0.359595930835037,0.271794997251674,0.529243707706591,0.474410413084729
916,0.359601907896062,0.271787745432423,0.529161591434409,0.474369308366396
917,0.359622805250141,0.271818874376244,0.52910059980668,0.474340523319699
918,0.359593164540841,0.271833410442942,0.529050217979745,0.474258060877552
919,0.359599342190494,0.271833922836383,0.529015847330691,0.474159205566894
920,0.359584925760801,0.271857443719322,0.528889238827563,0.47414805188835
921,0.359609553764248,0.271876629330859,0.528816524766145,0.474147877186173
922,0.359591539817592,0.271890958077206,0.528810148338533,0.474072719564076
923,0.359565969520819,0.271889453131042,0.528788533368217,0.474029788975064
924,0.359558093259992,0.271881540779434,0.528765288140915,0.473990037754965
925,0.359542583024782,0.271881022261531,0.528687750677095,0.473996119062025
926,0.35954475106607,0.271859266188658,0.528597949805917,0.473964881327744
927,0.359538872888708,0.271874909801461,0.52854855523977,0.473885618190181
928,0.359538558423357,0.271891727092009,0.528478624482056,0.473799287239108
929,0.359526214692719,0.271902557933176,0.528418230005376,0.473741908061552
930,0.359511323571767,0.271942180428173,0.528316690854746,0.473714656769374
931,0.359540372987679,0.271961866768091,0.528297683845899,0.473664767405073
932,0.359543531120894,0.271967112330647,0.528245311005409,0.473647441227116
933,0.359523907933248,0.271960336804091,0.528189063634921,0.473581909385685
934,0.359488534672474,0.271982560428414,0.528123834211102,0.473494827064241
935,0.359526998261767,0.271982407863105,0.528063872160066,0.473480047843204
936,0.359570213205381,0.271973605955531,0.5279852649308,0.47340869832432
937,0.359538149120974,0.271966110474781,0.527930516912122,0.473368318391229
938,0.359543170263523,0.271979600004423,0.52787266751661,0.473378930407188
939,0.359512338317146,0.272007336262288,0.527780201851209,0.473285705479707
940,0.359509159142838,0.272043850219563,0.527723980729525,0.473241310238782
941,0.359522507999228,0.272060292943903,0.527695205271592,0.473231034104656
942,0.359562424230193,0.272088918087755,0.527676672463766,0.473181791503343
943,0.359595240747268,0.272118946631941,0.527632212383514,0.473174976951118
944,0.359610110916227,0.272132310517643,0.527587722736549,0.473121000606297
945,0.359580017284347,0.272150326018687,0.527557289164761,0.473082865517274
946,0.359580659878211,0.27217857619807,0.527450571284409,0.473085127529025
947,0.359580358160338,0.272202557590181,0.527406167862545,0.473045509694251
948,0.359575104007841,0.272218433644735,0.527377873683922,0.473004608947793
949,0.35954045587204,0.272229653807201,0.527294935010964,0.472940266322036
950,0.359529233832512,0.272233695589347,0.527208374238768,0.472889121187355
951,0.359523468442127,0.27225568696788,0.527169244982809,0.472877480646067
952,0.359520638893737,0.2722944892265,0.527071202700704,0.472763392210452
953,0.359485799462088,0.272316001679481,0.527031803189313,0.47267382691993
954,0.359481395420509,0.272350695078494,0.527035934902864,0.472663014938404
955,0.359520198446901,0.272354245249928,0.52697023932744,0.472563805065428
956,0.359487518524893,0.272382670058836,0.526918629577322,0.472456567521979
957,0.359496283037055,0.272409061637658,0.526813605300176,0.472422590860417
958,0.35947004448699,0.272422811392262,0.526807213567859,0.472383754605782
959,0.35944655822037,0.272404648910719,0.526761300943513,0.472316061321094
960,0.35946843486383,0.272427203660638,0.526665222958906,0.472250231501207
961,0.359511983945252,0.272435464838887,0.526604135335619,0.472241917515919
962,0.359533177436333,0.272456599431793,0.5265919699809,0.472191277800015
963,0.359543845538715,0.272461246110405,0.526561475321552,0.472144405252131
964,0.359601959454746,0.272472145006951,0.526524167578614,0.472152083709208
965,0.359586984857967,0.272495216936918,0.526436915887383,0.472123401010804
966,0.359582628045363,0.272511630996699,0.526440803961221,0.472073872347209
967,0.359597659731565,0.272535762563455,0.526468833167896,0.47205646874888
968,0.359580854114982,0.272548745239438,0.526379667823349,0.472025446691047
969,0.359590985010906,0.272563799009208,0.526331738221616,0.472014097875358
970,0.359608040516449,0.272552712188623,0.526245719294416,0.471972989057405
971,0.359635585685519,0.272570120571801,0.526157445283242,0.471968006478673
972,0.359634376379581,0.272601935590905,0.526146099260501,0.471942597516072
973,0.359648813496413,0.272616463099839,0.526073011069406,0.47190079572418
974,0.359628150963018,0.272637820232679,0.52603319939478,0.471851998488023
975,0.359620970308672,0.272631623382787,0.52596928819655,0.471783995799551
976,0.359593283320212,0.272634896938679,0.525862636109294,0.47168385312513
977,0.359595576691074,0.272645570744587,0.525770986049768,0.471632587990413
978,0.359550212330816,0.272653108157427,0.525702338970633,0.471601014501247
979,0.359562803924529,0.272668585804481,0.5256190307945,0.471586388814898
980,0.35956382563537,0.272681292506538,0.525582192882796,0.471526581955807
981,0.359561616048124,0.272710160079841,0.525532656186901,0.471449793562726
982,0.35955658915614,0.272725536997967,0.525540197512164,0.471428470380134
983,0.35955164054569,0.272748727451865,0.525472781244779,0.47144896057162
984,0.359543945352979,0.272767764856199,0.525408897914757,0.471420474822961
985,0.359506700242384,0.272780308391229,0.525363376689763,0.471376374881473
986,0.359493297000065,0.272815755729171,0.525378390566304,0.471334083452559
987,0.359466476013081,0.272839735097587,0.525283903786573,0.471310138262829
988,0.359499091195046,0.272839183575143,0.525207080552967,0.471260335901097
989,0.359498343244876,0.272865765327816,0.525161436359629,0.471263543504216
990,0.359529983733997,0.272886141279454,0.525134519739734,0.471198549370425
991,0.359507736426131,0.272876175683715,0.525103029039277,0.471155210293845
992,0.359548374501058,0.272858255323044,0.525059041944073,0.47112041219116
993,0.359535962129971,0.272905533121114,0.524912423337727,0.471075280444918
994,0.359545822088018,0.272918507404155,0.524882627424847,0.471090061218466
995,0.359565703183467,0.2729255321241,0.524846478353155,0.471074274253145
996,0.359570340296192,0.272915082852586,0.524801192432636,0.471053685987214
997,0.359551796762222,0.272955620063014,0.524789633919996,0.470954012017504
998,0.359574207019145,0.272979658335657,0.524712313540688,0.470940777642676
999,0.359573845490906,0.272992350080303,0.524668954202577,0.470905706265144
1000,0.359603149426003,0.273046053895977,0.524643173280961,0.470897750748488
