Figure 13 (bottom-left). Effectiveness of the local search operator.  Convergence in terms of the average percentage of individual RPs that are different from the initial ensemble.,Column_2,Column_3,Column_4,Column_5
,,,,
Time(min),S 5 5,V 5 5,S 20 20,V 20 20
1,0.585501443001443,0.542359307359307,0.81074074074074,0.782089947089947
2,0.57062577409902,0.512837199388541,0.816117524450857,0.757169312169312
3,0.558401401434415,0.504341972086537,0.803489565989565,0.753478991959384
4,0.549624703099666,0.491335386568429,0.797194942856707,0.748568230733618
5,0.537226280401491,0.485981230008992,0.802614247676481,0.729050502641234
6,0.527804472587387,0.477836571193078,0.806456541028805,0.7294399004938
7,0.52101316038782,0.475518905139462,0.799819082411439,0.717949654491794
8,0.515949852952196,0.469084375057644,0.801471409774863,0.710613586150941
9,0.511388661856948,0.465158809531058,0.799500528352553,0.707352097026146
10,0.50641453257681,0.46109373568037,0.790144553243567,0.698688252350166
11,0.502949017604888,0.457475164654664,0.788876602668127,0.694050326708049
12,0.499697106934273,0.454530574245921,0.788084667386687,0.696055450352551
13,0.498695298356283,0.453294818377938,0.783240980548812,0.693905639559829
14,0.496489122615169,0.452763099302859,0.779958109816957,0.695636633533982
15,0.495597152650756,0.451426457267621,0.775475718257994,0.693271938332187
16,0.494763047383849,0.450420854841426,0.770094071250658,0.690396389321912
17,0.492894329660311,0.448966764039762,0.766833199637548,0.687424754121596
18,0.491277642546498,0.448376398573329,0.762135572320443,0.686474318142726
19,0.490489740411809,0.448225406906663,0.760511186161866,0.684774021722901
20,0.489964778259164,0.447120901807558,0.756450911899143,0.681082297184944
21,0.489613897254241,0.446696392765677,0.752022901097651,0.679586815576044
22,0.488455236371738,0.446279832823425,0.74696559943543,0.675972951192266
23,0.487771719669454,0.44578218506284,0.743205869062384,0.674741953550927
24,0.487107289544901,0.445513634779935,0.739241417590872,0.673686364482176
25,0.48610470227429,0.445098390669903,0.735333226205627,0.670242954133626
26,0.485370582293553,0.445077452695247,0.732307328594628,0.668772710454991
27,0.484763999013008,0.444076405991298,0.730344473356748,0.665860997955006
28,0.483771176117335,0.443532023137604,0.727894053311888,0.663575289840317
29,0.483538414296985,0.44322674163569,0.725394740080631,0.662029031476316
30,0.48292927871239,0.443203386847886,0.721792744115111,0.658789525727129
31,0.483500018737616,0.443264176185588,0.718682364260589,0.657355162781573
32,0.482506979164889,0.443615671769406,0.715500453962301,0.656018965529037
33,0.482549116661473,0.443714661860852,0.712711762509607,0.653195929887642
34,0.482768406388408,0.443500321523804,0.709927038216702,0.649782621582058
35,0.482981412546502,0.443288946031196,0.707365526705082,0.648242434783105
36,0.482565682229734,0.442970886675069,0.705675390403198,0.645086114050855
37,0.481985595578779,0.442829382957147,0.702548295862049,0.643838398251199
38,0.482114192921231,0.442226786124504,0.699819194351509,0.642207329728832
39,0.482694783897994,0.442377047024353,0.697496914920092,0.640311161962494
40,0.482714747614608,0.44276531210001,0.695497295420792,0.638662474225479
41,0.483116971480445,0.442933392826473,0.692172231511741,0.637331819900259
42,0.483443904587366,0.443300768256694,0.68913004334261,0.634984927951255
43,0.483513648867792,0.442814392844882,0.686376362849512,0.634087196986231
44,0.483729788701762,0.442892069095043,0.684608316553948,0.632551035287125
45,0.48326621559638,0.44301441019537,0.681531711803648,0.630896388806208
46,0.483691120487934,0.443668364007842,0.679339816563939,0.630280690663686
47,0.484016196801271,0.444064881699771,0.677097578758321,0.628546270732146
48,0.484395353160803,0.443735758039309,0.675109709363225,0.627400944751545
49,0.48475308976315,0.444016661484705,0.673156074507719,0.626515067455423
50,0.485058798497245,0.443613702954379,0.670593818605013,0.624175696905617
51,0.485412933394952,0.443397192747783,0.668873931839491,0.622987671879551
52,0.485736670618576,0.443205476148856,0.666874047363005,0.621430459409652
53,0.485913411715059,0.443405737115683,0.665153544150939,0.620474868682493
54,0.486332105832317,0.443325299820158,0.662980246786514,0.61947909777617
55,0.486671046756228,0.443255152695473,0.661695977660712,0.618162837200244
56,0.486631159282596,0.443150399258537,0.660735140567859,0.617045768721495
57,0.487082182097591,0.442962873219112,0.659547997293848,0.615891799472601
58,0.487250784960677,0.442577440320821,0.657864141279018,0.615328849010286
59,0.4876706818469,0.442593734931533,0.655936178647111,0.614639797611137
60,0.487761213718711,0.442256513432193,0.654670217035969,0.614297383613121
61,0.487677984100762,0.442301180573435,0.653033692975481,0.613740999652413
62,0.487608276421796,0.441992021120689,0.651854580091825,0.612720418619158
63,0.487514446357567,0.442000410008542,0.650775504683585,0.612001010131878
64,0.48784310569106,0.442042112424174,0.649408690192987,0.611129199638311
65,0.487862363807681,0.441779696812434,0.648381181546371,0.610644333419616
66,0.488066564900133,0.441724300798215,0.647684708317577,0.609445882739473
67,0.488913103957323,0.441811092351287,0.646195817595662,0.608507687684641
68,0.489045704956449,0.441772404526403,0.645073445073381,0.607853082158547
69,0.489461683365571,0.4417525014556,0.644368930949807,0.607008574250329
70,0.489647956108763,0.441754850697597,0.643721224810603,0.606141102569115
71,0.489921934054201,0.441888396210176,0.642624280549693,0.604930325552002
72,0.490235752484424,0.441813606139411,0.641274480273965,0.604274672746672
73,0.490193632026278,0.441672789728756,0.640744519738127,0.603331564072716
74,0.490469759121892,0.441629657299892,0.63970727538136,0.602675376916022
75,0.490751434286784,0.441426859803543,0.638433082252906,0.601633230123357
76,0.491015905619875,0.441570312252711,0.637684129551914,0.600842527297396
77,0.491499678590822,0.441492523901488,0.63695813676668,0.599806371918726
78,0.491745155618975,0.441365171515624,0.636206558117119,0.598686826720686
79,0.492114856551575,0.441548261873027,0.63569233340257,0.597660929824554
80,0.492228537690164,0.441612791923995,0.634365055539415,0.596760630263913
81,0.492625502357697,0.441495316551056,0.63386864422011,0.59534371850099
82,0.492992114852583,0.441580546797771,0.633415514049715,0.594423371611386
83,0.493248144615618,0.441477420397715,0.632600724598764,0.593579004703416
84,0.493720358901883,0.44157495098608,0.632607738437669,0.592637666480448
85,0.494119858331561,0.441370150112534,0.631882462408077,0.592055295763713
86,0.494023661400197,0.441706250258474,0.631099432352552,0.591644343989311
87,0.494333980153161,0.441932962387122,0.630834203473631,0.591022483510005
88,0.49476094835223,0.442149414322426,0.630333014091581,0.590265500275222
89,0.494767300752733,0.442273947153669,0.629522537557957,0.58982530322814
90,0.494957706027069,0.442310745892164,0.628895110681755,0.589638879531177
91,0.495092298222761,0.442276360311328,0.627955792638937,0.588353881347287
92,0.495296689776615,0.442195564266916,0.627311361777987,0.588140274408414
93,0.495564848420651,0.44209581178747,0.627446746462898,0.587452064372898
94,0.495861425493901,0.442292216154636,0.626980813289835,0.586665491685887
95,0.496216435025872,0.442438207944436,0.625982061412357,0.586012567339656
96,0.496388793148194,0.442529739571339,0.625134929230676,0.585252431798281
97,0.496688053643084,0.442592798597431,0.624753198206968,0.58454838200555
98,0.497043811747061,0.442708050904922,0.624100356417288,0.583569534017841
99,0.497094409041806,0.442623592502805,0.623456161722442,0.583091535309268
100,0.497135094759971,0.443010995776587,0.622477371323355,0.582462301792127
101,0.497587964660821,0.443123997570804,0.622037561899203,0.581752579029624
102,0.497951617854097,0.443302237675836,0.621556579902195,0.580888258668018
103,0.498018138650402,0.443239936537373,0.620849663056224,0.580242176188425
104,0.498010285801188,0.443340636821751,0.620306410319237,0.579798346615954
105,0.498380346842983,0.443419229976752,0.620019613634868,0.579062785719964
106,0.49868785117552,0.443456270516909,0.61960408740293,0.578591506904342
107,0.498875964939054,0.443364620380171,0.619192205394051,0.577568664036969
108,0.498907390027045,0.443486448348047,0.619157928055933,0.576954320223386
109,0.499194895133608,0.443408476303184,0.618599365101436,0.576451318097963
110,0.499127926425642,0.443450381293424,0.617916377358972,0.575608771401986
111,0.499330808659124,0.443447980063854,0.617377399808357,0.575157776024
112,0.499581382392888,0.443531405404499,0.617166134632839,0.574550989647858
113,0.500056121673747,0.443698223868241,0.616545337506707,0.573890943464506
114,0.500262888808382,0.443709519336383,0.616101394910634,0.5731434619129
115,0.500228374828616,0.443576005152143,0.615661903236326,0.572449893459131
116,0.500335633854986,0.44359080766878,0.615376581228986,0.571787880202116
117,0.500346557183847,0.443642329980471,0.614982491024015,0.571393121770559
118,0.500537768122084,0.443498008845314,0.614638047011568,0.570743274850148
119,0.500918697089806,0.443541228194829,0.614746028761911,0.570127375515002
120,0.500902130158519,0.443691172496124,0.614175656363606,0.569739691687444
121,0.501135959277722,0.443609029083899,0.613739742947794,0.569230586498063
122,0.501332406461839,0.443579427994208,0.613475331737325,0.568613609327335
123,0.501358490493702,0.443599794797489,0.612995942336649,0.568246134913254
124,0.501447127459789,0.443583130001512,0.612456484371693,0.567564374107124
125,0.501845337810556,0.44345676155014,0.611995731936317,0.566817461760296
126,0.502139006772963,0.443625323051177,0.611266944151134,0.566197101142506
127,0.502363523156387,0.443537564620374,0.610944130799751,0.565788094968407
128,0.50245143473269,0.443692223516113,0.610599820308977,0.565524499293881
129,0.502561126432509,0.44386907310047,0.61026533207627,0.565054983509673
130,0.502563909492266,0.443875884643793,0.609859546489574,0.564641818102762
131,0.502880947315472,0.443993219194827,0.609695587427729,0.564030833836529
132,0.503017186143444,0.443951883744683,0.609400773785062,0.563600783269686
133,0.503057756894174,0.444052526268449,0.609145007461149,0.563037971240565
134,0.503254742728319,0.443991329440246,0.608799408372165,0.562369790573266
135,0.503678584746839,0.444004438333629,0.608713822726791,0.561974768269346
136,0.503731236026832,0.444128242814354,0.608438901795893,0.561527889524672
137,0.503829983109802,0.444155986376655,0.608322298462094,0.560982635333787
138,0.504127008728282,0.44419018307493,0.608234983809048,0.560704658319075
139,0.504143781257635,0.444151182930627,0.60768481537229,0.560289603373182
140,0.504254453876546,0.44414506738589,0.607396345074353,0.559746708723837
141,0.504361890343578,0.444144858758356,0.607410918285724,0.559247825292196
142,0.504525668729502,0.444086352357366,0.607124327137687,0.559122696514125
143,0.504918601453006,0.444209218261465,0.606947902739819,0.55866054003428
144,0.505049125175635,0.444168805426656,0.606930341556446,0.558489173345663
145,0.505246265580911,0.444217913649521,0.60686032480482,0.558090430752408
146,0.505492765173478,0.444347435346126,0.606575723801771,0.557673655893378
147,0.505561600479702,0.444415587838403,0.606455185875242,0.557214575067576
148,0.505816049431476,0.44448535493213,0.606161490686312,0.556745285226662
149,0.506097524435786,0.444526367965573,0.605953040869074,0.556582881400138
150,0.506274689842057,0.444573006911203,0.605858866882692,0.55594680157791
151,0.506376829796895,0.444656863628551,0.605748302849622,0.555565758648591
152,0.506563693627031,0.444675790738579,0.605600170216467,0.555120690223167
153,0.506593829222348,0.444669965538008,0.605533876115278,0.554689340041649
154,0.506509914365187,0.44488669130816,0.605540776170009,0.55460101844957
155,0.506573225428336,0.445047578741096,0.605302606232066,0.55421423858234
156,0.506614899463602,0.445068177682709,0.605199448820696,0.553948054242352
157,0.506775340882349,0.444994244135521,0.60533267084242,0.553450556721816
158,0.506976914166081,0.445035668954591,0.605335862793274,0.553063131173229
159,0.507000261501137,0.445110297250643,0.605387685734898,0.552803352311862
160,0.507134677614361,0.445144372132464,0.605308242607361,0.552310582356709
161,0.507217268249126,0.4452862649786,0.605207059109721,0.55199619340063
162,0.507233645239657,0.445443110538611,0.604932204970493,0.551653847293824
163,0.507346582376319,0.445611157958436,0.60494392531476,0.551295434435744
164,0.507367040821024,0.445732662573144,0.604989531078987,0.550929824263511
165,0.507412954410542,0.445886296078717,0.604799294152813,0.550786598034856
166,0.507514124340835,0.445950594073048,0.604813041932828,0.550450896598406
167,0.507567122083767,0.445957447284925,0.604892068389981,0.550173046419648
168,0.507640374575352,0.445846502488221,0.604844974425215,0.549916260564378
169,0.50762895280428,0.445970186217361,0.604957296868297,0.549655366743938
170,0.507564368200109,0.44602215702167,0.604964286803216,0.549323023858656
171,0.507549230161397,0.446094305108996,0.604916970966126,0.549077294313654
172,0.507617493004848,0.446290739504773,0.605037135490422,0.548963902259811
173,0.507657607818952,0.44641174320015,0.605189857562663,0.548834577289814
174,0.507716466816056,0.446458787201031,0.605171894492887,0.548511873170686
175,0.507814751981975,0.446653279993398,0.605195706525067,0.54835959767693
176,0.507688399198878,0.44677551394803,0.605205754996354,0.548082562013547
177,0.507747322427491,0.446917197093166,0.605199943040842,0.547759459290924
178,0.507846674960519,0.44693754419276,0.605081524779032,0.547511564658659
179,0.507938722885035,0.447037173327696,0.60528152498101,0.547343079086
180,0.508177178530796,0.446986205759495,0.605361076714105,0.54727458744885
181,0.508352506191749,0.447053089499868,0.605461600123625,0.547198182824589
182,0.508404437455655,0.447281314648018,0.605378714446136,0.546903443065571
183,0.508517848457999,0.447402740985021,0.605555838352514,0.546781750028733
184,0.508590829230803,0.447554916095586,0.605501179890259,0.546716576459388
185,0.508641913922401,0.447586022772878,0.605448176259812,0.546520563244999
186,0.50871856860566,0.447607135753642,0.605553700546836,0.546309938865249
187,0.508936838632625,0.447642214901936,0.605603588154021,0.546111614950948
188,0.508982898454366,0.44767099225144,0.605750154518661,0.545940787499565
189,0.509061942842959,0.447788316987652,0.605550989734675,0.545874470637741
190,0.509074338050696,0.447773648767043,0.605434215352645,0.545679397884279
191,0.50926112967126,0.447776798790063,0.60540977445087,0.545598214801983
192,0.50947303091745,0.447805639154821,0.605330482299746,0.545670914399983
193,0.509447316334407,0.447793499850017,0.605591209215891,0.545509338930731
194,0.509580307146279,0.447883132281929,0.605742465928681,0.545341667070095
195,0.509889245153585,0.447983027915696,0.605867668621318,0.545154587079919
196,0.510062103465008,0.448066947731938,0.605979454202047,0.544965077910092
197,0.510374867381197,0.448074788115231,0.605989564836622,0.544859317567688
198,0.510616931260494,0.448243369515468,0.606011609450711,0.544829908495631
199,0.510738817859687,0.448301892673522,0.606110508347619,0.54459703104215
200,0.510806116901781,0.44823923653685,0.606174622768882,0.544486144378795
201,0.510918973178958,0.448316762507959,0.606169926516814,0.544436272710278
202,0.511041560405511,0.448414971729699,0.606149250347297,0.544356607181704
203,0.511276257782397,0.448483129577591,0.606147554794522,0.544168698280578
204,0.511370874423568,0.448483527486159,0.606071082559476,0.544140456183102
205,0.511457916422761,0.448595964060999,0.606214064713264,0.543996599285198
206,0.511544008123407,0.448645204641721,0.606200937521267,0.54389675479735
207,0.511599809382205,0.448805493171941,0.606265682389693,0.543859775025957
208,0.511771244271282,0.448881665918203,0.606314651214384,0.543661577773132
209,0.511926929892318,0.448917059421652,0.606428501623567,0.543633170343761
210,0.511890022960376,0.449045376078317,0.606506817052071,0.543412181956104
211,0.511919745922223,0.449089941820097,0.606698274854477,0.543360770876134
212,0.511981523096893,0.449154157905144,0.606847636210318,0.543317249507431
213,0.512031798166547,0.449338369008007,0.606926489166272,0.543331622324368
214,0.512180998717561,0.449522252404839,0.606844506146464,0.543196988187158
215,0.512143602424341,0.449708482342242,0.6070938158486,0.542940520911648
216,0.512267599536864,0.44989883800333,0.607048797369731,0.542916409723775
217,0.51232493513639,0.449986331424644,0.606929882207222,0.542869842333728
218,0.512479966786629,0.450053760634739,0.607059660540081,0.54258429639791
219,0.512532091858908,0.450171167488728,0.607077367940447,0.542539837671727
220,0.512687204234627,0.450275138905013,0.607299495271524,0.542412548242963
221,0.512799244011139,0.450410187586821,0.607258550604124,0.542335170927814
222,0.51289071064426,0.450568578841018,0.607365062989525,0.542243993507722
223,0.51299743066658,0.450729723198352,0.607454604112469,0.542140278031561
224,0.513033455338177,0.450793745845089,0.607629753096477,0.54200626736386
225,0.513054621121431,0.450859815862974,0.607740273173289,0.542028897343211
226,0.513186209592675,0.450911547192358,0.607730093838096,0.54204784158259
227,0.513341536425495,0.451144888791625,0.60762305473014,0.541866270353374
228,0.51337404163795,0.451325389682832,0.607737033929601,0.541703658274825
229,0.513485385333287,0.451286216808366,0.607872336268624,0.541608363352116
230,0.513673003711461,0.451411158426351,0.607809208414913,0.541634966984115
231,0.513820173660411,0.451497771380179,0.60779803522829,0.541670720255881
232,0.513869743219518,0.451516248031202,0.607917328727242,0.541627128144978
233,0.513970362039866,0.451610192573718,0.607868056153891,0.541607140800561
234,0.514109739061354,0.451635117352794,0.607954452351413,0.541504528352783
235,0.51421548322401,0.451713532024995,0.608075365100106,0.54145690348471
236,0.514254310822152,0.451771547325555,0.608161513266559,0.541322720228803
237,0.514269036408961,0.451883227736264,0.608170939875895,0.541162625919577
238,0.514466279603961,0.452006310733959,0.608182876523983,0.541107022219323
239,0.514494549457984,0.452017836821428,0.608502174633861,0.541109308371549
240,0.51452507001325,0.452147274723952,0.608478176893648,0.540984676234175
241,0.514566841197276,0.452239175969042,0.608500421192021,0.540774385737769
242,0.514808413141555,0.452297327467408,0.608495800852899,0.540648962493435
243,0.51493810064764,0.452351467076638,0.608575352294754,0.540548013190204
244,0.515095026848609,0.452491001235309,0.608623311295242,0.540480753055192
245,0.515257191859037,0.452612240533935,0.608721959690641,0.540567539311844
246,0.515301755760376,0.452652747872253,0.608803003378588,0.540522117332339
247,0.515388793835512,0.452793986909526,0.608837494950202,0.540479470757912
248,0.515616876409799,0.452954708711679,0.608925128910134,0.540355102758624
249,0.515707650636615,0.453015991345217,0.608976227438656,0.54038959134701
250,0.515788823302543,0.453061435024243,0.609067082412162,0.540369481102611
251,0.515850659460743,0.453200311331374,0.609193909711762,0.540357640175411
252,0.515826309556095,0.453296864514806,0.609126224372332,0.540335781631512
253,0.515826403347585,0.453301399930677,0.609315214775115,0.540300283194028
254,0.515936578566448,0.453437888544218,0.609461144548877,0.540291582996641
255,0.516007620803231,0.453571278121849,0.609632938077913,0.540245759687152
256,0.516119752269008,0.453689668331407,0.609700889916718,0.540216014442114
257,0.516237515266703,0.453736941827741,0.609761813470592,0.540169214319647
258,0.516299719946972,0.453802673317364,0.609849785206115,0.540157910816846
259,0.516291700335441,0.453879640565747,0.609835174634563,0.540123403453891
260,0.516319662173087,0.454039770309368,0.609861760215419,0.540152243522596
261,0.516474088532226,0.454083986161104,0.610039800816361,0.540144742308288
262,0.516495756176417,0.454129255500379,0.610126180031504,0.540063269831132
263,0.516488997294575,0.454188257148586,0.610148447068529,0.539938499697931
264,0.516561202403196,0.45422674776838,0.610153913066225,0.539941617757482
265,0.516761285467969,0.454453805652555,0.610229448570188,0.539975700727833
266,0.516740783054616,0.454497466820303,0.610226241814563,0.539879077776981
267,0.516799471075631,0.454587779500328,0.610265258820679,0.539910521621286
268,0.516893168381358,0.454624869267436,0.610290718074096,0.539865963578923
269,0.517073132649626,0.454689958729712,0.610224284259988,0.539784682595345
270,0.517140937245242,0.454747087781632,0.610447487119558,0.539833582819394
271,0.517222865365316,0.454878310947762,0.610547164325363,0.539750054540865
272,0.517237013996592,0.454906126270463,0.610696259422043,0.539782918722377
273,0.517442665719669,0.454901848161258,0.610782657646327,0.539770014740275
274,0.517586202836712,0.45502386874926,0.610819468802049,0.539796629135001
275,0.517696108121708,0.455021389239657,0.610905791707588,0.53973840029759
276,0.517758493072928,0.455060108621783,0.611096497040092,0.539634224487692
277,0.517784213824223,0.45510722647252,0.611277765611858,0.539698492604231
278,0.51779587085163,0.455141207655775,0.611328930419832,0.53960558534974
279,0.517905363313937,0.455119022646341,0.611513065785912,0.539664077196443
280,0.517927751597864,0.455211213983292,0.611503945903292,0.539626761658629
281,0.518015968633701,0.455256825901684,0.611674712845863,0.539544208697283
282,0.518064243139794,0.455292517103319,0.611850438220056,0.539517220831824
283,0.51822307055123,0.455352077399108,0.611863254536103,0.539480689445337
284,0.518320652225285,0.455505212883119,0.611893072230941,0.539496647857977
285,0.518537829257883,0.45550819514964,0.612015708139778,0.539381120625422
286,0.518679178047347,0.455636300546845,0.612154474202656,0.539401730173122
287,0.518770462972239,0.455689357658221,0.61226266804212,0.539432690313599
288,0.51886392283187,0.455750706897619,0.612278125160152,0.539332052577779
289,0.518861599205572,0.455829577787563,0.612343737010655,0.539343320562075
290,0.518911004529605,0.455869303254686,0.61246289775267,0.539339965461549
291,0.518856746622048,0.455969273811069,0.612533933245572,0.539363367758941
292,0.518924640180981,0.456117672116935,0.612516020901855,0.539455940117321
293,0.519033317034184,0.456229068480796,0.612595682498089,0.53940964379055
294,0.51915102325392,0.456326579724147,0.612723263947211,0.539446841582709
295,0.519251691024094,0.456349339851508,0.612781627944066,0.539347506350963
296,0.519337759911588,0.456291765597266,0.612863417544746,0.539310551233122
297,0.519481821494429,0.456304299329058,0.612951700986207,0.539299033810876
298,0.5195178862962,0.456422967663871,0.61300286501771,0.539241053669807
299,0.519575889334996,0.456472509602002,0.613006394531769,0.539227667176468
300,0.519672912645163,0.456526817127325,0.613014787772392,0.539297168756517
301,0.519786500132019,0.456487290028182,0.613123333809271,0.53922921213149
302,0.519797737599074,0.456493761576912,0.613152122773175,0.539208350607628
303,0.519937512571198,0.456618536980524,0.613195258605883,0.539192790012183
304,0.520031631817726,0.456660958711002,0.613303575019018,0.539209825930484
305,0.520169625464892,0.456721398244939,0.613409564557168,0.539248721301057
306,0.52026167456949,0.456655234641177,0.613562012793051,0.539189479504987
307,0.520372122167141,0.45666870601755,0.613662141259521,0.539197354723507
308,0.52040239098073,0.456734348729453,0.613766195236174,0.539138692427251
309,0.52054919486838,0.456735280252605,0.61389657012564,0.539179361461067
310,0.520638869253279,0.456795853213295,0.613904980351734,0.539191599190178
311,0.520735950739006,0.456808829997547,0.614008202873214,0.539154133676048
312,0.520806716812568,0.456834749005828,0.614183517042386,0.539130882121941
313,0.520899081799535,0.456919402875452,0.614301936619756,0.539085338074177
314,0.520952962366421,0.456885233156713,0.614269742889892,0.539101321088332
315,0.521028741220132,0.457012419822395,0.614311174500927,0.539106677347928
316,0.521108498171956,0.457106838750364,0.614497210396669,0.539028163820074
317,0.521180779360601,0.457171260025637,0.614532514409786,0.539040287141192
318,0.521254824992253,0.45720406018869,0.614610046965208,0.539091901757921
319,0.521416225497762,0.457256492289567,0.61459796716506,0.539160436832688
320,0.52154764725308,0.457293365354222,0.614636429067751,0.539294587209236
321,0.521619001481923,0.457366189009713,0.614767904208709,0.539295551199872
322,0.521667661013399,0.457399644597448,0.61478164840256,0.539313159753496
323,0.521740914466008,0.457499881108116,0.61486185967783,0.539206394633165
324,0.521837830698684,0.457591465521386,0.614917873558214,0.539217745281754
325,0.52187857613054,0.45763019209631,0.614984566214502,0.539196625418305
326,0.521965345738645,0.457686462265861,0.615172909167167,0.539103063758082
327,0.521997018604952,0.457753418954534,0.615311235626104,0.539116345679551
328,0.522004562575776,0.45783206513453,0.615353863798053,0.539264135611689
329,0.522133955543427,0.457920209975676,0.615289835679689,0.539291472590428
330,0.522249272927645,0.458009864535426,0.615401901231817,0.539271901208591
331,0.522359533479139,0.458089671365475,0.615476275946167,0.539267752496085
332,0.522419048433642,0.458163014074557,0.61546695043696,0.539329219042362
333,0.522483306469724,0.458199144645604,0.615398385864179,0.539235592184499
334,0.522452730671353,0.458305912757729,0.61541325914204,0.539305161654849
335,0.522507632856989,0.458291756744545,0.615492042100725,0.539405985847125
336,0.52258474276826,0.458406121751164,0.615511748653304,0.539436455740713
337,0.522633495457097,0.458501622685578,0.615583352488381,0.539407929616408
338,0.522762323905809,0.458603796163797,0.615640834533852,0.539396332103713
339,0.522878942018626,0.458687605518986,0.615779488375962,0.539418216011219
340,0.522939633099489,0.458815252312485,0.615836527845004,0.539460580045838
341,0.523042302849527,0.458849493894979,0.615866377500249,0.539529264979071
342,0.523110214019353,0.458883770516268,0.61589676336709,0.539482479901907
343,0.523156334109029,0.458959728402355,0.61604054821076,0.539486142852098
344,0.523272171445123,0.459004884761318,0.615964621157263,0.539528785966963
345,0.523364353606444,0.459106933668443,0.616091120373352,0.539500180172762
346,0.523417252871677,0.459285877826165,0.616081606738276,0.539528488557112
347,0.523556785091406,0.459462831571036,0.616119955052984,0.539619350024804
348,0.523604271912348,0.459494421867715,0.616129031215031,0.539625399434678
349,0.52364652854304,0.459633058072519,0.61622818955153,0.539636165657462
350,0.523708414913676,0.459682533302022,0.616328236243732,0.539645813738784
351,0.523776013704765,0.459717357100336,0.616474242332173,0.539692186334318
352,0.523891873822589,0.459772995012276,0.61654496233838,0.539743755933609
353,0.52393546369546,0.459866133377383,0.616642929732228,0.539788041457764
354,0.524029085046716,0.460011332634812,0.616818015902923,0.53989278877739
355,0.524125268574977,0.460090685704463,0.616901823738078,0.539830787120827
356,0.524133875872499,0.460170712428086,0.617040792196339,0.539885834536468
357,0.524216279873732,0.460191355007945,0.617142410179967,0.539906486410115
358,0.524365321622161,0.460288441214751,0.617346862255049,0.539931635381954
359,0.524457245902482,0.460325910356105,0.617463438507497,0.539916136661996
360,0.524545920609943,0.460389509720685,0.617623626103817,0.539881610405697
361,0.524618413844627,0.460454910349674,0.61765747966599,0.539954472012661
362,0.524666171442909,0.460490258806723,0.617800103772164,0.539998128283056
363,0.524700226689365,0.46062610734034,0.617886733339476,0.54005249785837
364,0.524790964961139,0.460773803886426,0.617882271452183,0.540032590632271
365,0.524811847857497,0.460837106906128,0.617962031861351,0.540042056115005
366,0.524902743189295,0.460914207909565,0.618020134299303,0.540095352646845
367,0.524939761404352,0.46101008143803,0.618173417836952,0.540118030479508
368,0.52507111654807,0.461006785762522,0.618266137429009,0.540194705833952
369,0.525241852847974,0.461062170694539,0.618427927392652,0.540229594313857
370,0.525298055112384,0.461115406570135,0.618500762033341,0.540291119482449
371,0.525361324652963,0.461152222581853,0.61857438677206,0.540276558323679
372,0.525449010157927,0.461199290668871,0.61863921636197,0.540312319337995
373,0.525507605371785,0.461279569014327,0.618680077727521,0.540391423118625
374,0.525492311150683,0.46128154472706,0.618786188303166,0.540428068212886
375,0.525550349946881,0.461301431856273,0.618900241741629,0.540438225184771
376,0.525604705369615,0.461338752944748,0.618883005150515,0.540382704745948
377,0.525602480567376,0.461476160537434,0.618945771605344,0.54036835658686
378,0.525616916334769,0.461495166507812,0.619020609740708,0.540441465123229
379,0.525654403813059,0.46146677303915,0.619150290321689,0.54042740262583
380,0.525660898097313,0.461487208440859,0.619207235760329,0.540434077894519
381,0.525724647488325,0.461505182272442,0.619259278994454,0.540468457658453
382,0.52574916069294,0.46159582175194,0.619340229330914,0.540523503201856
383,0.525869963947446,0.461602767691536,0.619422735992886,0.540568783610298
384,0.525884810585835,0.461690602906495,0.61959804697321,0.540541093659762
385,0.525976125976975,0.461764734042737,0.619671582842372,0.540610263092025
386,0.526029020295692,0.461785654145688,0.619755531026642,0.540644142729311
387,0.526057552397807,0.461793585546685,0.619861475817897,0.540680399757007
388,0.52613884799887,0.461927184792247,0.619920623723882,0.540619529960357
389,0.526253225806606,0.46197026686229,0.619856905602903,0.540683207468133
390,0.526316950888299,0.462051555829678,0.61992733523694,0.540784291740422
391,0.526369401276576,0.462058607557403,0.61998933174175,0.540900557376602
392,0.526439081521956,0.462083918321781,0.620044911443774,0.540953009720531
393,0.526529211024154,0.462093402800531,0.620125757991518,0.540938086288349
394,0.526586544256867,0.462173156896349,0.620103634458779,0.540913823858854
395,0.526670297499731,0.462230946559077,0.620274028781114,0.541033801040741
396,0.526713760103647,0.462327885815632,0.620462381929885,0.541050716800578
397,0.526766030341382,0.462374100010137,0.620598508635511,0.541056043923024
398,0.526811985068706,0.462423329733598,0.620705805651286,0.541056745733346
399,0.526931286733967,0.462449830800409,0.620690620739347,0.541062919491714
400,0.527023137148426,0.462466693698719,0.620744291596179,0.541122337650943
401,0.527087882696866,0.462597258333548,0.620761927287537,0.541159558958138
402,0.527167191896796,0.462637775829744,0.620875720327404,0.541163265634424
403,0.527138078626413,0.462622462988766,0.620961233131806,0.541144000699893
404,0.527204146073925,0.462641149964598,0.620985972272826,0.541138343373877
405,0.527246407400566,0.462726533401967,0.621093740058609,0.541215777620364
406,0.527267631187291,0.462690086726259,0.621163194863756,0.541222046185408
407,0.527339501001476,0.4627269367214,0.621259830333365,0.541244179008471
408,0.527412621355265,0.462764143927496,0.621299552816556,0.541308754155879
409,0.527458295174466,0.462857693307876,0.621377974096153,0.541356820351469
410,0.527478599101763,0.462959454539473,0.621415378364347,0.541436071123214
411,0.527474001260038,0.462999337452004,0.621451897913519,0.541445778898258
412,0.527477792468544,0.462990021877332,0.621534328568353,0.541512642852234
413,0.527528905400666,0.463074878684558,0.621603434146542,0.541554989297675
414,0.527548315307193,0.463066144393444,0.621704766426274,0.541543991423759
415,0.527535180597761,0.463052525577862,0.621813977796024,0.541550294076995
416,0.527597076203603,0.463016057721943,0.621934971902753,0.541655992872059
417,0.527729457967851,0.463114580483683,0.622081137707058,0.541661934870074
418,0.527854337422249,0.463172668590216,0.622137000226696,0.541672998542504
419,0.527877175703554,0.463181342881371,0.622122523187112,0.541666413655298
420,0.527975850773906,0.46317929390797,0.622192858916486,0.5416670702106
421,0.528009701046892,0.463275476141577,0.622274500610838,0.541689373341084
422,0.528017092607936,0.463343140948078,0.622383147743529,0.541705850219699
423,0.528046772800212,0.463360554067683,0.622515772743779,0.541660910490102
424,0.528065624042315,0.463415370438601,0.622595919058798,0.541672196268093
425,0.528017309843393,0.463483390137863,0.622684174720836,0.54174182911238
426,0.528035112219065,0.463538796220959,0.622771916115794,0.541768015222905
427,0.528073877965392,0.46358350058697,0.622895660052504,0.54184295411988
428,0.528099855008679,0.463633428498382,0.623015116071836,0.541890837578015
429,0.528176639031386,0.463649693001863,0.623076680745349,0.54195573250746
430,0.528217956304076,0.463683525469233,0.623165883034797,0.54200722957018
431,0.528225177467192,0.463691872717052,0.623267267912167,0.542011641074633
432,0.528320730420044,0.463747900287269,0.623345032956656,0.542078950792078
433,0.528419982566476,0.463830460256531,0.623448078696314,0.542144062563504
434,0.528498772323568,0.463918422808124,0.623512731875599,0.542197186694458
435,0.528502606035974,0.464010493874323,0.623563184996676,0.542227046485118
436,0.528545142641694,0.464085227964165,0.62371893601419,0.54227497038178
437,0.528588491374265,0.464110376207177,0.623796737795729,0.542333430654072
438,0.528567116762964,0.464175465732966,0.623834740028558,0.542339194864387
439,0.528586726046811,0.464268297340621,0.623944934130797,0.542360759363541
440,0.528567096785662,0.464371758727773,0.624079415233533,0.542348977402932
441,0.528651104110939,0.464489484254926,0.624174338922898,0.542366757590071
442,0.528684379091227,0.464525927535402,0.624242976411255,0.542362025261468
443,0.528753137524207,0.464581822905518,0.624323168889805,0.542405411332739
444,0.528833357613898,0.464594790807097,0.624477922865479,0.542481236526067
445,0.528903317608803,0.464634023349791,0.62459619032777,0.542502456494839
446,0.528988866164153,0.464645001606684,0.624688215477972,0.542522829077771
447,0.529041431077866,0.464730890386508,0.624779467209344,0.542572776998823
448,0.529027359364094,0.464782516093379,0.624870318013272,0.54259914690898
449,0.529107945138377,0.464791786780267,0.624921810395829,0.542720796225127
450,0.529145718957322,0.464890824580141,0.62509250654555,0.542775597555482
451,0.529152182349372,0.464956708272125,0.625178118367896,0.542755342653557
452,0.52922723704626,0.464953569746932,0.62523702282545,0.542745964663919
453,0.529309670128206,0.464986166346787,0.625314991793147,0.542764469994785
454,0.529349574229737,0.465015040588289,0.625472843301103,0.542775072874072
455,0.529473031259298,0.46503606241024,0.625575718701228,0.542845189926682
456,0.529477867171888,0.465101434001215,0.625663301345623,0.542874726500857
457,0.529466011750919,0.465131574718322,0.625761150215109,0.542904355376595
458,0.529472334726311,0.465192103464374,0.625830255863963,0.542979982691232
459,0.529500579934739,0.465224071779411,0.62597488225368,0.543001070681544
460,0.529579355120785,0.465260739812832,0.626092250511307,0.542988045542469
461,0.52963258543981,0.465313709948764,0.626195902906473,0.543067574060355
462,0.529720184712586,0.46533770695004,0.626252842055841,0.543126380993609
463,0.529764914676358,0.465444128905003,0.626365741898948,0.543121041823144
464,0.529805264181433,0.46543971786149,0.626476236325713,0.543159898298889
465,0.529906278906913,0.465456548363643,0.626598128855914,0.543191943558642
466,0.52987876028705,0.465505428684541,0.626691052581484,0.543185586364979
467,0.529890712715245,0.465530559412803,0.626814264661462,0.543201772272498
468,0.529968491827317,0.465566244414754,0.626926662710056,0.543286228182908
469,0.530073196303299,0.465592146701261,0.627002346439522,0.543307965305575
470,0.530114696058525,0.465593518043912,0.62716992122365,0.543360793326772
471,0.530109662866876,0.4656512975877,0.627271108321973,0.543485388633529
472,0.530157527943802,0.465721304814045,0.627346023952402,0.543580967198226
473,0.530241639106874,0.4657846784063,0.627466937904862,0.543585964455524
474,0.530355685168699,0.46585170589219,0.627540027350683,0.54363100148338
475,0.530421062279768,0.465926707179382,0.627636129678858,0.543659921208812
476,0.53040646508554,0.465976508580175,0.627698569860336,0.543712314584425
477,0.530440064468852,0.465992645271909,0.627754912512631,0.543769383562117
478,0.530496731781324,0.466048412285062,0.62781630568122,0.543811832389171
479,0.530501857936426,0.466083465968771,0.627847850886887,0.543854675143715
480,0.530605037374232,0.466137102278415,0.627941832898974,0.543878543935427
481,0.530635626987467,0.466195357078986,0.6280143135483,0.543950447367279
482,0.530620202303078,0.466256463133975,0.628138113545228,0.544014333187105
483,0.530714893822906,0.466304913128998,0.628206870395794,0.54407643534884
484,0.530814589110855,0.466325659425314,0.62829355692171,0.544143292517526
485,0.530803682468393,0.466368917783537,0.628411123108519,0.544247908743532
486,0.53085882762143,0.466387709364602,0.628489289511332,0.544288845674365
487,0.530921039308514,0.466448242635528,0.628600702058542,0.544357574014634
488,0.530977420222746,0.466421043046148,0.62869113335799,0.544403966937464
489,0.531089967826068,0.466495110252214,0.628764902770574,0.544445057544477
490,0.531163824176624,0.466592429634252,0.628936114204382,0.544478542033327
491,0.531213162116718,0.466646606069084,0.629041778014511,0.544542286595259
492,0.531244113231505,0.466654370369476,0.629131659037076,0.544580313850495
493,0.531237446800398,0.466664460237322,0.629114690398798,0.544648240719102
494,0.531289258974504,0.466719894852236,0.629200565248109,0.544697383038397
495,0.531371181868929,0.466771537385139,0.629282972584251,0.544714893345847
496,0.531347087839432,0.466804418933048,0.629339788528193,0.544786301602271
497,0.531365889849248,0.466811832929892,0.629429710355026,0.544836814071945
498,0.531415738804338,0.46689154008556,0.629533789618785,0.544896572964278
499,0.531443367475462,0.466963072715504,0.629698517282868,0.54494584979955
500,0.531474108818623,0.467012254846808,0.629776667377753,0.544981506543763
501,0.531479134744234,0.46704669918342,0.629840890419975,0.545054491754999
502,0.531545137497155,0.46706294767606,0.629922015726435,0.545214622700888
503,0.531599282665604,0.467111693355198,0.629983080489616,0.545261374555505
504,0.531627105096168,0.467200837627186,0.630024385406247,0.545335770235999
505,0.531676177063063,0.467231851333614,0.630093388590472,0.545401544498706
506,0.531668601095909,0.467272298779233,0.630151090049269,0.545422533656022
507,0.531665075503315,0.467322498541452,0.630228945026041,0.545500992279841
508,0.531660269578302,0.467371681593267,0.63029680331594,0.545570117837389
509,0.531690831909591,0.46736754056047,0.630383044354575,0.545617790969327
510,0.531718645227119,0.467443768935268,0.630478230768317,0.545668089585997
511,0.531782638898051,0.467527729123808,0.63059435488664,0.545767619266712
512,0.531816580793365,0.467585012880003,0.630664379022761,0.545845111189983
513,0.531802714382306,0.467633033001742,0.630754816974006,0.545895584342453
514,0.531797430773371,0.467677039318062,0.630870393106997,0.546008887763373
515,0.531799502510372,0.467684156503859,0.630939700140129,0.546020212069979
516,0.531799667120544,0.467716993837352,0.63100161646901,0.546086956453269
517,0.531868361484701,0.467756663490916,0.631094774742657,0.546123824763702
518,0.531866770028642,0.467821766475926,0.631103009611245,0.546163866024797
519,0.531885080992547,0.46790467602399,0.631171146117777,0.546227895247598
520,0.53199366305072,0.467932285126694,0.631301979008028,0.546273250217128
521,0.532032807779695,0.467964929949476,0.631371270504833,0.54629956650499
522,0.532013628452021,0.4679995568071,0.631472801045055,0.546313504994072
523,0.532023107318094,0.46811781836787,0.6315378036166,0.546377518935321
524,0.53206247773313,0.468162800462652,0.631587945369554,0.546452955475393
525,0.532116573640695,0.46823314344699,0.631685620859114,0.546512862714608
526,0.532137895814021,0.468297654651529,0.63181657330499,0.546550792547376
527,0.532198184029134,0.468366530709411,0.631869976344687,0.546623593292078
528,0.532260614808203,0.468401991263835,0.631960060162973,0.546682329383883
529,0.5323055841862,0.468464291069544,0.632100570517738,0.546722777090058
530,0.532349232359589,0.468514873226961,0.632213228529001,0.54682401634543
531,0.532411636410937,0.468575429670059,0.632321590681139,0.546872850559699
532,0.53246195521134,0.468600801644408,0.632394207570715,0.546928554828014
533,0.532494503614978,0.468633067326874,0.632472883163381,0.547021810967356
534,0.532492205314205,0.468683961812561,0.632594337918211,0.547015366362907
535,0.53251540299509,0.468770533496927,0.632695728741424,0.547068388568532
536,0.532570444287159,0.468858441091555,0.632824784149983,0.547066194874571
537,0.532606414506464,0.46890087256974,0.632934209888497,0.547086978977607
538,0.532605787477033,0.46891386850725,0.633056355216229,0.547106932333217
539,0.532625392911098,0.468966733409004,0.633147067971906,0.547207619517281
540,0.532641816781511,0.468993870762483,0.633295829591382,0.547306447220546
541,0.532674767352644,0.469053341761274,0.633427504592795,0.547369022211538
542,0.532731156520497,0.469092263354725,0.633516036697385,0.547469213933935
543,0.532769060191841,0.469156058753595,0.633599109149773,0.547526774875975
544,0.532809769061032,0.469197558898288,0.633721047970109,0.547570956162436
545,0.532862181521373,0.469229682401476,0.633846836873864,0.547617456870714
546,0.53285028166175,0.46930000718869,0.633878037902807,0.547664068961896
547,0.532946673587053,0.469409709461235,0.633998312356202,0.547699104519464
548,0.532940900954465,0.4694243075279,0.63409093239872,0.547813613476227
549,0.533002318353013,0.469511045114054,0.634204230657751,0.547900524162371
550,0.533096869709253,0.469570424470999,0.63432462805674,0.547947551707464
551,0.533164613536284,0.469643388139338,0.634372833848707,0.548057672876224
552,0.533237972397261,0.469717495156937,0.634471613362872,0.548105355326637
553,0.533276388164961,0.469751693747745,0.634541801157027,0.548160446098186
554,0.533304777504249,0.469802961566798,0.634609663191496,0.548220014862492
555,0.533411983581287,0.469786636387457,0.634700992323159,0.548275004383493
556,0.533448486202063,0.469834246940626,0.634757965631496,0.548320194735767
557,0.533485987705878,0.469885633467824,0.634819276298188,0.548376133438745
558,0.533547219067365,0.46991679192155,0.634887466998616,0.54846784685414
559,0.533550266321941,0.469958048468637,0.634973343713267,0.548525077469783
560,0.533583345173043,0.469983607941694,0.635076229826472,0.548552338898861
561,0.533569790833022,0.470002325964581,0.635167529546593,0.54858287882187
562,0.533582738295153,0.470036149270226,0.635189501944698,0.548629968834174
563,0.533625416083097,0.470072305152705,0.63526092439096,0.548698873318465
564,0.533668199147098,0.470108051397786,0.635360318822694,0.548777207114856
565,0.533737382234499,0.470173857095419,0.635481962693664,0.548825566007809
566,0.533781812730372,0.470270633072157,0.63560096251839,0.548904887861064
567,0.533863988978432,0.47030637244356,0.635684238088899,0.548944709946495
568,0.533938576304773,0.470309583124117,0.635778869711125,0.548976342562269
569,0.533977149834613,0.470353846206052,0.635886550751863,0.54901192027148
570,0.534028128950843,0.470373084650449,0.635999459377891,0.549023669298022
571,0.534099471756232,0.470437640259426,0.636066981786881,0.549044005808441
572,0.534195962523983,0.470532609290965,0.636184395808422,0.54907127297656
573,0.53421551741719,0.470584483372852,0.636249243998996,0.549109949202987
574,0.534254430023786,0.470656793976758,0.636319452823013,0.549128416418093
575,0.534273853701353,0.470700580689575,0.636401371717668,0.54917083703809
576,0.534301751907386,0.470698827797533,0.636476218178087,0.54923485737132
577,0.53433973603595,0.470764679296143,0.636529794067469,0.549321197908978
578,0.534378798454291,0.470759609533668,0.636627422868758,0.549419246746707
579,0.534446058664627,0.470790518750293,0.636722332694868,0.54948135555162
580,0.534502943127714,0.470890413955974,0.636817114465034,0.549541150849937
581,0.534534037088328,0.470892230167789,0.636855105223956,0.549587695342851
582,0.534526887375108,0.470934744184906,0.63695478015481,0.54968612073208
583,0.534564040995787,0.471001904894224,0.637011977982304,0.549755448308039
584,0.534578982413321,0.471089270659684,0.637028797561928,0.549812537914277
585,0.534645853436192,0.47115897158555,0.637093644403818,0.549851902671293
586,0.534626209429416,0.471211036500518,0.637161929916331,0.549919715823163
587,0.534657122548519,0.47124118066251,0.637216769078724,0.549970263200412
588,0.534652349467087,0.47129225931711,0.637287155079928,0.550038736701898
589,0.534676820111004,0.471336449595994,0.637310174710125,0.550113943101154
590,0.534700764157448,0.471417572361135,0.637396675686785,0.550178400026969
591,0.534759634013675,0.471449226401194,0.637479758888294,0.550260200202478
592,0.534813582101271,0.471470206001369,0.637541938894548,0.550365309095602
593,0.534803158949814,0.471513159011854,0.63765915102651,0.550389952774139
594,0.534835839524337,0.471531509349592,0.637737558024156,0.550465433539154
595,0.534885903244308,0.47156389766543,0.637825854920852,0.550528280391522
596,0.53488872203451,0.471578066461954,0.637938411484281,0.550593572003684
597,0.534935845158878,0.47163267244797,0.638003950819573,0.550665749900305
598,0.534975676550785,0.471666904987601,0.638104740519862,0.550670169207704
599,0.534970316083,0.471745999223326,0.638166302816906,0.550732651656443
600,0.534979227460077,0.47179243229295,0.638223139560443,0.550775299681392
601,0.535054057079621,0.471842636500873,0.638324315647383,0.550839292945602
602,0.535071380314763,0.471884854083907,0.638450255705819,0.550914302112245
603,0.535091695208088,0.471909956174053,0.638521241497626,0.550959401487956
604,0.535151812417854,0.471971665538056,0.638595898872978,0.551062813501245
605,0.535190958075952,0.472021386936248,0.638676456406176,0.551142030576071
606,0.535217966639115,0.472078073410399,0.638755315190587,0.551219215095257
607,0.535287952094044,0.472130305732576,0.638807676230339,0.551282165544539
608,0.535318377185568,0.472194107696397,0.638912671438626,0.551339434968574
609,0.535336962969637,0.472219800522973,0.639021788027329,0.551425018531518
610,0.535373851079217,0.472282670989912,0.639087554762545,0.551485313187733
611,0.535432998808477,0.472324261130721,0.639157571281953,0.551565121581738
612,0.535439178301886,0.472374453805894,0.639284987951144,0.551636464250132
613,0.535516947628212,0.472402470350237,0.639345595567464,0.551689886552427
614,0.535547199915832,0.47243473243924,0.639486830559928,0.551723641401145
615,0.535581944899224,0.472423630600649,0.639647917108945,0.551755237416252
616,0.535613597323024,0.472413370824734,0.639718203355686,0.551800103593612
617,0.535622435870931,0.472457566721938,0.63981038146611,0.551856338404062
618,0.535641535844087,0.472519550549293,0.639909016679393,0.551911336671499
619,0.535698610238966,0.472518078878351,0.639996018278731,0.551962501708332
620,0.535754084203534,0.472548042427067,0.640017485201265,0.552057329865932
621,0.535778670105436,0.472583341220738,0.640140426107185,0.552095912109337
622,0.535785905660037,0.472625040959611,0.640161465864911,0.552147959231918
623,0.53586799030103,0.472660546732765,0.640244438450127,0.552205045918576
624,0.535891842553198,0.472697716559126,0.640322914419307,0.552256699868581
625,0.535953929803997,0.472725649834036,0.640382612529875,0.552324271141774
626,0.535988040995217,0.472751895687318,0.640466558113212,0.552357664987188
627,0.536000670150759,0.472803487799298,0.640550002288827,0.55243440785301
628,0.536027280899975,0.47284371606014,0.640574350897645,0.552527348634018
629,0.536048451945417,0.472881510497765,0.640678990553494,0.552612328443076
630,0.536067014863176,0.472893182429108,0.640774219550411,0.55273378979742
631,0.536134325694043,0.472940084490695,0.640818858705239,0.552780549630105
632,0.536127889545402,0.472981631515851,0.640983843153248,0.552852885790341
633,0.536158869918734,0.473015245976705,0.641057454846388,0.552911668119268
634,0.536242519458413,0.473044243960343,0.641178620644905,0.552991526026825
635,0.53627051419709,0.473078951612037,0.641252263423547,0.553037862084272
636,0.536290170984759,0.473078705441761,0.641307754886637,0.553090741535285
637,0.536375828838143,0.473149770982475,0.641406415291181,0.553175310513295
638,0.536371479392121,0.47320490263443,0.641474326522149,0.553231241076487
639,0.536412400503364,0.473247034671195,0.641531788627937,0.553260561167921
640,0.536441607359009,0.473246554817568,0.641605686355825,0.553310773193139
641,0.536410282178031,0.473253255207839,0.641685593153363,0.553349441997809
642,0.536456996535131,0.473267306665044,0.641760805587062,0.553397761066122
643,0.536482554493786,0.473321817812534,0.641790994679195,0.553514012511204
644,0.536487226387155,0.473334761809758,0.641845057033473,0.553561210231213
645,0.536528823328152,0.473338988229413,0.641951295837488,0.553611213552239
646,0.536523443369612,0.473400019884599,0.642000321628116,0.553658267903408
647,0.53653071218746,0.47340367114888,0.642111486668502,0.553724979767892
648,0.536596601643432,0.473454947418633,0.642202849291705,0.553801459055777
649,0.536614606433378,0.473538678460896,0.642292571742108,0.553901401509979
650,0.536626320718828,0.473561076633863,0.642397004297295,0.553974989256232
651,0.536665891297776,0.473576797027301,0.642495370027597,0.554028920165194
652,0.536692204356155,0.473585409461059,0.642594602918922,0.554074314772011
653,0.536712282349727,0.47363038245585,0.642663786135472,0.554091087737007
654,0.536753665696587,0.473663463708641,0.642785196836441,0.554153442351652
655,0.536740687682596,0.473749074527686,0.642890571427509,0.554239261679827
656,0.536740140539703,0.473800497459185,0.642968620643893,0.554286740414894
657,0.536780142396527,0.473819612806155,0.6430979805881,0.554326344957014
658,0.536818344300532,0.473897879974875,0.643158830229089,0.554366623734754
659,0.536841665351654,0.473941296169104,0.643227397561623,0.554413017784272
660,0.536849677880358,0.473977526642374,0.643261712226571,0.554513237632711
661,0.536882666014829,0.474075688105791,0.643319921574718,0.554586252964913
662,0.536916113242484,0.474125980614978,0.643387492988728,0.554633064812631
663,0.536925453260909,0.474141453537544,0.64346587983321,0.554674356240596
664,0.536954755396367,0.474197527227954,0.643467664377276,0.554690064393673
665,0.536965452577012,0.47423017082405,0.643532994329659,0.554776382703389
666,0.536970247457542,0.474264234822911,0.643623214354503,0.554828788901514
667,0.536972973832833,0.474297546096172,0.643726584726655,0.554903547071406
668,0.536985059607194,0.474329609560046,0.643814873644338,0.554952112118634
669,0.536974030049069,0.474363032945243,0.643914352493714,0.555005649770802
670,0.536975051666949,0.47443314257106,0.644014173351346,0.555020688088274
671,0.537029356370607,0.474488042495708,0.64413664045331,0.555044619136391
672,0.537040906319423,0.474541980460014,0.644223698892297,0.555163212521886
673,0.537033818902616,0.474593142943126,0.644296939625322,0.555229295290242
674,0.537044672621731,0.474680131734264,0.644402410722386,0.555251503713256
675,0.537086240930154,0.474713013214787,0.644429158049471,0.555284380949524
676,0.537105548481629,0.47475441411409,0.644463810793358,0.55536320967915
677,0.537154140089524,0.474820316095274,0.644532403579173,0.555423755973855
678,0.537199685678745,0.474888459094758,0.644552375011593,0.555459955857852
679,0.537273834958616,0.474924246187568,0.644674878363392,0.555524613824933
680,0.537261116566715,0.474982094696755,0.644739388760443,0.555580819082469
681,0.537260942248493,0.475008408104632,0.644826856070513,0.555674099772445
682,0.53732715724131,0.475032936566944,0.644864067300513,0.555692862861641
683,0.537367581002854,0.475059038223047,0.644951476808136,0.555783726376296
684,0.537414555863653,0.475126793838566,0.645047298284129,0.555806653382555
685,0.537442363322103,0.475118763355898,0.645130550499132,0.555897508881875
686,0.537465097547142,0.47513227428951,0.645189553577108,0.555959850930728
687,0.537507004796887,0.475160112324972,0.64532614465013,0.556001720073135
688,0.53755688002625,0.475179357666589,0.645429017946464,0.556067599933361
689,0.537566024189304,0.475258888308373,0.645529054620391,0.556160598002437
690,0.537626155995696,0.475293309945256,0.645629293458177,0.556228064740993
691,0.537655792311381,0.475347708718922,0.645712939460846,0.556279592776969
692,0.537685398412316,0.475386817747207,0.645731160942553,0.556379499563392
693,0.537760734423227,0.475437561598935,0.645832532984646,0.556430877388056
694,0.537794440469944,0.475419628152912,0.645886332666126,0.55651271291512
695,0.537828555046301,0.475463328863943,0.645949581224168,0.556563864663046
696,0.537830683400787,0.47549020748914,0.646048045445607,0.556587157898225
697,0.537868592491577,0.475485812728917,0.646068860679743,0.556667246612311
698,0.537882531999222,0.475511647241032,0.646115571309955,0.556691029223286
699,0.537904622256613,0.47551468621092,0.646198754506911,0.556784501933041
700,0.537935711070509,0.475536456193632,0.646263483498892,0.556856168277817
701,0.537986175371807,0.475524794662922,0.646353426634564,0.556929359347082
702,0.538062222516231,0.47552167996699,0.646409877706966,0.557007291239749
703,0.538113703099625,0.475527736669842,0.646417242828083,0.557046167476468
704,0.538090604584665,0.475557328729182,0.646473196415715,0.557076696506451
705,0.538149506897095,0.475608766660308,0.646500153485446,0.557140589898823
706,0.538176693705376,0.475673150174243,0.646494942770104,0.557224455020408
707,0.538166346147063,0.47566726903611,0.646575092747332,0.557287040508589
708,0.538220231403442,0.475684851480383,0.646631218389312,0.557434697777323
709,0.53826541403122,0.475719851379367,0.646708289062722,0.55749549318498
710,0.538274421890454,0.475763105590355,0.646769281360723,0.557552599596871
711,0.538329171192289,0.475828140329178,0.646808917130981,0.557651912075099
712,0.538343681898717,0.475859411984295,0.646863909090362,0.557756368742498
713,0.538372110158611,0.475875538909137,0.646953112657711,0.557826413896758
714,0.538371632315993,0.475903334641949,0.646992109483081,0.557918913528669
715,0.53838556581956,0.475916025801665,0.64704274599739,0.557986128134018
716,0.53842946423776,0.475924842541714,0.647122530181852,0.558030785455538
717,0.538450789173364,0.475968820096149,0.647170022047839,0.558024881018408
718,0.538433089721415,0.475963021835433,0.647230598318474,0.558089789316937
719,0.538468238244704,0.476057682594978,0.647314733268319,0.55813833455209
720,0.538450753278732,0.476069155162944,0.647349655610474,0.55816961728315
721,0.538486031564936,0.476108106039131,0.647411722458151,0.558273415462157
722,0.538526328438677,0.476118154681801,0.647451937271508,0.558331662011174
723,0.538590722558618,0.476137365924315,0.64754840933145,0.558435197869972
724,0.53861565230181,0.476160764907781,0.647612187956668,0.558470432749722
725,0.53864913615309,0.476178351166721,0.647673198917165,0.558530124944856
726,0.538660206631484,0.476166715058722,0.647769687064754,0.558630647776585
727,0.538706746351345,0.476197223314313,0.647818111550459,0.55868465686995
728,0.538749719117792,0.476250344905065,0.647895626886047,0.558729014530481
729,0.538807619701582,0.47630670706903,0.647930162323962,0.558748962925012
730,0.538804841684944,0.476347161667822,0.6480326983702,0.55878262154904
731,0.538846050779134,0.476365387237489,0.648122866224649,0.55886223172329
732,0.538879491072007,0.47639239171843,0.648206815237822,0.558963673033194
733,0.538950701866102,0.476446804675676,0.648293699925134,0.558977636598372
734,0.538998523561974,0.476526212929498,0.648360557071898,0.559063707243422
735,0.5390013577998,0.476557358933282,0.648423055284313,0.559093776656167
736,0.539003526516694,0.476578920036649,0.648497678034541,0.559143937038658
737,0.539023391955555,0.47658577439173,0.648585559930424,0.559198854115424
738,0.53907178325053,0.476607540989976,0.648659805669194,0.559247963811231
739,0.539117819625659,0.476630716059546,0.648753524034284,0.559267100632881
740,0.539159039136776,0.476658824703668,0.648798970618544,0.559361088431321
741,0.539226187548899,0.476703138700782,0.648843756320445,0.559454672602807
742,0.53927183922006,0.476705123395238,0.648866793732997,0.559523210313592
743,0.539300122679212,0.476712161124726,0.648923935794149,0.559586501986996
744,0.539342908466183,0.4767766752614,0.648966106215238,0.5596205744514
745,0.539377343976807,0.476758441440298,0.649027118760782,0.559685687315388
746,0.539399837084174,0.476778299194649,0.649100655264771,0.559731174155725
747,0.539427033915142,0.476812045886573,0.649162802420126,0.559762744151777
748,0.539484828148095,0.476843869541877,0.649236350774812,0.559825281854081
749,0.539526655044206,0.476880736870471,0.649290194204775,0.559878367757875
750,0.539547168817528,0.476860821326051,0.649379788960695,0.559893599114983
751,0.539562197392171,0.476872622651336,0.649474559764203,0.559932892905659
752,0.539580653242609,0.476898723856543,0.649541257195203,0.559999332079471
753,0.539623168120002,0.476924494402738,0.649602175927302,0.560076373503406
754,0.539644391424344,0.476957593779978,0.649697911314543,0.560145291509024
755,0.539682678106077,0.476974019749503,0.649766973033959,0.560207805017713
756,0.539692567312066,0.476994350481196,0.649804474928434,0.560301991102972
757,0.539708464670711,0.477037740245393,0.649880419426443,0.56036414308403
758,0.539724893403083,0.477093944056645,0.649941843977332,0.560436166512607
759,0.539766666939211,0.477113969941501,0.650017527021954,0.560485985392784
760,0.539791941585294,0.477118615944079,0.650113186367612,0.560506895190724
761,0.539851038999525,0.477128983353793,0.650163469183092,0.560585749498733
762,0.539883036257694,0.47714901949666,0.650235077466777,0.560618031209678
763,0.539860945941824,0.4772148660161,0.650296458802336,0.560654211428073
764,0.539908754929427,0.477236313633388,0.65035150273926,0.560746712091085
765,0.539939205849529,0.477256927423749,0.65037196878698,0.560824470273931
766,0.53996806520378,0.477248368552443,0.650390803222937,0.560897771244287
767,0.539971803264305,0.477255139804789,0.65045172456304,0.560961392831117
768,0.540014484252056,0.477275460814539,0.650488369588732,0.561034692658835
769,0.540054294180628,0.477299454378662,0.650569179766979,0.561117199901351
770,0.54006040518301,0.477341338214111,0.65065455946265,0.561156718782413
771,0.540093612770132,0.477369341337959,0.650720893595316,0.561178930599373
772,0.54008168004388,0.477403267098708,0.650765483016292,0.561242156657238
773,0.540101144407553,0.477440217679285,0.650818897538767,0.561347237336819
774,0.540136549469023,0.477439293312158,0.650843237500127,0.561403351564654
775,0.540130266427479,0.47747289852581,0.650932474411026,0.561459306558643
776,0.540154246677664,0.477499910752647,0.650983950164014,0.561497035051939
777,0.540178220845291,0.477521438203311,0.65105866443122,0.56152410664435
778,0.540227811025828,0.477543073518828,0.651140647977652,0.561583894278895
779,0.540249422857142,0.477596782006746,0.65122215560182,0.561654506259474
780,0.540300245125748,0.477686452744036,0.651286778681711,0.561681988735898
781,0.540308080641648,0.477688392976293,0.651327463740397,0.561766347072075
782,0.540345187297598,0.477708634306555,0.651422132458758,0.561845158773713
783,0.540383535374316,0.477734854391417,0.651457215805489,0.561909259585928
784,0.540447770551311,0.477755211920822,0.651556993196131,0.561983765941185
785,0.54049532216922,0.477762520110667,0.651578320066576,0.562040227637354
786,0.540497865318807,0.477782200885649,0.651611091610027,0.562117509188063
787,0.540502949864329,0.477768732046335,0.651677373225503,0.562172335148837
788,0.540496833089127,0.477814725282946,0.651752799594066,0.562236296492129
789,0.540516946896067,0.477798790595189,0.651795273020964,0.562310176428577
790,0.540554690858345,0.477809027687867,0.651807953090987,0.562354708066502
791,0.540611485913131,0.477853160737387,0.65185283381596,0.562378876219825
792,0.540626780674255,0.477873729038558,0.651923595459854,0.562413755381362
793,0.540668594903133,0.477876785881851,0.651960978808636,0.562479949108251
794,0.540683175397921,0.477861790636746,0.65203047852724,0.562583472818794
795,0.54071923728153,0.477915620288482,0.652093780974949,0.562635641540974
796,0.540756729406649,0.477955952716303,0.65214085712037,0.562687991468996
797,0.540773859442008,0.477989573628787,0.652236275280792,0.562712370464209
798,0.540815676400233,0.478028244895047,0.652279428564341,0.562769667511362
799,0.540857838664699,0.478058561266965,0.652335791608816,0.562821982657605
800,0.540863341647804,0.478107306024455,0.652407015740588,0.562849885473367
801,0.540913320202606,0.478118732519277,0.652465853221617,0.562900535615948
802,0.540937153173188,0.478147687513697,0.65250079342548,0.562978344674169
803,0.540959665933952,0.478212105625765,0.652565499259147,0.563067833555729
804,0.540982954373198,0.478235895233982,0.652646962786386,0.563109855262625
805,0.54095893511567,0.478275420690963,0.652629002806579,0.563143613054514
806,0.540995273186946,0.478336306078165,0.652664509071163,0.563235464639182
807,0.541013911476758,0.478350757746374,0.652715829540835,0.563289126070895
808,0.541037387250505,0.478377430155386,0.652797060687991,0.563346865346325
809,0.541067426516175,0.478422300122741,0.652838834602054,0.56341024789893
810,0.541089865758102,0.478437395076027,0.652891338633976,0.563436021129548
811,0.54112226947082,0.47849670209497,0.652938251039761,0.56347748443899
812,0.5411488006223,0.478542285097071,0.652977493751283,0.563516127478662
813,0.541156611418184,0.478544224084114,0.653015035400223,0.56357800692448
814,0.541152068133887,0.478584804523824,0.653090412175611,0.563607452987247
815,0.541183970355441,0.478599789125664,0.653117780501155,0.563658338146094
816,0.541202739104378,0.478658425625003,0.65316930526518,0.563720496219366
817,0.541219195076972,0.478646387355662,0.653189757604258,0.563790200191085
818,0.541278148090306,0.478638775078254,0.653242176925724,0.563852218215635
819,0.541293008064508,0.478664257054268,0.653275921188667,0.563909952954018
820,0.541300721540817,0.478696423255722,0.653330636038571,0.563959376763347
821,0.541311993276529,0.478721955571763,0.653370468062997,0.564022389797785
822,0.541317330740886,0.478718694599385,0.653421367746664,0.564112744875399
823,0.541353340140334,0.478738500361915,0.653467711063305,0.56417397578896
824,0.54140155302296,0.478744188466009,0.653502739966619,0.564246337191977
825,0.541454928725199,0.47877907718754,0.653576959548194,0.564301267103898
826,0.541472259807092,0.478768806278712,0.653622068868075,0.564366083090648
827,0.541505158418068,0.478852291532962,0.65365353786708,0.564465753567302
828,0.541502613379084,0.47890458947175,0.653719244452978,0.564547924705547
829,0.541534374814155,0.478943512693517,0.65378572246296,0.56460082688797
830,0.54157093264669,0.478955528845439,0.653843637384836,0.564632090679667
831,0.541567686411965,0.479000336683278,0.653891791176851,0.564673345590737
832,0.541568944640276,0.479032067885022,0.65393031431159,0.56478028924651
833,0.541563786726932,0.479093648460458,0.653963922873571,0.564834820232578
834,0.541595445488936,0.479114538216485,0.654027650608643,0.564892271204698
835,0.541613301633732,0.479172751065804,0.654129102627336,0.564904176390338
836,0.54163550618853,0.479221459795226,0.654156565035407,0.564948142355901
837,0.541641565116282,0.479226422595235,0.654178543388276,0.56500187105457
838,0.541685336663028,0.479242440332059,0.654243730337948,0.565046874561152
839,0.541715781743707,0.479260796210386,0.654292148999303,0.565114179213942
840,0.541708822767611,0.479284582607019,0.654356281307149,0.565186428103981
841,0.541732210984658,0.479311371158893,0.654390364940417,0.565242308726005
842,0.541726966384152,0.479339107075595,0.654472785242611,0.565291865261207
843,0.541770157242122,0.479342888369108,0.65450686310094,0.56536519504991
844,0.541795738395873,0.47942466099787,0.654560773938248,0.565413599026909
845,0.541813599838232,0.479435631162161,0.654568223191325,0.565440611239974
846,0.541840091667961,0.479463019526227,0.65463575466342,0.565484169922513
847,0.541900347616237,0.479506620594937,0.654643275973906,0.565543159624887
848,0.541910577156651,0.479546829404507,0.654730353443552,0.565556250784301
849,0.54193877187607,0.47958222069807,0.654772465557585,0.565625390512393
850,0.541933286407681,0.479608712800941,0.654835487760846,0.565677533028946
851,0.541970302672101,0.479641735840765,0.654881095585949,0.56575015994594
852,0.541993942236787,0.47967646223709,0.654949211674526,0.565798407690918
853,0.542020378128003,0.479686930548636,0.654998067793367,0.565868834904228
854,0.542030145558619,0.479729154663779,0.655037237058535,0.565905226290876
855,0.542096216972081,0.479746567995015,0.655067286351635,0.565966987050887
856,0.542139616682445,0.479779750228026,0.655069698107675,0.566035388920834
857,0.542132406171235,0.479771509541134,0.65514651345283,0.566124157643406
858,0.542149146338143,0.479803348618499,0.655230898447653,0.566171558983021
859,0.542185769653333,0.479864032832165,0.655254606120539,0.566234661173458
860,0.542184757176305,0.479879730310063,0.655316791785848,0.566282788569336
861,0.54223049077351,0.47989995990092,0.655398208028761,0.566313263152253
862,0.542258262024605,0.479915422344657,0.655475878732781,0.566391345546549
863,0.542295866723055,0.479920345722433,0.65550122104572,0.566454176018858
864,0.542311313458206,0.479952264830776,0.65557017839579,0.56650883552668
865,0.542352928041112,0.479997780637451,0.655641618800419,0.566566302733153
866,0.542366918249531,0.480007595865057,0.655721932961146,0.566596629376835
867,0.542384791501316,0.480008307474722,0.655792324085317,0.566663012039579
868,0.542413170074183,0.480020414175246,0.655867540561816,0.566710946040849
869,0.542418364025857,0.480021478362748,0.655887004160326,0.566806487137117
870,0.54239915378329,0.480033379293565,0.655944220992972,0.56687294965675
871,0.542432976229741,0.480082376984433,0.655999001053062,0.566938257102045
872,0.542447147643544,0.480128840655371,0.656066224405631,0.566948593866366
873,0.542429332476917,0.48016781158552,0.656147039291971,0.567017765124069
874,0.542427130563172,0.480181572898548,0.656180406501179,0.567049172765724
875,0.542441093285037,0.480181566601819,0.65620743580641,0.567082574978228
876,0.542473345655521,0.480206759044605,0.656266336731336,0.567133416812083
877,0.542497353719676,0.480207230528669,0.656330049385397,0.567190840402888
878,0.542501575910472,0.480251357024315,0.656359043441353,0.567241167820529
879,0.542506788781017,0.480280752573327,0.656389125456125,0.567274342514844
880,0.542553545575978,0.480299090836253,0.656438843311684,0.567352011632211
881,0.542570150811202,0.480314791963093,0.656502227620384,0.567407969673866
882,0.542541727490268,0.480354466649455,0.656569365173996,0.56743867968653
883,0.542571902009121,0.480391238313735,0.656638181578397,0.567501137422719
884,0.542602433598698,0.480410121795299,0.656683849277907,0.567586281094825
885,0.542633935360812,0.480451173295831,0.656726274242336,0.567635582352206
886,0.542638350263977,0.48048813871578,0.656745810584071,0.567674261681943
887,0.542676873216852,0.480504368972747,0.656770485186627,0.567755344131828
888,0.542696973966244,0.480510842210382,0.656813275762842,0.567836240938645
889,0.542719513085507,0.480500966497158,0.656860909732088,0.567877369131084
890,0.542758861275036,0.480541903657236,0.656917443516878,0.567934425822815
891,0.542785847930976,0.480552563032565,0.656973438193555,0.567997614682256
892,0.542793929773652,0.480595625991789,0.657035721213336,0.568057621124782
893,0.542789746135429,0.480599253507652,0.657094511290912,0.568104111153893
894,0.542836736345702,0.480655372256746,0.65715740808451,0.56817840950181
895,0.542851987204126,0.480663058360365,0.657182051734217,0.568205135492087
896,0.542862124547514,0.480707143582302,0.657230329539567,0.568248049897278
897,0.542898109017961,0.480758918906487,0.657269816200135,0.568281638290764
898,0.542918214683335,0.48080816214416,0.657348075400681,0.56832720556832
899,0.542950337554509,0.48082448108249,0.657371395293705,0.568361637800127
900,0.542963075693542,0.480851016759111,0.65740460724044,0.568430041418491
901,0.542978141315141,0.480868563361807,0.657423754199416,0.568486835424289
902,0.542949318579841,0.480863863944797,0.657490690072303,0.568547369968872
903,0.543009177455707,0.480884620587336,0.657542080519118,0.568609115293032
904,0.543024309246888,0.480889545102944,0.657581058376154,0.568661889393162
905,0.543033882336829,0.480877738063093,0.65762694077498,0.568690682070544
906,0.543063935910224,0.480910678153912,0.657674844904244,0.568754537247592
907,0.543097374803613,0.480910094515009,0.657714085549614,0.568787598809981
908,0.543104052781412,0.480940104759881,0.657778523738754,0.568821446249085
909,0.543121060050592,0.480973467622088,0.657828832061843,0.568848432156777
910,0.543133406808666,0.481012076146734,0.657886214683392,0.568901919778029
911,0.54318309716136,0.48103420194489,0.657917830404351,0.568992644553075
912,0.543189826862964,0.481052959333094,0.657993597410329,0.569011711808387
913,0.543228633940929,0.481086777564013,0.658043821742813,0.569066610315869
914,0.543253120850799,0.481126115530321,0.658105750665328,0.569118921544616
915,0.543261719685268,0.481131307841394,0.658134421988087,0.569174995530261
916,0.543289651397902,0.48114821749218,0.658170588610822,0.56923579714271
917,0.543325563477935,0.481185082148344,0.658237999553138,0.569326855084864
918,0.543343115099543,0.481213169641959,0.658278199594312,0.56937251695838
919,0.543330955349308,0.481255864956329,0.658330000028146,0.569452156644923
920,0.543340734342449,0.481288927261697,0.658384941953489,0.569540170557589
921,0.543368292516661,0.481315292418767,0.65844348398701,0.5696072408069
922,0.543388580592551,0.48134966942786,0.658487557738975,0.569659704272911
923,0.543399499141225,0.481352754584695,0.658538421342775,0.569736445064032
924,0.543405603635454,0.481370529509322,0.658565945248629,0.56976275284729
925,0.543447841227092,0.481384783919402,0.658613434424464,0.569797667762978
926,0.543446667857621,0.481427726600488,0.658665343982321,0.569819188868411
927,0.543475156144885,0.481455112550918,0.658724573972027,0.569881294774959
928,0.543504236175623,0.481484769642966,0.658786058974068,0.569945367140699
929,0.543507930192443,0.481515730687334,0.65880710276941,0.569963944212149
930,0.543522315306309,0.481529058628487,0.65886341616323,0.570030083843866
931,0.543551019389251,0.481553034693949,0.658937299526668,0.570086622311299
932,0.543594996416968,0.481564522871896,0.659025977970432,0.570133325135833
933,0.543615010313307,0.481566545081646,0.659074721624008,0.570196165773794
934,0.543622803742951,0.481585590018546,0.659103898111377,0.570225305899621
935,0.543606283463884,0.481591585594277,0.659152629798304,0.570253403409777
936,0.543640038353244,0.481637519573067,0.659266500805357,0.570296787586462
937,0.543633491051975,0.481640445067245,0.659326595152259,0.570327319197921
938,0.543622517720476,0.481710912516346,0.659392950165836,0.570383947823885
939,0.543645830301285,0.481735866380856,0.659420145624061,0.570442870246743
940,0.543639511616352,0.481766746540785,0.659490682343404,0.570505886993652
941,0.543620883262543,0.481788155705607,0.659564028228457,0.570566373614599
942,0.543639920891424,0.481807793513939,0.659615275350769,0.570621319450159
943,0.543619066009158,0.481809456517645,0.659653200639033,0.570697350698514
944,0.54363957750709,0.481846021193035,0.659691854772147,0.570759562609829
945,0.543663801115892,0.481827800380375,0.659710922190233,0.570833377515436
946,0.54366538179449,0.481859059111621,0.659758355586011,0.570898034355934
947,0.543670467533181,0.481895514421175,0.659789587666884,0.570963857118492
948,0.543694392339045,0.481892646089791,0.659859921483216,0.571010276074437
949,0.54371812317513,0.48190527760552,0.659911736768893,0.571086984253068
950,0.543728907076109,0.48192554269896,0.659982799797594,0.571136502052071
951,0.543733900842114,0.481967729241718,0.660005548453423,0.57120448133519
952,0.54376807318846,0.481993182940338,0.66002892147276,0.571252610109637
953,0.543814231805434,0.482028169895819,0.6600929778768,0.571312718173508
954,0.543839636992375,0.482061369336676,0.660128022717836,0.571374042453398
955,0.543847783570479,0.482085209564906,0.660205249170771,0.57144111877016
956,0.543861684820258,0.482077633284951,0.660227027820609,0.571503754949669
957,0.543874394691677,0.482089581268952,0.660273218672401,0.571546212302348
958,0.543900352782221,0.482117888503503,0.660315120091253,0.571601622039705
959,0.543942332742813,0.482114080279108,0.660403629449801,0.571640156513034
960,0.543961091892335,0.482139785246335,0.660432199816723,0.571696333595189
961,0.54392570019884,0.482168855818778,0.660460117908973,0.571749253652152
962,0.543913205295771,0.482171739096615,0.660527147582998,0.571794803870147
963,0.543906706580163,0.482181031927004,0.660565316350869,0.571831447972459
964,0.543917258882198,0.482210840181269,0.660631220815454,0.571910056950239
965,0.543960565406846,0.482237494787506,0.660711665461534,0.571964401543088
966,0.543989363176298,0.482260902568527,0.660799932098448,0.572019916835731
967,0.544029285208456,0.482257874758158,0.660815889008122,0.572078436256724
968,0.544018320658763,0.482258913554417,0.660885290363326,0.572168123942491
969,0.544038879419873,0.482273629354404,0.660936490642824,0.572236729271321
970,0.54406659821958,0.482305261928256,0.660968210272674,0.572287307602214
971,0.54408172272861,0.482366710310513,0.661023596133409,0.572389321914087
972,0.54410882963392,0.482392605739967,0.661052305578821,0.572453898195305
973,0.544132244186003,0.482387099599504,0.661092849432832,0.572533246266088
974,0.544161701914054,0.482430742709647,0.661159277816153,0.572573709195516
975,0.54416655095104,0.482464703495846,0.661178690356467,0.572639992551504
976,0.544176664867943,0.482498869916314,0.66120906921962,0.572704592518306
977,0.544190416365164,0.482531700976142,0.661259333345373,0.572740784854631
978,0.544205286933264,0.482530729283694,0.661309725838422,0.572793288257917
979,0.544248891655863,0.48256168596307,0.661364193526831,0.572830780807688
980,0.544266423229201,0.482586925811939,0.661422240635947,0.572846614445891
981,0.544301882503169,0.482650479483742,0.661469442960581,0.572871254874996
982,0.544337756511199,0.482669858120502,0.66149041526148,0.572894859885552
983,0.544377312212704,0.48270541811499,0.661530456042461,0.572931660976503
984,0.544389644696548,0.482739302552698,0.661556821440676,0.572982432177039
985,0.544423957919833,0.482747079062353,0.661619564400569,0.573019747457763
986,0.544420630492887,0.482797081831097,0.661648542710938,0.573090647748044
987,0.544433977309353,0.482814939551043,0.661695206324581,0.573133859181326
988,0.544470888886806,0.482823195198392,0.661765142718172,0.573198294532315
989,0.544475798358542,0.482841215507913,0.661809014928544,0.573251788019128
990,0.544490850558619,0.482860879110023,0.661870554264839,0.573284904193139
991,0.544476378824293,0.482877508485621,0.661919320248185,0.573330607490643
992,0.544491878567342,0.482882371109654,0.661980495076806,0.573361997820987
993,0.544506786865903,0.482895764255341,0.662036607539244,0.573406369229962
994,0.544513152564162,0.482909670541758,0.662076381408289,0.573461323126723
995,0.544544829733095,0.482933531076397,0.662128241782879,0.573511953312724
996,0.544546225324908,0.482925865642994,0.662179606384958,0.573544614238466
997,0.544542882054047,0.48295923180211,0.662248514487624,0.573604003599651
998,0.544561071103384,0.482980912188311,0.662310748915816,0.573673490756895
999,0.544583002861578,0.4830109172509,0.66237869552188,0.573741718222454
1000,0.544599782233374,0.483035921451676,0.662429653288119,0.573781923417713
