Figure 13 (top-right). Effectiveness of the local search operator.  Convergence in terms of the average percentage improvement achieved in the fitness of the initial ensemble after applying LSA.,Column_2,Column_3,Column_4,Column_5
,,,,
Time(min),S 5 5,V 5 5,S 20 20,V 20 20
1,0.185358768696079,0.0942550891422836,0.382880661157669,0.171144055734342
2,0.160685148973106,0.0732923465675915,0.377447998460211,0.180476878745126
3,0.141965043605872,0.0690324117965912,0.364597616499252,0.17583133690728
4,0.128948175938667,0.0683412985981564,0.357780691912549,0.169151782025084
5,0.118869176085372,0.0666958431994241,0.359497089375127,0.158300986600945
6,0.111768562842564,0.0673736972105465,0.358296294316425,0.155792985527034
7,0.106936366025343,0.0712959313401271,0.354119777649438,0.14972447273742
8,0.103255678683388,0.0746217329718075,0.350624397029006,0.145968280668656
9,0.100324480252976,0.07669064397226,0.34534276073617,0.14210184685723
10,0.0993631312465227,0.0780659313706378,0.34005277145978,0.135808378172956
11,0.0969810838128175,0.0807170403848872,0.334916565672996,0.132102969773786
12,0.0950371587795768,0.0823264126474782,0.329663319917616,0.131003553507741
13,0.0938925693804274,0.0833858834916646,0.324384224393973,0.129629619871845
14,0.0930474739758098,0.0839245784938385,0.318801125359787,0.129387839624078
15,0.0929455304347311,0.083164641537218,0.312695580436188,0.12782008732536
16,0.0931477117631249,0.0826569419725189,0.306590576925999,0.126952868604226
17,0.0931457450508129,0.082795803957251,0.302178336838482,0.125229941977024
18,0.0929992171296201,0.0840460030421002,0.296923978264629,0.123811220603865
19,0.092213941981865,0.0846603024693037,0.292357832723437,0.122427825849193
20,0.0919759007166801,0.0849708448822146,0.286823466818492,0.121047761526035
21,0.0918045742359523,0.0853561260374231,0.28111699980762,0.120533819077148
22,0.0915801263208276,0.0851747671751212,0.274475559931422,0.119237820716884
23,0.0910465676844294,0.085452476513483,0.269891758460111,0.118215313775206
24,0.091069415919561,0.0853016266542657,0.26493619993801,0.117066579834536
25,0.09087806645716,0.085007717284455,0.26228902137415,0.115602829869826
26,0.0907059521262551,0.0850017233719647,0.258006470552052,0.115249269079588
27,0.090727761283694,0.0850016539175929,0.255736019997026,0.113788809315759
28,0.0907929389475859,0.0853300574823982,0.25103497538928,0.112931971731711
29,0.0905060265221882,0.0854196687935715,0.248346386615184,0.11168077092876
30,0.0908387671293943,0.0854195611807284,0.24418974127286,0.110653970983259
31,0.0908516436266982,0.0858141100373135,0.240540022777881,0.109890842726106
32,0.0907558499882723,0.0861322658689584,0.236258332965468,0.109202414571881
33,0.0908559425833476,0.0864927204973822,0.232877794759782,0.108190429369293
34,0.0908545803350516,0.086697699136285,0.229467352955332,0.107283754764264
35,0.0914363686233947,0.0868525532339294,0.227281775928872,0.106442785614526
36,0.0912968282791162,0.0869381061927742,0.225228435609262,0.105417051748067
37,0.0911961306116565,0.0869734907172226,0.221928921486242,0.104573186194288
38,0.0911913014893558,0.0868094424199408,0.219826877084196,0.103675381744946
39,0.0913560218296729,0.0867045192535605,0.217423172576684,0.102680362439137
40,0.0915084927657835,0.0868599339510829,0.214464175512075,0.101717379419903
41,0.091704469774716,0.0869083005593965,0.211310585427082,0.101295654785106
42,0.0920567747204953,0.0871395569928648,0.209227951385148,0.100208268675217
43,0.0923790034394942,0.0870002556266274,0.206639788141226,0.0994910141300041
44,0.0925123331376686,0.0870927119613105,0.20490006942985,0.0984184404138647
45,0.0924777638493463,0.0873093484509352,0.202511404081366,0.0975308677733438
46,0.0925159915875175,0.0874170134106622,0.201250863850952,0.0970288982197511
47,0.0926772464595732,0.087517909301359,0.199650632577479,0.096332466157433
48,0.0927654129564657,0.087402171736133,0.197577638253239,0.0958678630765086
49,0.0927588317437177,0.0875491376538817,0.195977697373695,0.0953121830345432
50,0.0927891218379497,0.0877520521743984,0.194198545631183,0.0944711380139958
51,0.0928252840285416,0.0877601893041132,0.192892349910989,0.0938145376122378
52,0.0929107589787286,0.0879779656205296,0.191302707811728,0.0934656900469541
53,0.0928075791941609,0.088036959256807,0.189806856086948,0.0930555407987191
54,0.0928714718227406,0.0881223617756967,0.187935124622697,0.0925511865352171
55,0.0930722844950434,0.0879491063191576,0.187117667569885,0.0919510180138281
56,0.0929512757240678,0.0877903258232483,0.186097295160048,0.0914496411269154
57,0.0930841916436343,0.087627753025536,0.184524080424688,0.0907485569592014
58,0.0930665776695822,0.087510528780575,0.183465576521506,0.0901993896399288
59,0.0930875990018878,0.0875359140680103,0.182600924526171,0.089737596415153
60,0.0931405365829378,0.0875842219538401,0.181413819273118,0.0891827925022131
61,0.0931763376491198,0.0876735833870308,0.180298146951414,0.0886924052432322
62,0.0929845776330265,0.0877944856217891,0.179285349413493,0.088197625121068
63,0.0930212405940993,0.0877352861217417,0.178271439002532,0.087474797083822
64,0.0930193416270864,0.0877906374599492,0.177244681175344,0.086933219060451
65,0.0930026962603669,0.0875896751223919,0.176279130590451,0.0864540023030173
66,0.0928557163744831,0.0873892998153864,0.175591769846172,0.0859188367987844
67,0.093137475160662,0.0873635978593342,0.174285835234132,0.0854489464133926
68,0.0932861449267209,0.0873372131423312,0.173468934589583,0.084976229834782
69,0.0932681761580528,0.0874421731727184,0.172636635726003,0.0844815824556139
70,0.0933787530922634,0.087777910071576,0.171948105120156,0.0839609669477658
71,0.0934782291873639,0.0879720481775762,0.171116899022851,0.0835906519131332
72,0.0936336922628662,0.0881980817705894,0.170186387692677,0.0831293556845528
73,0.0937283004815958,0.0880046001525813,0.169266225881648,0.0826454887839599
74,0.0936752038716724,0.0880727209500238,0.167940528608903,0.0820794474439308
75,0.0935440948993697,0.0881270880792797,0.167243964827109,0.0816160343006632
76,0.0938004099532887,0.0883067242191128,0.166457859098751,0.0810560392449118
77,0.0938098395735963,0.0883117845719042,0.165766493492995,0.0805364976714049
78,0.0938447945797466,0.0884119440846582,0.165009879380374,0.0800288818622593
79,0.0938987690144484,0.0886460161835997,0.164214555433555,0.0795122020637396
80,0.0939698388806006,0.088528461750289,0.163713693323794,0.079019786593703
81,0.0940406616017677,0.0884178004529443,0.163301698324663,0.0783757809390987
82,0.0941421930196261,0.0885105623651669,0.162573161627157,0.0779886947092303
83,0.0942061669789885,0.0885190818767093,0.161880745555796,0.0775918891315629
84,0.0944577893641417,0.0886089561549264,0.161720258985514,0.0771648922366341
85,0.0944783446625726,0.088502214665016,0.161036249256359,0.0767141145385241
86,0.0944609857675854,0.0887095723427947,0.160472650075966,0.0763319368143231
87,0.0945693917602582,0.088721537319679,0.160055657754323,0.0758758397840347
88,0.0946506411000178,0.0888934093075601,0.159548795965233,0.0755204912539009
89,0.0947062711127078,0.0888287402754612,0.158788535029593,0.075197022724224
90,0.094890644987987,0.0889256038885356,0.158292738854215,0.0749369047240362
91,0.0948079926328482,0.0889294015462753,0.157430150445234,0.074472740928786
92,0.0948203524619508,0.0888730309270175,0.156975576048871,0.0741790044983447
93,0.0947234053179183,0.0888209435655083,0.156759765548634,0.0738351189668724
94,0.094943882870899,0.0888910013688355,0.156376506840201,0.0734381602420521
95,0.0950212755260591,0.0890028955175825,0.155878546248753,0.0731252500504883
96,0.0951009832961839,0.0890041284162633,0.155305773874715,0.0727829090428866
97,0.0950748038137962,0.0890818683535793,0.154854939776602,0.0724128030176038
98,0.0950487470510008,0.0891212892903208,0.154292304893056,0.0719794817578809
99,0.0950285355544791,0.0889742469301437,0.153972400154113,0.0715610766835462
100,0.0950637221964378,0.0890868042690902,0.153257043192216,0.0712250040642738
101,0.0953115873193363,0.0890734314202974,0.152838249419196,0.070857284155598
102,0.0953362594486767,0.0890999945598181,0.152541528892496,0.0704890458607929
103,0.0952934833554583,0.0890989285290146,0.152334186459038,0.070180613476744
104,0.0951972084561481,0.0891854045248569,0.151734483026447,0.06986481110625439
105,0.0952261880625881,0.0892255309194522,0.151384417218469,0.0695132836004399
106,0.0952361880351782,0.0891935078538175,0.151094901748047,0.0691717956631277
107,0.0953466259003458,0.0891384100419048,0.150621325071953,0.0688466337655811
108,0.0952742604245131,0.0891455787422976,0.150218105382729,0.0685519742452002
109,0.0953422747102026,0.0890896286394623,0.149857768619506,0.068276157736434
110,0.0954153989638791,0.088950036359256,0.149408936962279,0.0678666125320392
111,0.095472070647435,0.0888292547832528,0.149113113099296,0.0676324784432438
112,0.0954596606385188,0.0888171925525429,0.148849575234042,0.0672640226742571
113,0.0955255679524151,0.0887317889794811,0.148403150816153,0.0669746047600772
114,0.0955897590564144,0.0887187455238942,0.148159418132472,0.0667057475910786
115,0.0956025786123016,0.0886736910245514,0.148042773077208,0.066418287757834
116,0.0955749235534337,0.0885922200983305,0.147689962814558,0.0661353671660349
117,0.0955917539002066,0.0885559713531407,0.147372752477929,0.0658743609458483
118,0.0956684942786698,0.0884535506895089,0.147140613786078,0.0655883222588751
119,0.0956671620186673,0.0884691382823965,0.147066796649431,0.0653504045078137
120,0.0956378027061299,0.0884118453432549,0.146705234485379,0.0651602718802521
121,0.0956230677621413,0.088424737253842,0.146346737746796,0.0650333888261332
122,0.0956402506340981,0.0882596862031366,0.146110102616837,0.0648002962770646
123,0.0956556051248959,0.0882105760390663,0.145693177381275,0.0646024054399019
124,0.0957394480862324,0.0881444061743169,0.145342026044781,0.0643199768468831
125,0.0958592061032077,0.0879997100557305,0.145025380385034,0.0641054251710201
126,0.0958947418717046,0.0879072778445928,0.144605466465153,0.0639564278817477
127,0.0960100790222251,0.087868166517156,0.144305727616607,0.0638083384943958
128,0.0959905278840369,0.0879592216127118,0.14399262653323,0.0636228124062174
129,0.0961653915806914,0.0879757197789213,0.143813420355499,0.0634133333791932
130,0.0961412511580152,0.087947961991951,0.143680908299206,0.0632099704598364
131,0.0961635439911656,0.0879500038963328,0.14353163099827,0.0630366108616864
132,0.0961476418178618,0.0878653477488098,0.143468544265131,0.0628768789159535
133,0.0962162415323038,0.0877849265368503,0.143191254204467,0.0626953197823783
134,0.0962290824190005,0.08768698248747,0.143037935263295,0.062509965305175
135,0.0963326575108164,0.0876454102787259,0.14282896120224,0.0623488144098201
136,0.0962553171440179,0.0875967650144235,0.14265426128313,0.0621925135343632
137,0.0961285508891604,0.0875558443389338,0.142477941027046,0.0619989308915453
138,0.0961436037791786,0.0874068806766943,0.142334026289241,0.0618284287732268
139,0.0960304198806552,0.0874062411899934,0.142116476983432,0.0616740016656615
140,0.0960253008603391,0.0873032576382251,0.141884982927066,0.0614855183533686
141,0.0959832596494396,0.0874286274049067,0.141701928752314,0.0613276111692478
142,0.0959451012337065,0.0874807198528698,0.141521812757616,0.0612168577781969
143,0.0961250579453786,0.0875405260704905,0.141352929342506,0.0610335884898809
144,0.0961977082109537,0.0875121055756613,0.141398306436254,0.060917573685226
145,0.0963170063815936,0.0874504911812405,0.141299690657592,0.0607029626609579
146,0.0963449253631981,0.0874669144838103,0.141186478250251,0.0605148515548598
147,0.0963519562160529,0.0873668527701609,0.141043988726331,0.0603426815475612
148,0.0964786552060878,0.0873494865452642,0.140916928784124,0.0602051757946815
149,0.0964884830144141,0.0873759331309534,0.140812530008493,0.0600672287021038
150,0.096430006389164,0.0874129031130119,0.1406971739705,0.0598731561512657
151,0.0964692137761212,0.0874790493553384,0.140640234104693,0.0597113032214901
152,0.0964536964587463,0.0874315463685498,0.140451503057992,0.0595512280056536
153,0.0964818076979528,0.0874827848090869,0.140468989338446,0.0593900495786904
154,0.0964539087314748,0.0874817093054592,0.140433072059259,0.0592809472872074
155,0.0965221855718316,0.0876199082240055,0.140386386618813,0.0591774093333348
156,0.0965037695271098,0.0876199127288217,0.140346548373264,0.0590920472486005
157,0.0964912941634548,0.0875871632881522,0.140322869168684,0.0589992417273896
158,0.0965688606418734,0.0876391119796915,0.140424664370526,0.0588459394410306
159,0.0965874533326669,0.0876990909887486,0.140365302940974,0.0587310775510457
160,0.0966395527082884,0.0876733024782122,0.140255600476501,0.0585551535930644
161,0.0965788960357841,0.0877711439231913,0.140225933547999,0.0583836813411488
162,0.09663336595191,0.0878322636291566,0.140133119559014,0.0582547085728586
163,0.0966223201665704,0.0878736697149298,0.140173554364373,0.0581484768695328
164,0.0967096475814443,0.0879214951459089,0.140109838888629,0.0580681195509934
165,0.0967668936537653,0.0879818626167821,0.139997212632828,0.0580092880330178
166,0.0968470290093486,0.0880909759129554,0.139995608633686,0.0578535421958205
167,0.0969448514918973,0.0881225241739845,0.140033795663482,0.0577823106741834
168,0.0968890117038539,0.0881281353471125,0.140068390827236,0.0576736878500505
169,0.0968873638821481,0.0882001766466688,0.140120744871467,0.0576112521398418
170,0.096950619024035,0.0882483302746948,0.140094634620621,0.0575061258622843
171,0.0969584896389226,0.0883538812792008,0.140093308522612,0.0573600854865524
172,0.0969760880127345,0.0884240198557371,0.139939425745403,0.0572596775064095
173,0.0970634348529504,0.0885299892663154,0.140091999583942,0.0572166433642036
174,0.0970798922495286,0.0885771936001799,0.14006783419466,0.0571388605359556
175,0.0971370025516434,0.0886856629963186,0.139993304898273,0.0569993915841431
176,0.0971436930855511,0.0887581550482313,0.139930232836456,0.0569134862846946
177,0.09716746394577119,0.0889210706938308,0.13990818487098,0.0567735240591294
178,0.097196414949724,0.0889608454420776,0.139793230161327,0.0567232959483503
179,0.0972358337051563,0.0890449024994304,0.139776183711094,0.0566186503577498
180,0.0972561355151082,0.0891596179338636,0.139718911191852,0.0566238348380642
181,0.0973285504634656,0.0891898729223286,0.139812777849162,0.056541682538468
182,0.0974391034890238,0.0892781554401157,0.139813060722024,0.0564232690704144
183,0.0974751600833581,0.0893678945639908,0.139834590062548,0.0563566791904034
184,0.0975161783668452,0.0894818484412712,0.139816733057368,0.0563315227587899
185,0.0975498521338601,0.0894821451737558,0.139816988327371,0.056296979483278
186,0.097628117092862,0.0895482090411357,0.139726042765679,0.0562098909442037
187,0.0977446947517487,0.0895408863165747,0.139746500444247,0.0560685055174084
188,0.0977941086165313,0.0895379268287738,0.139834514999491,0.0559994070430004
189,0.0978464270521446,0.0895446612374598,0.139849252314538,0.0559543423776007
190,0.0979047195782022,0.0896138183687996,0.139780691197581,0.0558841471230365
191,0.0979242634941704,0.089571414667458,0.139665003624797,0.0558235831976739
192,0.0979398809627684,0.0895672309810989,0.139645841272441,0.0557633620529571
193,0.0979204649518515,0.0896213964236834,0.13971996323828,0.055684186981402
194,0.0980475421339291,0.089675530772112,0.139763610174725,0.0556331404593682
195,0.0980904005876132,0.0897458197105981,0.13979313098398,0.0555680282107673
196,0.0981680226027467,0.0898606010451628,0.139788537058958,0.0555087213158932
197,0.0982558504100929,0.0898240717376158,0.139783812360412,0.0554783296450946
198,0.0983736790388074,0.089831079771875,0.139651488353172,0.0554010287494437
199,0.0984356011673454,0.0899006405012187,0.139601452677631,0.0553536373223119
200,0.0984731096522184,0.0898738612051683,0.139617003954515,0.0553635951645029
201,0.0984508616626971,0.0899159002240573,0.139528626857322,0.0553910691201869
202,0.0985265739082896,0.0899511567577319,0.139501370213299,0.0553689633542578
203,0.0985587908047925,0.0899046300207477,0.139546042745677,0.0553288082528478
204,0.0985608502576287,0.0898763576177353,0.139455740645315,0.0552798637272188
205,0.0985998491194238,0.0898776462717959,0.13949774139455,0.0552654429129435
206,0.0986697214239859,0.0899349465174281,0.13946125539911,0.0552031181013735
207,0.0987205892198282,0.0899555156851023,0.139437279235229,0.0551932311162314
208,0.0987516733110117,0.0900224071306299,0.139465527934825,0.0551315242965385
209,0.0988155839446229,0.090017165204,0.139554798967179,0.0551625051099152
210,0.0988329566775635,0.0901333048158736,0.139586616833485,0.0550912006363778
211,0.0988706843449869,0.0902046772199443,0.139544397587731,0.0550318815596737
212,0.0988864727251961,0.0902484737081734,0.139542143636022,0.055014976886315
213,0.0989080529484423,0.0902724163652089,0.139524994408692,0.055030118828171
214,0.0988996196162155,0.0903868432611881,0.139497743141354,0.0549666376244089
215,0.0988491794471479,0.0904352550668332,0.139588757709197,0.0549693847607714
216,0.0988688935649847,0.0905369037221982,0.139510701755383,0.0549810922345651
217,0.0988846733782674,0.0905996533510734,0.139440205618641,0.054928038902305
218,0.0989306201765854,0.0906331008095842,0.139501368748509,0.0548619652725783
219,0.0990512133188401,0.0906831173156714,0.139455954664282,0.0548208607188451
220,0.0991120657959171,0.0907454942583367,0.139499545966154,0.0547872407587582
221,0.0992262663005861,0.0908031486986923,0.139489241999038,0.0547560575473949
222,0.0992906015427261,0.0908668464761268,0.139457631778687,0.0547547567611442
223,0.0993456769562028,0.0909252782626711,0.139464527887105,0.054729744930203
224,0.0993592908912296,0.0909856328932419,0.139558894901515,0.0546826241751515
225,0.0993715790637751,0.0910342462223323,0.13956384859202,0.0546492523225411
226,0.0994328484282031,0.0911253484503241,0.139597269514365,0.0546660368161731
227,0.099536426348226,0.0912663081647772,0.13948327469943,0.0546166050140242
228,0.0995355880962585,0.0913527059612127,0.139523589870226,0.0545806401741246
229,0.099535941123452,0.0913090861060084,0.139524462069116,0.054554576794176
230,0.0995918972308978,0.091369073426888,0.139425887173542,0.0545557342434497
231,0.0996392114219469,0.0914757933219869,0.139406498379279,0.0545133559241851
232,0.0996617281699809,0.0914812885937364,0.139454082064075,0.0544940302553728
233,0.0996925370217978,0.0914750318435661,0.139404044900378,0.0545142205574684
234,0.0997641025466957,0.0914940803049983,0.139403664099175,0.0544957108382298
235,0.0998857888497793,0.0915217363012225,0.13945158075884,0.0544914516449388
236,0.0998872113781829,0.0915715896407263,0.139478921285565,0.0544427716040324
237,0.0999163685411085,0.0915873284217395,0.139495578263972,0.0544206185279203
238,0.0999735585512277,0.0915687578576251,0.139471455786501,0.0544346753355252
239,0.0999657649981656,0.0915679663987132,0.139597895168599,0.0544468789011224
240,0.0999478996852157,0.0915938492041437,0.139636241835212,0.0544279894316815
241,0.100001300685849,0.091562084910945,0.139665286193974,0.054406514944315
242,0.100104312017815,0.091507587376235,0.139652267265969,0.0543644492874631
243,0.100089187773827,0.0915601702350266,0.139659355385864,0.0543275677929742
244,0.100110231903991,0.0915703586530634,0.139645287446936,0.0543123098131034
245,0.100184057044437,0.0916062465919118,0.139628325383781,0.0543297275802903
246,0.10024602928283,0.091635998836997,0.139624135136084,0.0543397915007753
247,0.100260810850106,0.0917750924669352,0.139587562853048,0.0543316018620557
248,0.100263703686108,0.0917874014467732,0.139654724589118,0.0543091976892803
249,0.100267063932788,0.0917853305828498,0.139647143399407,0.0542847804013722
250,0.1003272102535,0.0918027195226182,0.139626281703511,0.0542723771127683
251,0.10038341728499,0.091843120556807,0.139659966198058,0.0542367798557907
252,0.100443417470688,0.0918649068442854,0.139611584789262,0.05419971553952
253,0.100449832008489,0.0918544162078571,0.139693829508345,0.0541786410883166
254,0.100519126230698,0.091849846607257,0.139616801457154,0.0541764645612989
255,0.100543987291022,0.0919110411600041,0.139701012314028,0.0541519120097466
256,0.100597627441089,0.0919657115814762,0.139662667556639,0.0541602698767057
257,0.100588300394946,0.0919996782598545,0.139626200507521,0.0541222034749888
258,0.100577238563863,0.091961507351063,0.139629090229976,0.0541053827723472
259,0.100560183095876,0.0920149772091004,0.139581190130878,0.0541224253599327
260,0.100602527944623,0.0920400556140332,0.139578666486899,0.0541290531846096
261,0.100641995125081,0.0921023617095359,0.139597184843524,0.0541103483141433
262,0.100735188539853,0.0921075838396079,0.139575768068524,0.0540761375199325
263,0.100767158792066,0.0920878273474015,0.139573148253729,0.054061559241932
264,0.10074185630758,0.0920530776537159,0.139541676108602,0.0540341548910053
265,0.100779495251381,0.0920761636497623,0.139517402814276,0.0540387622244309
266,0.100771544943777,0.0921234061564138,0.139481700889872,0.0540215910069535
267,0.100779665432746,0.0921331692263956,0.139449458639849,0.0539728821614482
268,0.100783066893092,0.0921693789046063,0.139534907579223,0.0539448017718647
269,0.100801711572142,0.0921807410196,0.139500657901916,0.0538992166105665
270,0.100823919625088,0.0922369404773705,0.139587734708194,0.0539085469658465
271,0.100917377944033,0.0922526933637842,0.139607890915763,0.0538742439888352
272,0.100933143168114,0.0922631670767032,0.139589822968416,0.0538800324446629
273,0.100984785016143,0.0922971600605049,0.139611658530511,0.0538505060684736
274,0.101022024458757,0.0923165524426336,0.139632747291988,0.0538771560750497
275,0.101028868090495,0.0923407904825847,0.139572231783142,0.0538354289437189
276,0.101061862769416,0.0923582588988465,0.139619857386367,0.0538243606108738
277,0.101113785473743,0.0923962150387811,0.13970388764773,0.0538437855250893
278,0.101126614886482,0.0923714632377894,0.139717986277298,0.053822697212506
279,0.101104178201614,0.0923565455954949,0.139746456264116,0.0538037109795923
280,0.101103532880675,0.0923958575967728,0.139709654620246,0.0537763095582168
281,0.101112705084756,0.0924070176357343,0.139734542837881,0.0537598087927555
282,0.10114183206958,0.0923777865010386,0.139809618552136,0.0537384818641375
283,0.101203499240387,0.0924517342021318,0.139830542073791,0.0537136857150019
284,0.101246578951792,0.0925254209011971,0.139846783451822,0.0536911447140218
285,0.101326025934352,0.0925295206656931,0.139829597408572,0.0536699037400466
286,0.101383834221603,0.0925176968230267,0.139817472641904,0.0536531454173831
287,0.101367603711597,0.0925484470036313,0.139834175852422,0.053650337815481
288,0.101385926338539,0.092550246628625,0.139831124019491,0.0536209059292873
289,0.101361458098651,0.0925964962533722,0.139806145331899,0.0536342532056992
290,0.10138744778096,0.0925864729288042,0.139818861709601,0.0536101044091428
291,0.10137966303572,0.0925429308405876,0.139857937991948,0.053608642763939
292,0.101404382046998,0.0925765335344992,0.139883223503213,0.0536167947978084
293,0.101412579719188,0.0925832597300699,0.13991067413088,0.0536193353779311
294,0.101433103230867,0.092600571747873,0.139939933561154,0.0536215654592419
295,0.101447200744773,0.0925995564634155,0.139911396443252,0.0536151092246135
296,0.101491811127886,0.0925908632607999,0.13992206481218,0.0536292707145112
297,0.101545580122688,0.0925869898529086,0.139894628301724,0.0536156073603489
298,0.101528835126007,0.0925993791679747,0.139874446272192,0.0535957583641237
299,0.101568951475421,0.0925956621049208,0.139883960964425,0.0536130956516632
300,0.101627785646825,0.0926034809724254,0.139886226278412,0.0536236630664266
301,0.101652710239001,0.0926077479946449,0.139884371366047,0.0536063838132061
302,0.101659702075277,0.0925864065301088,0.139824758027056,0.0535727781445189
303,0.101662930757251,0.0926278964011639,0.139804156819005,0.0535467668691585
304,0.101678887721196,0.0926740538549646,0.139813417460816,0.0535531780947192
305,0.101686322913127,0.0927101947673142,0.139822022172309,0.0535680455084637
306,0.101685492968042,0.0927493031766451,0.139827415009916,0.053583909771264
307,0.101722660302882,0.0926950231948391,0.139832627005653,0.0535777032889169
308,0.101750414369245,0.0926859775376566,0.139845503573748,0.0535776330009662
309,0.101815090547362,0.0926691323547997,0.139905800163064,0.0535701696396316
310,0.101820885594715,0.0926892680921909,0.139912438117297,0.0535698775133607
311,0.101838670769696,0.0926940203223083,0.139890564301474,0.0535610507544904
312,0.101905647436883,0.0927269416088628,0.139926618627138,0.0535598184412406
313,0.10193527379888,0.0927860902407132,0.139967159144307,0.0535599386740656
314,0.101977247272545,0.0927846068327924,0.140002311605192,0.0535707022683392
315,0.102003453751183,0.0928103065406093,0.140038027140604,0.0535712008296282
316,0.101999831456619,0.0928927074072841,0.14010858675148,0.0535606641289036
317,0.102040833001162,0.0929539693093648,0.140127701976158,0.0535616154324379
318,0.102050191709597,0.0929912613998253,0.140101281222656,0.0535468420882914
319,0.102079697095645,0.093015756035095,0.140095204901242,0.0535773154277354
320,0.102163012650443,0.0929970379040856,0.140093499103549,0.0536006471365941
321,0.10221211251985,0.0929885060605634,0.140108935218858,0.0536137011208951
322,0.102245510046604,0.093047323314419,0.140067616793269,0.053597292865017
323,0.102282483535932,0.0930678282284808,0.140083159060305,0.0536228541876427
324,0.102311627344649,0.0931012846880653,0.140125263760568,0.0536607541427887
325,0.102354914998797,0.093094273391267,0.140159543272827,0.0536697376368452
326,0.102361797258416,0.0930817547472829,0.14018748856071,0.053635614532583
327,0.102335543928762,0.0930972734226505,0.140190147499213,0.0536371091502337
328,0.102326048699478,0.0930850755943856,0.140182498960364,0.0536613548113059
329,0.102332698528197,0.0931371843602224,0.14013337613797,0.0536669660440533
330,0.102430673272956,0.0931837216239011,0.140124840749852,0.0536385505502595
331,0.102500360184196,0.0932217943500707,0.140201701124767,0.053638627482041
332,0.102475416481101,0.0932073278168165,0.140159505197688,0.0536519362806829
333,0.10242606305982,0.0931683834374653,0.140155417014275,0.0536600140476636
334,0.1024027168248,0.0932142089675629,0.140170484420863,0.0536621848248353
335,0.1023985030722,0.0931869478787088,0.14014146630239,0.0536765768644992
336,0.10239347207155,0.0932130975642899,0.140149514094872,0.0536966176803961
337,0.102460786597599,0.093244218068378,0.140120885059232,0.0537162995819165
338,0.102467539828849,0.0932633272132624,0.140113156253337,0.0537240361980514
339,0.102536918820464,0.0932987496426515,0.140195636680612,0.0537277192118823
340,0.102611068767002,0.0933047607499811,0.140227640639382,0.0537232741221788
341,0.102669540996769,0.0932981024597751,0.140196485133023,0.0537484162717096
342,0.102670786329567,0.0932747352461604,0.140156335280511,0.0537096272468917
343,0.102698535406063,0.0933111850057336,0.140186702308294,0.0537041491047249
344,0.102690717289486,0.0933550719091973,0.140168575428334,0.053712121953759
345,0.102705968876655,0.0933848430447093,0.140265892470537,0.0537217984278912
346,0.102752171395299,0.0934409699578139,0.140254974648184,0.0537370734751665
347,0.102823154484843,0.0934676732105656,0.140307014423628,0.0537626138254239
348,0.102829374514512,0.0934369805437829,0.14039774350278,0.0537701502077241
349,0.102893025643444,0.0934843130544978,0.140396523544847,0.053774353681228
350,0.102931526521775,0.0934834644775313,0.140443826658622,0.0537775701764056
351,0.102948454691153,0.0934943448334857,0.1404372301626,0.0538015810828936
352,0.102948389847323,0.093456004025414,0.140460190955562,0.0538295390169354
353,0.102974665665033,0.0934642310824483,0.140480280498575,0.0538323071567696
354,0.102996629402926,0.0934799895844506,0.140546458328345,0.0538577821382111
355,0.103039418436139,0.0934744762303301,0.140550838807526,0.0538396433072469
356,0.103074694249405,0.093485425320333,0.140591291183962,0.0538396368174974
357,0.103098108063108,0.0934502472031348,0.140616903895458,0.0538645905693579
358,0.10316375031706,0.0934731007099387,0.140657300949014,0.0538705633476406
359,0.103159364836664,0.0934469070132823,0.140648023102271,0.0538864901263681
360,0.103169643175086,0.0934638656528244,0.140690820677407,0.0538852925572729
361,0.103173101813652,0.0934947832026663,0.140713562667076,0.0539179805763223
362,0.103226276982877,0.0934790109113867,0.140731234058332,0.0539114688587554
363,0.1032465898141,0.0934550969586612,0.140738787131625,0.0539514286443201
364,0.103286738964332,0.0934508599021619,0.140702670271943,0.0539321919070217
365,0.103281468949943,0.0934312583913826,0.140706533834731,0.0539229950596026
366,0.10328959540135,0.093427028484601,0.14070535844197,0.0539277759952718
367,0.103315592590349,0.0934278402280145,0.140774743515499,0.0539347387879093
368,0.103353404478009,0.0934251131051225,0.140747496845326,0.0539335690776384
369,0.103391882079171,0.0934390745647672,0.140789050596949,0.0539492920749231
370,0.103429437524346,0.0934229245823169,0.140807978540768,0.0539518207737707
371,0.103474831514331,0.0934159064774782,0.14083704260864,0.0539590983084503
372,0.103502220346885,0.0934256652950277,0.140868779671154,0.0539662169650316
373,0.103519664389204,0.0933981218283279,0.140894930185432,0.0539650576945549
374,0.103494853344243,0.093370370752861,0.140937131657087,0.0539413651612075
375,0.103504987711681,0.0933770053585647,0.140957203227841,0.0539566283450591
376,0.103497797496799,0.093374621834876,0.140945848105464,0.0539351581928263
377,0.1035400525308,0.0933867528655593,0.140969619842477,0.0539464064647308
378,0.103564494083994,0.0933894351564892,0.140964733884142,0.0539506248713357
379,0.103561595006261,0.0933503652294698,0.140992247137988,0.0539423717143383
380,0.103572649223915,0.0933594366164302,0.140975982722709,0.0539644644463004
381,0.103582866925652,0.0933195867144564,0.140996937084807,0.0539518257141685
382,0.103564092591429,0.0932700937584788,0.141002640066167,0.0539688183161566
383,0.103586317680562,0.0932606787870632,0.141053244355421,0.0539879807671455
384,0.103574709994157,0.0932879538273681,0.141064957238535,0.0540160921992311
385,0.103586735894894,0.0932547001409715,0.141079042041092,0.0540261170646398
386,0.103637681221909,0.0932522515698119,0.141119117668193,0.0540500346903841
387,0.103626131693848,0.0932297205239229,0.141128319208479,0.054077187499863
388,0.103660729099573,0.0932725574289135,0.141143188736001,0.0540623976397775
389,0.103703449107848,0.0932636737878722,0.14112171866555,0.0540661250617084
390,0.103703770696224,0.0932843378862906,0.141162732874866,0.0540966027750036
391,0.103732288705161,0.0932763735087615,0.141231271529237,0.0540991387224441
392,0.103731039752387,0.0932740868136306,0.141254815564596,0.0541110266594996
393,0.103738192385795,0.0932713968596902,0.141269142746497,0.0541083636594585
394,0.10375799585732,0.0932886888087378,0.141258765748442,0.0541109096623861
395,0.103748110623396,0.0933039903715892,0.141301807900537,0.054136804513162
396,0.103792703936849,0.0933058001591008,0.141339700177786,0.0541403964009288
397,0.103811236417999,0.0933005038223401,0.141338679809106,0.0541538840409599
398,0.103809316374127,0.0932838833134838,0.141359963370324,0.0541633613583096
399,0.103878357752731,0.0933012609328439,0.141359283820915,0.0541790901124334
400,0.103883490591365,0.093310601012333,0.14138313779229,0.0541969776131117
401,0.103895047378944,0.0933367429736653,0.141360850737655,0.0542230130979482
402,0.103920311284855,0.0933402459607873,0.141363844366998,0.0542264368309041
403,0.103919827149282,0.0933169671360243,0.141387035662647,0.0542167889609419
404,0.103924101270805,0.0933099973108654,0.141421804357011,0.0542214583833602
405,0.103939783552885,0.093317435312807,0.141422530235907,0.054249746581731
406,0.103916274347844,0.0932935265421826,0.141491212877488,0.0542196167790082
407,0.103938250403042,0.093295328481075,0.141523892614277,0.0542271477323194
408,0.103932363332563,0.0932870457504513,0.141522525510928,0.0542565690238121
409,0.103950002223793,0.0932753031168218,0.141565403880878,0.0542588587484381
410,0.10394491004294,0.0932579358392319,0.141577493845673,0.0542645276751326
411,0.103946588501381,0.0932691147172541,0.14163259826294,0.0542791113238927
412,0.103937400329629,0.0932617537538649,0.141634366219685,0.0542938885660191
413,0.103975500103374,0.0932544681292258,0.141651510379048,0.0543129391507294
414,0.103952387464087,0.0932400816364139,0.141730174027354,0.0543398543207082
415,0.103963972543961,0.0932384470140946,0.141725327603071,0.0543324723968431
416,0.103982021263696,0.0932295553617101,0.141765634882317,0.0543542692829913
417,0.103986591060901,0.0932238915232203,0.141814201665106,0.0543826804627094
418,0.104002006647569,0.0932259569469825,0.141819879545982,0.0544041750041926
419,0.10399304610197,0.0932134358682373,0.141828726059594,0.0544107812665242
420,0.103971064764858,0.093176127308252,0.141867462954991,0.0544219395501654
421,0.10401612218684,0.0931943828547535,0.141911088105662,0.0544475069145554
422,0.104023133114505,0.0932065368682643,0.141941143025207,0.0544545265013646
423,0.104034228529144,0.0931953047948434,0.141998334321444,0.0544465479788137
424,0.104008794065487,0.0931765303259342,0.142005195233207,0.0544503330074481
425,0.104008982372775,0.0931928136949672,0.142045318808447,0.0544577849466172
426,0.103990659092428,0.0932000502542399,0.142035992904429,0.0544439694113531
427,0.103982311608778,0.0931999649738733,0.142109589808387,0.0544849617172039
428,0.103960737850758,0.0931783310293269,0.142115779260148,0.0544850030603367
429,0.103950780013544,0.0931897541503738,0.142166518731013,0.0545057300576872
430,0.10393787245143,0.0931920177079992,0.142175321840712,0.0545196061307186
431,0.103923859045098,0.0931776862452084,0.142203499470016,0.0545318078710185
432,0.10393884803327,0.0931786350075244,0.142228447221076,0.0545236477727469
433,0.103931481289291,0.0931901425035586,0.142272973397037,0.0545502758371586
434,0.103920142236166,0.0932168054232816,0.142255473812047,0.0545473380048509
435,0.103918036850843,0.0931968900813518,0.142285070213214,0.0545551650885783
436,0.10391581908955,0.0931823929440414,0.142340317244972,0.0545644764857632
437,0.103912482366575,0.0931657909830491,0.142349213191058,0.0545774791438603
438,0.103910719549635,0.0931543387951586,0.142358594151528,0.0545925682324132
439,0.103894758483688,0.0931731798883984,0.142403663959157,0.0546054155790115
440,0.103887249174139,0.0931945300994398,0.142395718772668,0.0546186299753582
441,0.103914501719863,0.0931588748142192,0.142422660724093,0.054630052148021
442,0.103940201284261,0.0931532918936433,0.142442670319211,0.0546372443901385
443,0.103951023583368,0.0931387079454723,0.142424358111772,0.0546372059951458
444,0.103938854184452,0.0931192438226697,0.142432119677192,0.0546514538309913
445,0.103945947121661,0.0931171164318584,0.142444083988469,0.0546712153000142
446,0.103953826187698,0.093101298271841,0.142469266156719,0.054680781879059
447,0.103972689763265,0.093112803376172,0.142496630521231,0.0546871538458408
448,0.103992828218186,0.093110360308427,0.142512699413387,0.0546927054746723
449,0.104033216591619,0.0931135559267551,0.142523492115102,0.0546988379735138
450,0.104036766130904,0.093115802496355,0.142537731973567,0.0547076808329348
451,0.104005661213406,0.0931081477749948,0.142572003535702,0.0547176937649558
452,0.104041126979273,0.0931183948518684,0.142598061763712,0.0547270328218317
453,0.104048793313678,0.0931035953092033,0.142622268640128,0.0547374360024438
454,0.10403666806447,0.0931194716256306,0.142662773310203,0.0547460955230604
455,0.104040837582853,0.0931100172414182,0.142700314108748,0.0547394234890004
456,0.1040194013705,0.0931332871238904,0.14270847366827,0.054747544444136
457,0.10401044976107,0.0931620108147136,0.142702892086734,0.0547430728485242
458,0.104016356264262,0.0931459789667021,0.142720949053908,0.0547958368481933
459,0.10401492836937,0.0931193729604611,0.142742135965593,0.0548093202504968
460,0.104042210760779,0.0931274231280769,0.14273825930379,0.0548254730711043
461,0.10406497080362,0.0931059584814812,0.142804393904625,0.054853225910766
462,0.104045717697521,0.0930998741532043,0.142811402881787,0.0548701300459819
463,0.104051363383541,0.0931075584547172,0.142855427592538,0.0548657872982759
464,0.104085139548659,0.0931055708923183,0.142894791583774,0.0548719126052998
465,0.10412672875669,0.0931059837793931,0.142917049888623,0.054873599100083
466,0.104093476098786,0.0931273663467994,0.142894479875591,0.054886766869801
467,0.104091239825684,0.0931380784213054,0.142872498376888,0.05491417678285
468,0.104093790789684,0.0931409835204792,0.142904886723334,0.054912867900007
469,0.104090913996754,0.09312640551801,0.142905514876033,0.0549162527361619
470,0.104106619961033,0.0931244638889152,0.142928348686486,0.0549328870283075
471,0.104120277040496,0.093118511771251,0.142946902248954,0.0549535411007177
472,0.104165686821285,0.0931166276710932,0.142959714815738,0.0549760050346765
473,0.104163481827576,0.0930910059255412,0.14294694115098,0.054968679704532
474,0.104179174832226,0.0931101569782965,0.142954788355938,0.0549920779707882
475,0.104182632251439,0.09311075560153,0.142936038354398,0.05500198379086
476,0.10418170354461,0.0930978475359148,0.142997256575934,0.0550088192760783
477,0.10417403249216,0.0930676198351373,0.143019341564663,0.0550318744000546
478,0.104195351310064,0.0930400456823071,0.14306703510751,0.0550464119859907
479,0.104208486732288,0.0930632068526194,0.143088066979039,0.0550667528376475
480,0.104224671089068,0.0930551705390574,0.143091842381446,0.0550945241972848
481,0.10420984292891,0.0930546609497267,0.143126329565563,0.0551068603535764
482,0.104230780031508,0.0930534431362858,0.14314852640817,0.0551139096570098
483,0.104245750119117,0.0930366036807249,0.143133551180361,0.0551561435280198
484,0.104234646295834,0.0930630919402626,0.143176424737102,0.0551918693856467
485,0.104242751747473,0.0930638499416929,0.143174480674676,0.0552132152778282
486,0.104243069735186,0.0930536198012656,0.14319062646359,0.055210021549223
487,0.104221714700221,0.0930434319567377,0.143206500071641,0.0552301883272917
488,0.104233541243719,0.0930354781576984,0.143193869826036,0.0552520975728779
489,0.104269343112224,0.0930373129160821,0.143219784117108,0.055285803043123
490,0.104301405888684,0.0930395913506133,0.143251949736347,0.0552936274770839
491,0.104301354099876,0.0930295758130456,0.14328963443039,0.0553098462793593
492,0.104301401636436,0.0930405293610995,0.143252937021042,0.0553186934188648
493,0.104289100932749,0.093016420034012,0.143234442364479,0.0553281047975783
494,0.104300181385823,0.0930027954741981,0.143260455094944,0.055368944099023
495,0.10430821255526,0.092985021353057,0.143255149201901,0.05537679948129
496,0.104285284290762,0.0930016048485725,0.143299916386457,0.0553670121609315
497,0.104325873204371,0.0929927564900595,0.143313355799428,0.0553769248010724
498,0.104335383496188,0.0929846861981505,0.14334777192246,0.0554010027673993
499,0.104345632964286,0.092981213108194,0.143391997571968,0.0554286853818626
500,0.104339925234317,0.092967182640766,0.143440155765811,0.0554318918137729
501,0.104326138984211,0.0929627664648445,0.143416877107473,0.0554382076803405
502,0.104309770070095,0.0929474188424854,0.143409932930395,0.0554628478410219
503,0.104318867899794,0.0929444472882197,0.143418447106839,0.0554738972108588
504,0.104308001225499,0.0929549643371769,0.143425817396234,0.0555004182817996
505,0.104293615054415,0.0929479274403792,0.143420782588716,0.0555070018922528
506,0.104282214527524,0.0929296453262789,0.143476203160735,0.0555169491278318
507,0.10428056905868,0.0929136194231082,0.143483048489798,0.0554967014878425
508,0.104252067121744,0.0929170626825288,0.14354573611564,0.0555164366126974
509,0.104241099132942,0.092900120808325,0.143589152889631,0.0555198324332753
510,0.104239762903922,0.0928926194815369,0.14360032905223,0.0555149160377313
511,0.104248905878762,0.0928935325482216,0.143625707803293,0.0555210795153999
512,0.104258225727023,0.0928990150469385,0.143634741675521,0.0555244857077767
513,0.104271889601192,0.0929126223345586,0.143649458577718,0.0555306247579001
514,0.104252473589091,0.0928977221375683,0.143661059477603,0.0555460343598029
515,0.104237993517169,0.0928891427540714,0.143693518313733,0.055556725863145
516,0.104241074687518,0.0928730371445892,0.143739754922271,0.0555579658978912
517,0.104257792018369,0.0928590432035725,0.143758127646914,0.0555476108031185
518,0.104267293152607,0.0928732297092071,0.143770826225003,0.055547632305159
519,0.104233743620088,0.092869759888819,0.143773046256142,0.0555497307942458
520,0.104239321808912,0.0928716746075203,0.143800077934829,0.0555399173754917
521,0.10420920299746,0.0928832414182953,0.143817119989549,0.0555234964456563
522,0.104185269207259,0.0928681506625265,0.143858221173735,0.0555254341208754
523,0.104156059482407,0.0928652977223747,0.143870998077324,0.0555179310996978
524,0.10415535203891,0.0928576071615768,0.143854229067559,0.0555153273581699
525,0.104177690895317,0.0928626529013069,0.143861145540866,0.0555133575237572
526,0.104184959982549,0.0928293198203847,0.143875533880874,0.0555144491111993
527,0.104175596979235,0.0928341275628975,0.143854846271288,0.0555149886856612
528,0.104170175868447,0.0928247960856107,0.143876325779889,0.0555077332596964
529,0.104179704722723,0.0928046109051111,0.143907351951382,0.055506205878484
530,0.104208687358934,0.0928262263671518,0.143891279378591,0.0555249326121276
531,0.104201265894832,0.0927919902313758,0.143942688970114,0.0555263306838721
532,0.104222982863724,0.0927867006846358,0.143970842107875,0.0555252401657278
533,0.104221588018581,0.0927836489495224,0.143966143759085,0.0555411438735353
534,0.104212562298122,0.0927810733373699,0.144011222358837,0.0555299963927348
535,0.10420772717578,0.092795349600808,0.144030011516971,0.0555418558519121
536,0.104229423189692,0.0928001412253141,0.144060499843289,0.0555393164414392
537,0.104207395251679,0.0927878255104601,0.144114212126133,0.055549330291916
538,0.104245767544893,0.0927851134286183,0.144129138924126,0.0555575615170352
539,0.104244296336715,0.0927898193324782,0.144160318281833,0.0555726619688154
540,0.104259592382389,0.0927697747312139,0.14421745031491,0.0555605956244601
541,0.104264867223987,0.0927611885584445,0.144218757184946,0.0555699550914965
542,0.104267075842106,0.0927442339724421,0.144231504738826,0.0555771054725972
543,0.104283359539675,0.0927514705148,0.144241209641735,0.0555915907374321
544,0.104307272204947,0.0927293681671793,0.144258350385808,0.0555926453126605
545,0.104291185727676,0.0927261212750092,0.144271233776874,0.0556034580955039
546,0.10428838715236,0.0927271315974006,0.144259101697152,0.0555886933705756
547,0.104308734675926,0.0927440752419248,0.144274272361092,0.0555766615576804
548,0.104308111394602,0.0927301441776517,0.144292442816632,0.055594797085877
549,0.104306961129673,0.0927274080373845,0.144295553354633,0.0556036610242177
550,0.104320934418305,0.0927223815203978,0.144316296468844,0.0556127040512159
551,0.104306177496696,0.0927098060108382,0.144317642523118,0.0556317416176113
552,0.104321896501149,0.0927103085927457,0.14433609790657,0.0556534457862479
553,0.104315919766435,0.0926808619441274,0.144369011201118,0.0556600822696648
554,0.104301316234348,0.0926628243835448,0.144362408086232,0.0556757419936913
555,0.10430285810901,0.0926591644819135,0.144358890912315,0.0556897395762932
556,0.104316343694371,0.0926411363505278,0.144386312073394,0.0556907313970942
557,0.104314334266283,0.0926371309316439,0.144378480915355,0.055701660693551897
558,0.104308140364655,0.0926218703258535,0.144432133196334,0.0557119973238006
559,0.104286541643098,0.0926123593916106,0.144443303065694,0.0557245982245924
560,0.10428926306584,0.0925911768082218,0.144476585970232,0.0557192568672012
561,0.104269299021029,0.092604835363261,0.144469412853441,0.0557276675731909
562,0.104280308492996,0.0926211185018218,0.144449400246103,0.0557369089728367
563,0.104302438868268,0.0925965250572754,0.144438779446766,0.0557519677437038
564,0.104299972301202,0.092595850380603,0.144463707515316,0.0557641596138863
565,0.104295557109454,0.0926214510039164,0.144508921765555,0.0557864374635022
566,0.104346440479732,0.0926329147804324,0.144537059839483,0.0557876572987955
567,0.104345598776483,0.0926185071704906,0.144544557886286,0.0557953810282284
568,0.104359410958558,0.0926234157797702,0.14454906631411,0.0557985120536588
569,0.104385893793904,0.0925945706248218,0.144578312187013,0.0557962577379225
570,0.104402546293569,0.0926047254419973,0.14457820017151,0.0557946484789981
571,0.104423285583849,0.0925964548902171,0.144577714226255,0.0557961735931245
572,0.104421478750147,0.0925640992365783,0.144604210835607,0.0558070786839647
573,0.104441211316096,0.0925721815762603,0.144615222152402,0.0557996651541923
574,0.104412298413197,0.0925799298383578,0.144625716339915,0.0558164256130424
575,0.104412460347099,0.0925759655903699,0.144668286482899,0.0558212589715152
576,0.104423854906608,0.0925578442928866,0.144708095002845,0.0558302362015886
577,0.104415645817919,0.0925608430761543,0.144732085617357,0.0558577263089589
578,0.104407225108477,0.0925655706062258,0.14476245057825,0.0558705963375743
579,0.104417748379352,0.0925669127055529,0.144794813300605,0.0558739246441417
580,0.10441829351441,0.092544516749036,0.14482621975949,0.0558758223736401
581,0.104406814007485,0.0925487298585911,0.144835782365662,0.0558843811587153
582,0.104390065650104,0.0925286187889573,0.14485626200085,0.0558996075063915
583,0.104401429952479,0.0925209013319256,0.144839920528502,0.0559044385046865
584,0.104422132402246,0.0925252422512203,0.144848423892517,0.0559284376029656
585,0.104421766637379,0.0925003440739204,0.144827771549904,0.0559599812923416
586,0.10440709392927,0.092493065203334,0.144859829671458,0.055976419402941
587,0.104424004168785,0.0924799992280018,0.144873051356241,0.0559698546463572
588,0.104430633613217,0.0924703024178534,0.144870706235031,0.0559616028917258
589,0.104452597643918,0.0924423783424753,0.144868105973403,0.055950876048501
590,0.104441386768829,0.0924525173873662,0.144869435979662,0.0559450377931951
591,0.104467183732418,0.0924753211149302,0.144868406741252,0.0559429650135407
592,0.104495682815262,0.0924455916723253,0.144921266425875,0.055936589231804
593,0.10450209181068,0.0924556441322121,0.144937243723113,0.0559337125982738
594,0.104505003370815,0.0924542031809431,0.144936664223267,0.0559509043535433
595,0.104514484674786,0.0924646476200372,0.144926426305843,0.0559531835493639
596,0.104521625800902,0.092476096174484,0.144986235404148,0.055955488014944
597,0.104527119391992,0.0924676095565237,0.145013475905427,0.055943947057569
598,0.104532515679459,0.0924819799554866,0.145047763979063,0.0559448897236979
599,0.104538333651083,0.092480979680561,0.145051840513145,0.0559353814834707
600,0.104517709716497,0.0924712400087964,0.145053813865865,0.0559454524012561
601,0.104513817025146,0.092450858054824,0.145054187112563,0.055964727282253
602,0.104527069921653,0.0924210538420814,0.1451241646414,0.05597532126752
603,0.104514175166453,0.0924200708689226,0.145133651880538,0.0559651726566966
604,0.104533270719937,0.0924484634504644,0.145151096872825,0.0559687368539707
605,0.10452314728449,0.0924648956016589,0.145173149214481,0.0559733977418206
606,0.104504818881171,0.0924729124052292,0.145188588671533,0.0559784244751957
607,0.104523143793685,0.0924615527411561,0.145199933602828,0.0559863301129247
608,0.104500574454861,0.0924617266465589,0.145189064284957,0.05599335654874
609,0.104490886473394,0.0924495132203879,0.145195066702972,0.0560000424829077
610,0.104486121216435,0.0924622424681084,0.145198548050453,0.0559908385018189
611,0.104480783058698,0.0924534594612348,0.145216790511091,0.055997896117679
612,0.104464383468754,0.0924523859808433,0.145235508584271,0.0560005219819498
613,0.104448858662153,0.0924310379153564,0.1452215149302,0.0560028576398468
614,0.104432764229329,0.0924163370360325,0.145238450800809,0.0559995493059882
615,0.104447356727707,0.0924139659605766,0.14527620300963,0.0559981465182389
616,0.104447008740584,0.0924045893418504,0.145302087149717,0.0559890696897029
617,0.104448895320063,0.092388301050649,0.145333552811326,0.0559988248129548
618,0.104440864546694,0.0923962374323663,0.145337659765022,0.0560055668962871
619,0.104457683099094,0.0923765663504428,0.145363890010643,0.0560181889525895
620,0.104476245537678,0.0923877368012766,0.145383678933847,0.0560367876753651
621,0.104477575659181,0.0923940246514162,0.145419032491822,0.0560556862404281
622,0.104464201307678,0.0924234853196749,0.145406585350344,0.0560474259784473
623,0.104458639959672,0.0924202110810552,0.145425695114054,0.0560651370553144
624,0.104470237479668,0.0924233892988341,0.145434958609806,0.0560606715775648
625,0.104478498041763,0.0924182514416614,0.145452223561731,0.0560654683430022
626,0.104482267453975,0.0924251049641355,0.145478661161561,0.0560692958564338
627,0.104471457043736,0.0924406629585293,0.145511698832327,0.0560661963595074
628,0.104479009829571,0.0924197074826164,0.145495789822827,0.0560758493589181
629,0.104476273362044,0.0924075639149045,0.145529601843461,0.0560732266667744
630,0.104457650980091,0.0923965530874597,0.1455673085212,0.0560861830418803
631,0.104442539231031,0.0924057683860385,0.145551986397711,0.0560871031670789
632,0.104434474425718,0.0924081166202973,0.14560291890921,0.0560898809601359
633,0.104436721797556,0.0923912917464249,0.145647172768455,0.0561014075174568
634,0.104440869783845,0.0923906217323463,0.145686205816685,0.0561082001457854
635,0.104434224725388,0.092389545288046,0.145706720268778,0.0561157896569734
636,0.10442920266504,0.0923706880463286,0.145713743121545,0.0561219883613657
637,0.104442700693826,0.0923460257302363,0.145727891652983,0.0561255390004587
638,0.10442316221636,0.092338915837806,0.14574144301928,0.0561252035429735
639,0.104452596916283,0.0923111339245293,0.145755307467074,0.0561319629550049
640,0.104450917911553,0.0922829087716794,0.145781918179744,0.0561414214115591
641,0.10444533530976,0.09227833264509,0.14581544259207,0.0561480285559491
642,0.104435327160066,0.0922592469944851,0.145837892719827,0.0561474598914365
643,0.104414678932295,0.092252252441837,0.145842275052002,0.0561494496114043
644,0.104398821251616,0.0922293352151477,0.145848391737577,0.0561590374263492
645,0.104414736970394,0.0922154863865075,0.145863900755045,0.0561734198424192
646,0.104383328607205,0.0922005556644473,0.145879762662186,0.0561947258301227
647,0.104374239130375,0.0921923066142805,0.145898904313645,0.0561774657824092
648,0.104396791090355,0.0921650286381627,0.145924545008326,0.0561874248064594
649,0.104390888967818,0.0921438789134512,0.145934624833313,0.0562138378278597
650,0.104379394302333,0.092130880352294,0.14594735333352,0.0562169130967534
651,0.104371913841442,0.092120576411147,0.14597216086839,0.0562189852735927
652,0.10436393626733,0.0920993520779242,0.146011401342493,0.0562327620350869
653,0.104351738647943,0.0920951916091516,0.146017458825399,0.0562241517757201
654,0.104349572534059,0.092088807970942,0.146062095995307,0.0562207651158892
655,0.104359346765718,0.092084676635293,0.146096734942703,0.0562222573473574
656,0.104337787781,0.0921122003441806,0.146130191927671,0.0562215585735811
657,0.104350451171034,0.0920880870229674,0.146166361403107,0.0562393191826829
658,0.104342327950291,0.0920732381468617,0.146182689596783,0.056249841641106
659,0.104346517107556,0.0920704298858459,0.146191179336134,0.0562472088644064
660,0.10433357031926,0.0920605504505985,0.146205601758038,0.0562578817230785
661,0.104321323592282,0.0920480843755203,0.146198419324815,0.0562661943481702
662,0.104309060607918,0.0920573905436999,0.146218272027239,0.0562667842110789
663,0.104338972730609,0.0920476218281515,0.146248576770213,0.0562635501577353
664,0.104351477154826,0.0920512417734836,0.146227475373148,0.0562679314548264
665,0.10436109633639,0.0920396304594335,0.146232544125099,0.0562861964531679
666,0.104349545644554,0.0920356418166493,0.14624039281956,0.056279390268329
667,0.10436354202,0.092039776638041,0.146257542893619,0.0563104719706972
668,0.104355431071081,0.09203724846437,0.146280765863997,0.0563125531968297
669,0.104329622516912,0.0920257561579151,0.146290329155269,0.056327199039001
670,0.104326308759563,0.0920271936670006,0.14632552431756,0.0563202187370322
671,0.104324168431147,0.0920296239911128,0.146355205432059,0.0563354688538681
672,0.104327865812443,0.0920333959425403,0.146370770547177,0.0563570724973878
673,0.104325209547181,0.0920316753547773,0.146386133945641,0.0563521807544833
674,0.104333654982297,0.0920407913853076,0.146434502912795,0.0563585946323167
675,0.104320974689681,0.0920276743292556,0.146431923831352,0.0563491690118137
676,0.104326624769255,0.0920299208999233,0.146424281910345,0.0563629644398114
677,0.104314758895368,0.0920527950578744,0.1464432744568,0.0563637798160455
678,0.104334803018671,0.0920599498950019,0.146401701614348,0.0563795935032882
679,0.104343913104823,0.0920500190891028,0.146415503579106,0.056397260475361
680,0.104352774767372,0.0920415746831231,0.146450020334255,0.0564052068205421
681,0.104357997667441,0.0920358432644405,0.146467694028631,0.056420985067995
682,0.1043636001289,0.0920180991251449,0.146480045049407,0.056423127244401
683,0.104363498756146,0.0920089200862139,0.146488748378857,0.0564327182248959
684,0.104362393303312,0.0920125252170599,0.146517684580773,0.0564294081393688
685,0.104369812405473,0.0920028925917824,0.146490115644363,0.056431855867391
686,0.104390822476895,0.0919882311236318,0.146524039290056,0.0564483328564657
687,0.104384064844639,0.0919795043356924,0.14653838739288,0.0564469444514186
688,0.104390281629361,0.0919732814484469,0.146571226153372,0.0564427325584707
689,0.104395516816637,0.0919753538510122,0.146582662369126,0.0564652967826297
690,0.104399012947806,0.0919532442324111,0.146601342428318,0.0564863526274501
691,0.104408562150909,0.0919371665075656,0.146619690314886,0.0564950018900306
692,0.104412993587138,0.0919220645953298,0.146595982787243,0.056505488921142
693,0.104427719650768,0.0919358015571479,0.146640341293638,0.0565197291052896
694,0.104438777506964,0.0918926730018203,0.14665304773955,0.0565330037034906
695,0.104458828017515,0.0918965895135711,0.146676985111495,0.0565284189064832
696,0.104441405344486,0.091894570392443,0.146694605764142,0.0565313708722247
697,0.104452507504768,0.0918833177163264,0.146725892356081,0.0565393439553341
698,0.104442305611819,0.0918553136797925,0.146759148433342,0.056536089430838
699,0.104437784075245,0.0918438128266596,0.146791935883873,0.0565322750143607
700,0.104447204062637,0.0918087745905224,0.146816204545825,0.0565383578221128
701,0.104439119050482,0.0917892421657968,0.146839567570036,0.0565337247039467
702,0.104442324768041,0.0917607595855975,0.146846747628268,0.0565436417271286
703,0.104456013132535,0.0917458905792128,0.14684876809545,0.0565478566406246
704,0.104452883906016,0.0917287401342374,0.146872020752044,0.0565517448788562
705,0.104465570226733,0.0917144273608564,0.146882962402937,0.0565505097456537
706,0.104443597532496,0.0917033643145074,0.146888050992856,0.0565660383675791
707,0.104447751626495,0.091693152164854,0.146918731441566,0.0565571457510024
708,0.104472209050604,0.0916687043692935,0.146942416581041,0.0565761125487517
709,0.10449015655608,0.0916477063030102,0.146964018200873,0.0565911496951326
710,0.104491815979258,0.0916300878109379,0.146958766931251,0.0565935649389125
711,0.104471334548354,0.0916091547406965,0.146961082350036,0.0565961403026143
712,0.104451745756717,0.0915988397654062,0.146976578779363,0.0565901434428984
713,0.10444134245162,0.091553057960705,0.147006735264506,0.056589367820727
714,0.104418715944153,0.0915512658743824,0.147022688575237,0.0565995456700886
715,0.104410355441584,0.0915260651359193,0.147013877792118,0.0565987540034158
716,0.104407025395096,0.091511235614658,0.14705118128696,0.056604681592662
717,0.104400661516253,0.0915013683285499,0.147048874916994,0.0565942406656454
718,0.104391400588446,0.091484036726407,0.147074738462259,0.05659298592629
719,0.104390159683262,0.0914745484888442,0.147088216281408,0.0566012219564798
720,0.104375728000725,0.091453284280986,0.147078684987735,0.0566022716478577
721,0.104367807553792,0.0914482572168806,0.147106124048658,0.0566201764361946
722,0.104366364468537,0.091422901806477,0.147091338770992,0.0566273714633091
723,0.104375888702142,0.0914118496274681,0.147093812341966,0.0566439233841287
724,0.104372381310903,0.0913887862334671,0.147095479910824,0.0566391997158534
725,0.104371174421095,0.0913810947011957,0.14712580922844,0.0566539036192392
726,0.104350756209679,0.091358099918712,0.147159206645775,0.0566620476903838
727,0.104342557954913,0.0913501023667193,0.147157737737539,0.056665490069755
728,0.104357594845678,0.0913354007647583,0.147185205867602,0.056678852394869
729,0.104361680480318,0.0913182778770563,0.147172782469231,0.0566793569174109
730,0.104348037307299,0.0913095986122394,0.147213552283425,0.0566755255468616
731,0.104330985127441,0.0912858470315457,0.147213018742219,0.0566815816955558
732,0.104325302484913,0.0912671439967371,0.147229974491336,0.0566770866088074
733,0.1043426116744,0.0912530645244382,0.147266452872149,0.0566769756721067
734,0.104340170386037,0.091244247642634,0.147277907987748,0.0566792671594563
735,0.104352130143342,0.0912210388547757,0.147311108712374,0.0566826264800725
736,0.10436648001645,0.0912054093713553,0.147334942841902,0.0566863440424431
737,0.104348659852797,0.0912037997533918,0.147385425045014,0.0566791310592221
738,0.104344233070722,0.0911774829263259,0.147401787565446,0.0566768988805261
739,0.104341814063314,0.0911470962275864,0.147446800122354,0.0566893340877984
740,0.104340489726626,0.091128597504511,0.147457478396655,0.05670014305989
741,0.104331101109905,0.0911174793847518,0.147466517593243,0.0567179287314432
742,0.104326698150324,0.091118073116018,0.147498595013858,0.0567256801944096
743,0.104323905967372,0.0910976199892926,0.147511413968251,0.0567223720673701
744,0.104313062488184,0.0911033326731201,0.147519072304397,0.0567291117774565
745,0.104319019354855,0.0910910243976182,0.147526486071607,0.0567370874323026
746,0.104315858353689,0.0910863810002377,0.147545920922571,0.0567373376787011
747,0.104305707437018,0.0910733698857649,0.147570860339733,0.0567443052901186
748,0.104302770560726,0.0910678885959404,0.147574841181054,0.0567339335685818
749,0.104323246313597,0.0910542236709393,0.147567843716322,0.0567447506756962
750,0.104323514945403,0.0910481707626701,0.147583632817983,0.0567431818855417
751,0.104307026806697,0.0910315454956668,0.147586870788302,0.0567420639700766
752,0.104302322729434,0.0910366903747644,0.147608955267652,0.0567390418702943
753,0.104290035064533,0.0910239183157138,0.147630901499303,0.0567416219472904
754,0.1042928945114,0.0910132195902009,0.147659774903291,0.0567439295264018
755,0.104302913842554,0.0910123079139592,0.147710622708552,0.0567487664257543
756,0.10428874598057,0.0909963200419447,0.147735275861801,0.0567722866664978
757,0.104267722256993,0.0909909630355331,0.147756600262464,0.0567822316295312
758,0.10426228263628,0.0909936630537739,0.147779700329219,0.0567973599570581
759,0.1042581635297,0.0909717080645353,0.147791841413071,0.0568091162784605
760,0.104247008922091,0.0909672676900585,0.147800099659313,0.0568059107695922
761,0.104250445206732,0.0909580608468874,0.147809566427557,0.0568019689007526
762,0.104243184944341,0.0909558039055373,0.147814889656719,0.0568044135583047
763,0.104235406567711,0.0909409684378618,0.147828214564756,0.0568137397619486
764,0.104241771535548,0.0909254806447731,0.147813443661917,0.0568299573970368
765,0.104262807911024,0.0909190725666295,0.147812085966591,0.0568156849214007
766,0.104252325579591,0.0908985723138148,0.147807484726207,0.0568009974881795
767,0.104227765503527,0.0908928579341157,0.147827707109842,0.0568173486495588
768,0.104208423242827,0.0908875601260057,0.147824434048172,0.0568290393192679
769,0.104213662977861,0.0908918792335337,0.147830505924299,0.0568319874791737
770,0.104206153801008,0.0908869412381276,0.147851171757281,0.0568241347038047
771,0.104214264257938,0.0908870552849857,0.147858475439163,0.0568253026925781
772,0.104203740866848,0.0908882500276735,0.147866225586148,0.0568291038237957
773,0.104188737764009,0.0908945046233506,0.147873881486789,0.0568439929936172
774,0.104190911541415,0.0908894166700144,0.147881030476234,0.0568504365018069
775,0.104174093413251,0.090888193155525,0.147895125494693,0.0568748380802173
776,0.104159454344927,0.0908721425765471,0.147900924664046,0.0568811780342081
777,0.104186807228967,0.0908774398774733,0.147906650708547,0.0568776862636016
778,0.104190682636801,0.0908800865489625,0.147930373139117,0.05687322636464
779,0.10419991569108,0.0908639538294273,0.14795150746915,0.0568816316658486
780,0.104191464776976,0.0908674545619234,0.147952094960936,0.056872855939793
781,0.104203316522311,0.0908565754021871,0.147977836597285,0.0568803979242148
782,0.104188263000667,0.0908485045788284,0.148019884221842,0.0569002541065238
783,0.104187514817754,0.0908378581318001,0.148029415274201,0.0569091888322126
784,0.10418798772237,0.0908391339088919,0.148075180959077,0.0569132190937866
785,0.104180253736688,0.0908248960991827,0.148068109868529,0.0569117278826813
786,0.104181708247672,0.0908193811323527,0.148067291009256,0.0569061185600041
787,0.104173952426075,0.0908073224825109,0.148080654750922,0.0569091219455923
788,0.104164959156645,0.0907891908973117,0.14809361833437,0.0569178241249286
789,0.104173218087077,0.0907790511867217,0.148120539524526,0.0569283468493271
790,0.10417127604241,0.0907813474379379,0.148128832713797,0.0569208136433957
791,0.104179020170874,0.0907777804677198,0.148124238721434,0.056916250809553
792,0.104189457232944,0.0907867366029425,0.148162769438644,0.056927255894048
793,0.104193800379027,0.0907792747054251,0.148186762620371,0.056928544250405
794,0.104185504287014,0.0907645564279175,0.148184115354987,0.0569322570770077
795,0.104200505565451,0.0907602007760475,0.148204709586876,0.0569395455364401
796,0.104195100480003,0.0907565872235859,0.148204897067379,0.0569484928355528
797,0.10418996140015,0.0907470131463078,0.148216937576141,0.0569620817466884
798,0.104207184303099,0.0907499228397408,0.14821201735606,0.0569598421951007
799,0.104208090781772,0.0907483455648104,0.14821657376835,0.0569626129655512
800,0.104205216074552,0.0907580329761526,0.148227359945034,0.0569586385677171
801,0.104216869187962,0.0907567327523,0.148216651953624,0.0569594703404092
802,0.104198604827957,0.0907682945227507,0.148216028666269,0.0569551871697069
803,0.104194216263457,0.0907797035925134,0.148225821504019,0.056954012035652
804,0.104207122820591,0.0907773188760295,0.148251451353474,0.0569526051939152
805,0.104204514453086,0.0907831635895295,0.148246626319151,0.0569555984337416
806,0.104226543333249,0.090783730414573,0.148248709957863,0.0569603185383669
807,0.104226117372751,0.090772656108591,0.148261518818637,0.0569635289366431
808,0.104239322317833,0.0907657552103549,0.148282073228189,0.0569587591844394
809,0.104241450213332,0.0907944499397058,0.148272651513206,0.0569639520903843
810,0.104248973804191,0.0907848259170446,0.148265100261989,0.0569613878501446
811,0.104247421061088,0.0907711419265305,0.148260367710873,0.0569721888237525
812,0.104240760365234,0.0907765470409559,0.148275253957822,0.0569701409781858
813,0.104224885724018,0.0907812144413931,0.148294256794673,0.0569874467320456
814,0.104225285306511,0.0907778828003676,0.148325582166143,0.0569924932030907
815,0.104209584001761,0.0907682163054017,0.148341273263691,0.0569977362926758
816,0.104219716946475,0.0907790490591038,0.148372264569021,0.0569941563241196
817,0.104188634113458,0.0907697110707247,0.148387178563013,0.0570078915098973
818,0.104199836209221,0.0907567100688805,0.148419671726205,0.0570178819988074
819,0.104204983038989,0.0907602299121472,0.148448455231909,0.0570200916553878
820,0.104199818204106,0.0907570149253485,0.14845668006921,0.0570275137528216
821,0.10421312187766,0.0907451748302395,0.148450636602104,0.0570357122804443
822,0.104194794924814,0.0907300343154818,0.148471960403013,0.0570366862223599
823,0.104200263221998,0.0907284819431534,0.14846925316673,0.0570451331973231
824,0.104205213426604,0.0907332892316403,0.14847718664346,0.057047623858845
825,0.104215846120118,0.0907295263264613,0.148506034417875,0.0570656087746428
826,0.104217735929064,0.0907136419808627,0.148524521021037,0.0570701225655206
827,0.104213547190819,0.0907174841802194,0.148519965550412,0.0570737975064617
828,0.104192318899694,0.0907209510409513,0.14856387907697,0.0570865707740522
829,0.104190509921555,0.0907065419730113,0.148600517582263,0.0570909541156749
830,0.104186381556869,0.0907122975534475,0.148598846119665,0.0571121238085284
831,0.104180311743706,0.0907284536413163,0.148616304857619,0.0571130916304184
832,0.104168401675351,0.0907390418593464,0.148617699033005,0.0571139599427683
833,0.104140955881732,0.0907544743763762,0.148628749582119,0.0571262961223068
834,0.104140462571356,0.0907588996113955,0.148650776811134,0.0571324866707851
835,0.104136318462288,0.0907619238887265,0.148690430675486,0.0571431988337821
836,0.104118221590626,0.0907590043105983,0.14868405385025,0.057150109765408
837,0.104122689567836,0.0907345353446786,0.148686744474934,0.0571550169198781
838,0.104117632861791,0.0907276147662646,0.148697118651439,0.0571680334904251
839,0.104123867999716,0.0907343660663276,0.148721313871631,0.0571811286844106
840,0.104098717678269,0.0907274815759829,0.148753780617316,0.0571926208322936
841,0.104079046173176,0.090705301863685,0.148767244522702,0.0572112873444482
842,0.104081036837138,0.0906920387382193,0.148765333722965,0.0572101269088651
843,0.104087005538204,0.0906712610270319,0.148795669845468,0.0572175514226059
844,0.104087153849481,0.0906671915485266,0.148825250611799,0.0572347087266027
845,0.104079005741171,0.0906711933355203,0.1488268811179,0.0572326258395372
846,0.104071794668515,0.0906632514259958,0.148830082558411,0.057226181436336
847,0.104080836743009,0.0906638760604112,0.148844752866041,0.0572331385119788
848,0.104071534167413,0.0906632297864817,0.148839705117596,0.0572359375077661
849,0.104082176971878,0.0906621161947339,0.148857965843785,0.057250018846477
850,0.104078258560446,0.0906584034062289,0.148879159709956,0.0572567817439829
851,0.10408104121858,0.0906660670991157,0.148877474575282,0.0572614173640642
852,0.104091037275313,0.0906828292420879,0.148906611519812,0.0572686542371249
853,0.104103792130414,0.0906694451873899,0.148931081826209,0.0572720808853299
854,0.10410739476533,0.0906719352648045,0.148948090131508,0.057271174335001
855,0.104105030971915,0.0906656456793488,0.14892100871158,0.0572695985120096
856,0.10408645451648,0.0906632258789768,0.14891610470032,0.0572887696330253
857,0.104076430528723,0.0906445725566636,0.148922362649318,0.0572994039477722
858,0.104075381701472,0.0906546031738343,0.148939849256893,0.0572936572131812
859,0.104067500263216,0.0906661651549808,0.148964129827583,0.0572987110379793
860,0.104073249569919,0.0906636578691266,0.148998589698569,0.0572893459276559
861,0.104070780698738,0.090657185358506,0.149013695366978,0.0572892686525187
862,0.104050244671603,0.0906571916590945,0.149042952073334,0.0572908167479888
863,0.104050714153732,0.0906519725979843,0.149037094614245,0.0573070297795492
864,0.104044100080771,0.0906576377344929,0.149060264424507,0.057302818100186
865,0.104041852895992,0.0906604326957857,0.149068716238333,0.0573039997058157
866,0.104043593506596,0.090654753910229,0.149097744254129,0.0573011978265706
867,0.104032608748161,0.0906619646988028,0.149117607115944,0.0573191812894161
868,0.104017014737535,0.0906776795332927,0.149151174822921,0.0573246077230929
869,0.104021401012031,0.0906612925229941,0.149136882028856,0.0573336625666165
870,0.104017043953622,0.0906656371914913,0.149156428661087,0.0573407846432245
871,0.104017617103358,0.0906733547365304,0.14915718776263,0.0573483648361205
872,0.10400539520494,0.0906717376722546,0.149166998097319,0.0573426631410541
873,0.104001910817919,0.0906640793922863,0.149183265351286,0.0573503788064964
874,0.10398976506649,0.0906533470756147,0.149182110376175,0.0573478811259394
875,0.103972110664687,0.0906481067826689,0.14920609092768,0.0573393683464683
876,0.103966593645838,0.0906548983130536,0.149203699867477,0.0573531425893985
877,0.10396101437957,0.0906468468717072,0.149211948634524,0.0573552171371975
878,0.103954199121015,0.0906528462272215,0.149236746363086,0.0573615206406965
879,0.103948529135809,0.0906620036002318,0.149223894928669,0.0573685984177751
880,0.103940755069639,0.0906750522893457,0.149221871782194,0.0573762844447321
881,0.103932979573045,0.0906601752244413,0.149251782787006,0.0573692230653825
882,0.103914599737118,0.0906650485012527,0.149266411863686,0.0573743839760574
883,0.103917767951039,0.0906719492408865,0.14929131212548,0.0573746937946179
884,0.103895179739774,0.0906591188872296,0.14930128882675,0.0573881579400666
885,0.10389872178805,0.0906487591812273,0.149311338737128,0.0573845348820407
886,0.103885792307898,0.09064308741613,0.149329724934588,0.0573932426019851
887,0.103885006677044,0.0906555915599991,0.149316239579076,0.0573966067487394
888,0.103883569317062,0.0906395642033443,0.149312222996909,0.0574087988833917
889,0.103878712413229,0.0906373350459453,0.149331775292506,0.0574141808002146
890,0.103883416094039,0.0906197735884525,0.149316511486873,0.0574125363961534
891,0.103895171105079,0.090611864247508,0.149334452707252,0.0574220440824125
892,0.103901317629056,0.090610750780187,0.149347830613331,0.0574319256235332
893,0.103903896331081,0.0906062724602332,0.149388743822891,0.0574276144230739
894,0.103891088678716,0.0906169453405475,0.149407380405371,0.0574274799836537
895,0.103883057901705,0.0906080994202527,0.149417027944561,0.0574265829170291
896,0.103895214534416,0.0905904366853202,0.149424834043461,0.0574259515341197
897,0.103902267248228,0.0905987310792802,0.149430304971211,0.0574247368599123
898,0.103900499705705,0.0905803204560016,0.149459416564106,0.0574374746394742
899,0.103897563250472,0.0905621742352721,0.149468180188807,0.0574513973132121
900,0.103897882039815,0.0905488326164212,0.149467113369489,0.0574561591101361
901,0.103895456754395,0.0905530374609377,0.149504680119756,0.0574627279637733
902,0.103879669622978,0.0905381402370775,0.149508167823686,0.0574695984647349
903,0.103880917394428,0.0905154273758083,0.149523798683101,0.0574816393894476
904,0.103867599256229,0.0905122297301064,0.149549089722152,0.0574782473815316
905,0.103860569823368,0.0905230758316447,0.149566392362503,0.0574882029423686
906,0.103865996151579,0.0905217821706802,0.149583472930744,0.0574946796873167
907,0.103870341693719,0.090513345845341,0.149595635932184,0.0575048939065615
908,0.103857062316525,0.0905322315627,0.14960035894872,0.0575056825244502
909,0.103844025253764,0.0905203727517118,0.149602454613388,0.0575098414010674
910,0.103862818252124,0.0905140155649525,0.149594173528713,0.0575139574056541
911,0.103882654531896,0.0905231150280177,0.149603684875679,0.0575381848826009
912,0.103894273517406,0.0905225941941628,0.149623772901145,0.0575316699619708
913,0.103891531223515,0.0905152142937975,0.149613173998167,0.0575316563977455
914,0.10389880135725,0.0904952839707097,0.149641338035074,0.0575389126377873
915,0.10390159850068,0.0904833388877342,0.149651302620601,0.0575371405428263
916,0.103902483896121,0.0904780583672425,0.149661062132852,0.0575317960524054
917,0.103901885741202,0.0904754625057647,0.149672543520971,0.0575280786118782
918,0.103897370715228,0.0904886499481588,0.149683159643665,0.0575292550504568
919,0.103897241818802,0.0904828166145506,0.149689469593373,0.057547163302494
920,0.103891873609589,0.090488191098998,0.149717951112449,0.057548314827785
921,0.103892127763749,0.0904857133471156,0.14976250909372,0.057546443114918
922,0.103908060488559,0.0904895154502609,0.149763406555886,0.0575538568218153
923,0.10391754599335,0.0904768730935164,0.14977552443124,0.0575497849244197
924,0.103927327125876,0.0904665410909202,0.149782044600751,0.0575539797722368
925,0.103928227021811,0.0904566735728567,0.149778518198013,0.0575528109493238
926,0.10392770926027,0.0904548321047889,0.149788561089489,0.0575537717750053
927,0.103913842196064,0.0904400500977507,0.149817483309983,0.0575578188064561
928,0.103917635467674,0.0904423756844577,0.149816934101743,0.057555239183725
929,0.103909756229574,0.0904452191610136,0.149812699237707,0.0575623364242474
930,0.103910507824493,0.0904433549398319,0.149814245389175,0.0575627500500193
931,0.103905494151932,0.0904422086085935,0.149841055323997,0.0575670497971495
932,0.103910833969513,0.0904307574718303,0.149868900860224,0.0575722312469941
933,0.103900540489543,0.0904355405564314,0.149871741025705,0.0575729045997095
934,0.103910692964994,0.0904371073317263,0.149871819046924,0.0575667901540152
935,0.103904627895905,0.0904353314072046,0.14988440369526,0.057571643455389
936,0.103911616270768,0.090442673473266,0.149902910601319,0.0575707351675858
937,0.103903783255887,0.0904364294635143,0.149938559233736,0.0575832355208074
938,0.103902494801777,0.090449831801415,0.149954578802504,0.0575827533720296
939,0.103897505319871,0.0904595958573534,0.149956763759663,0.057583047912471
940,0.103892998221692,0.0904572982591733,0.149982687518539,0.0575923476015789
941,0.103882425491215,0.0904667846560637,0.149991318117207,0.0576029661297603
942,0.103869946014393,0.0904700532457683,0.149992532953557,0.0576178342327598
943,0.103858462960376,0.090469274281511,0.150007949110117,0.057624520240399
944,0.103847429924687,0.0904675492983251,0.150027975667895,0.0576359628695277
945,0.103839757314391,0.090462647663481,0.150030804897705,0.0576425203561018
946,0.103824294357929,0.0904679516682094,0.150034875040364,0.0576397307055161
947,0.103827031662506,0.0904721288437281,0.150043755352807,0.0576400259284055
948,0.103821170113935,0.0904728900988177,0.150057055748904,0.0576454306712276
949,0.103812163237563,0.0904822142653934,0.150055263717474,0.0576463646151269
950,0.103819329823556,0.0904679096940078,0.150076174166399,0.057651379176069
951,0.103822847434192,0.0904706991700226,0.150087869088412,0.0576539099537553
952,0.103826991225609,0.0904822224209966,0.150093741160792,0.0576586604583152
953,0.10382791151275,0.0904989354028584,0.150103200969613,0.0576652195356604
954,0.103832440797141,0.0904897823062729,0.150120080932636,0.0576735352719653
955,0.103827019773797,0.090485388884994,0.150122721411932,0.0576742551124437
956,0.103826031661626,0.0904866992066443,0.150127732584246,0.0576853489460331
957,0.103846555497022,0.0904728941999008,0.150137407949774,0.0577029039736484
958,0.103841842446121,0.0904652625246096,0.150140641054258,0.0577023934935436
959,0.103827778367049,0.0904656321930356,0.150153716416998,0.0577131286393947
960,0.103821012096403,0.0904602737998529,0.150160375519283,0.0577252797526092
961,0.103815064519409,0.0904566420253026,0.150144960080017,0.0577266552262242
962,0.103800887451568,0.090447707152031,0.150156201907164,0.0577252101429467
963,0.10378490501956,0.0904375116140679,0.150167965799852,0.0577363654538763
964,0.103770034254327,0.0904447812280356,0.150195597935424,0.0577576309457455
965,0.103766999355898,0.0904354307726086,0.150234760112361,0.0577713458485558
966,0.103748126804643,0.0904466863372342,0.150254578942723,0.0577723571749267
967,0.103739308375059,0.0904292317979131,0.150247966016695,0.0577743399846272
968,0.103725577625871,0.0904296689368184,0.15026205352226,0.0577721030175162
969,0.103726999014392,0.0904247463113116,0.150301493550859,0.0577720556091096
970,0.103742271254426,0.0904136917233624,0.150294523456674,0.0577686836008925
971,0.103743343206977,0.0904081000433585,0.150307769298649,0.0577821527306662
972,0.1037456784986,0.0904063887221923,0.150312249748679,0.0577881166720676
973,0.10373153606325,0.0903890359126504,0.150305218726992,0.0577975295121609
974,0.103737841807658,0.090398578444803,0.150322947139739,0.0578060773043024
975,0.103734391362882,0.090396198336276,0.150321871076203,0.0578052288358697
976,0.103740349220082,0.0904103994569542,0.15031317688811,0.0578143837861037
977,0.103735687203039,0.090419813663747,0.150307629171052,0.0578148398624435
978,0.103743856277668,0.0904031936856835,0.150304128243505,0.0578228034226392
979,0.103738941090962,0.0904006424984363,0.150308432186087,0.0578208770048624
980,0.103741669735002,0.0904008086650029,0.150313420981293,0.0578197857588208
981,0.103749974729558,0.0904000733127996,0.150333218502719,0.0578167404278355
982,0.103753235920903,0.0904016205103564,0.15032870980716,0.0578215705589189
983,0.103762373943641,0.0904087689323182,0.150317069363483,0.057830878768331
984,0.103761044103033,0.0904096627246413,0.150349458383413,0.0578483084701154
985,0.10376384431225,0.0904058148347906,0.150349335290457,0.0578485901538119
986,0.103752048855735,0.0904065086388786,0.150352226327561,0.0578562843792865
987,0.103757285747446,0.0903940424873871,0.150363931961315,0.0578661054729156
988,0.103769361876939,0.0903863747686368,0.150371313455787,0.0578661151055478
989,0.103765395760616,0.0903698574527623,0.150377603373075,0.0578717866771203
990,0.103747714485869,0.090369938786214,0.150384801264453,0.0578764508050708
991,0.103727060360329,0.0903712504555481,0.150395765622275,0.0578809529768346
992,0.103728625522166,0.0903571525676382,0.15041860552695,0.0578836576906802
993,0.103728350856632,0.0903537075354494,0.150427654231413,0.0578941841776015
994,0.103724698860566,0.0903504832367952,0.150424194452124,0.0579066856321843
995,0.103731408937809,0.0903451688238341,0.1504478714982,0.0579171641301068
996,0.103712324896545,0.0903284276672164,0.150460167717738,0.0579153202888149
997,0.103716838163035,0.0903427117876975,0.150484758364579,0.0579141898826855
998,0.103703394775531,0.0903491059610766,0.150491074731367,0.0579214065370233
999,0.1036929569648,0.0903575528374639,0.150512570659469,0.0579286812951691
1000,0.103672076031895,0.0903638242675502,0.150553421569266,0.0579307186024534
