"Figure 10 (right). Evolution of the structural complexity of the RPs generated by GP and MGA, measured in terms of average RP depth. Results are averaged over 30 independent runs.",Column_2,Column_3,Column_4,Column_5,Column_6
,,,,,
Time_min,GP,S 5 5,S 20 20,V 5 5,V 20 20
1,4.6,4,4.411111111,3.7,4.233333333
2,5.633333333,4.244444444,4.166666667,4.055555556,3.944444444
3,6,4.311111111,4.155555556,3.533333333,4.155555556
4,6.866666667,3.988888889,4.266666667,3.388888889,4.211111111
5,6.733333333,4.166666667,4.466666667,3.577777778,4.3
6,7,4.555555556,4.366666667,3.333333333,4.288888889
7,7.333333333,4.622222222,4.522222222,3.622222222,4.322222222
8,7.633333333,4.4,4.577777778,3.822222222,4.3
9,7.333333333,4.711111111,4.611111111,4,4.266666667
10,7.566666667,4.911111111,4.6,4.022222222,4.277777778
11,7.3,4.811111111,4.488888889,4.333333333,4.222222222
12,7.466666667,4.822222222,4.444444444,4.311111111,4.455555556
13,7.633333333,4.866666667,4.444444444,4.4,4.344444444
14,7.6,4.966666667,4.388888889,4.655555556,4.322222222
15,7.566666667,4.966666667,4.455555556,4.622222222,4.477777778
16,7.566666667,5.055555556,4.455555556,4.655555556,4.888888889
17,7.7,5.133333333,4.5,4.644444444,4.877777778
18,7.766666667,5.133333333,4.511111111,4.777777778,4.888888889
19,7.7,5.311111111,4.433333333,5.088888889,5.022222222
20,7.733333333,5.311111111,4.433333333,5.088888889,4.888888889
21,7.833333333,5.4,4.422222222,5.255555556,5.044444444
22,7.833333333,5.466666667,4.588888889,5.177777778,5.077777778
23,7.633333333,5.633333333,4.566666667,5.133333333,5.177777778
24,7.666666667,5.655555556,4.566666667,5.111111111,5.211111111
25,7.6,5.744444444,4.755555556,5.188888889,5.344444444
26,7.6,5.677777778,4.611111111,5.233333333,5.344444444
27,7.666666667,5.722222222,4.722222222,5.288888889,5.388888889
28,7.566666667,5.766666667,4.766666667,5.288888889,5.377777778
29,7.666666667,5.8,4.766666667,5.422222222,5.422222222
30,7.766666667,5.7,4.666666667,5.577777778,5.466666667
31,7.7,5.622222222,4.677777778,5.411111111,5.422222222
32,7.733333333,5.755555556,4.788888889,5.477777778,5.455555556
33,7.8,5.855555556,4.833333333,5.466666667,5.488888889
34,7.833333333,5.822222222,4.844444444,5.444444444,5.633333333
35,7.833333333,5.944444444,4.777777778,5.488888889,5.8
36,7.8,5.911111111,4.888888889,5.433333333,5.711111111
37,7.733333333,5.888888889,4.944444444,5.5,5.633333333
38,7.866666667,5.9,4.977777778,5.5,5.666666667
39,7.833333333,5.911111111,5.144444444,5.588888889,5.533333333
40,7.833333333,5.988888889,5.055555556,5.622222222,5.444444444
41,7.933333333,5.955555556,4.944444444,5.6,5.611111111
42,7.933333333,5.888888889,4.988888889,5.6,5.7
43,7.933333333,5.955555556,5.088888889,5.688888889,5.777777778
44,7.933333333,5.944444444,5.122222222,5.7,5.855555556
45,7.933333333,6.011111111,4.944444444,5.766666667,5.788888889
46,7.9,6,5.088888889,5.766666667,5.788888889
47,7.9,5.944444444,5.088888889,5.744444444,5.833333333
48,7.866666667,5.955555556,5.166666667,5.788888889,5.722222222
49,7.866666667,6.044444444,5.211111111,5.8,5.733333333
50,7.9,6.044444444,5.233333333,5.811111111,5.755555556
51,7.866666667,6.055555556,5.244444444,5.8,5.833333333
52,7.866666667,6.066666667,5.355555556,5.8,5.722222222
53,7.9,6.055555556,5.3,5.866666667,5.755555556
54,7.866666667,6.088888889,5.166666667,5.944444444,5.777777778
55,7.866666667,6.077777778,5.444444444,5.988888889,5.822222222
56,7.8,6.066666667,5.644444444,5.944444444,5.811111111
57,7.866666667,6.033333333,5.555555556,6.066666667,5.877777778
58,7.833333333,6.022222222,5.711111111,6.044444444,5.922222222
59,7.866666667,6.033333333,5.644444444,6.033333333,6.011111111
60,7.866666667,6.033333333,5.566666667,6.044444444,6.033333333
61,7.866666667,6.055555556,5.8,6,6.2
62,7.866666667,6.044444444,5.911111111,5.977777778,6.222222222
63,7.866666667,6.1,5.911111111,5.955555556,6.244444444
64,7.866666667,6.044444444,5.944444444,5.977777778,6.177777778
65,7.9,6.055555556,6,6,6.166666667
66,7.9,6.077777778,5.966666667,6.055555556,6.1
67,7.866666667,6.077777778,5.888888889,6.011111111,6.1
68,7.866666667,6.077777778,5.9,6.088888889,6.122222222
69,7.866666667,6.122222222,5.922222222,6.144444444,6.111111111
70,7.866666667,6.133333333,5.711111111,6.166666667,6.033333333
71,7.866666667,6.155555556,5.711111111,6.1,6.1
72,7.866666667,6.111111111,5.7,6.211111111,6.1
73,7.866666667,6.122222222,5.733333333,6.2,6.066666667
74,7.866666667,6.122222222,5.811111111,6.211111111,6.133333333
75,7.866666667,6.144444444,5.677777778,6.177777778,6.333333333
76,7.9,6.155555556,5.711111111,6.211111111,6.4
77,7.9,6.144444444,5.733333333,6.222222222,6.422222222
78,7.9,6.166666667,5.677777778,6.244444444,6.433333333
79,7.9,6.177777778,5.644444444,6.244444444,6.433333333
80,7.9,6.188888889,5.722222222,6.277777778,6.555555556
81,7.9,6.188888889,5.644444444,6.277777778,6.644444444
82,7.9,6.188888889,5.666666667,6.355555556,6.644444444
83,7.866666667,6.211111111,5.644444444,6.311111111,6.588888889
84,7.866666667,6.222222222,5.566666667,6.344444444,6.611111111
85,7.866666667,6.244444444,5.633333333,6.277777778,6.655555556
86,7.866666667,6.244444444,5.644444444,6.277777778,6.744444444
87,7.866666667,6.288888889,5.633333333,6.3,6.711111111
88,7.866666667,6.288888889,5.644444444,6.288888889,6.666666667
89,7.866666667,6.288888889,5.677777778,6.288888889,6.666666667
90,7.866666667,6.333333333,5.822222222,6.277777778,6.7
91,7.866666667,6.355555556,5.888888889,6.255555556,6.722222222
92,7.9,6.344444444,5.933333333,6.255555556,6.755555556
93,7.9,6.366666667,5.888888889,6.2,6.755555556
94,7.9,6.366666667,5.855555556,6.266666667,6.766666667
95,7.9,6.388888889,5.866666667,6.288888889,6.688888889
96,7.9,6.411111111,5.844444444,6.288888889,6.733333333
97,7.9,6.422222222,5.911111111,6.244444444,6.766666667
98,7.9,6.444444444,5.811111111,6.266666667,6.833333333
99,7.9,6.444444444,5.933333333,6.255555556,6.811111111
100,7.9,6.455555556,5.911111111,6.266666667,6.844444444
101,7.9,6.455555556,5.944444444,6.288888889,6.844444444
102,7.9,6.455555556,5.988888889,6.288888889,6.7
103,7.9,6.455555556,5.988888889,6.322222222,6.722222222
104,7.9,6.466666667,5.933333333,6.322222222,6.7
105,7.9,6.488888889,5.933333333,6.3,6.711111111
106,7.9,6.511111111,5.988888889,6.255555556,6.722222222
107,7.9,6.511111111,5.988888889,6.288888889,6.822222222
108,7.866666667,6.533333333,6.022222222,6.4,6.766666667
109,7.933333333,6.533333333,6.033333333,6.422222222,6.7
110,7.933333333,6.533333333,6.055555556,6.488888889,6.711111111
111,7.9,6.511111111,6.055555556,6.444444444,6.766666667
112,7.9,6.544444444,6.066666667,6.455555556,6.777777778
113,7.9,6.555555556,6.088888889,6.466666667,6.811111111
114,7.9,6.566666667,6.155555556,6.477777778,6.833333333
115,7.9,6.588888889,6.111111111,6.511111111,6.833333333
116,7.9,6.577777778,6.055555556,6.511111111,6.855555556
117,7.9,6.577777778,6.077777778,6.477777778,6.877777778
118,7.9,6.6,6.077777778,6.433333333,6.833333333
119,7.9,6.588888889,6.066666667,6.444444444,6.877777778
120,7.9,6.588888889,6.066666667,6.5,6.877777778
121,7.9,6.611111111,6.133333333,6.488888889,6.944444444
122,7.9,6.611111111,6.077777778,6.5,7
123,7.9,6.633333333,6.011111111,6.488888889,6.888888889
124,7.9,6.622222222,5.966666667,6.555555556,6.888888889
125,7.933333333,6.622222222,5.977777778,6.555555556,6.955555556
126,7.933333333,6.644444444,6.066666667,6.488888889,6.855555556
127,7.933333333,6.644444444,6.133333333,6.5,6.8
128,7.933333333,6.633333333,6.144444444,6.566666667,6.922222222
129,7.933333333,6.622222222,6.133333333,6.566666667,6.944444444
130,7.933333333,6.644444444,6.133333333,6.5,6.944444444
131,7.933333333,6.688888889,6.2,6.555555556,7.033333333
132,7.933333333,6.677777778,6.233333333,6.611111111,7.066666667
133,7.9,6.655555556,6.244444444,6.611111111,7.077777778
134,7.9,6.655555556,6.233333333,6.622222222,7.088888889
135,7.9,6.666666667,6.2,6.6,7.122222222
136,7.9,6.633333333,6.122222222,6.622222222,7.111111111
137,7.9,6.688888889,6.166666667,6.622222222,7.088888889
138,7.9,6.688888889,6.166666667,6.666666667,7.066666667
139,7.9,6.688888889,6.288888889,6.666666667,7.011111111
140,7.9,6.7,6.288888889,6.677777778,7.022222222
141,7.9,6.677777778,6.288888889,6.666666667,7.022222222
142,7.9,6.677777778,6.3,6.733333333,7.033333333
143,7.9,6.677777778,6.333333333,6.733333333,7.044444444
144,7.9,6.7,6.255555556,6.722222222,7.066666667
145,7.9,6.7,6.255555556,6.733333333,7.066666667
146,7.9,6.688888889,6.255555556,6.733333333,7.077777778
147,7.9,6.677777778,6.255555556,6.766666667,7.055555556
148,7.9,6.677777778,6.3,6.766666667,7.077777778
149,7.9,6.677777778,6.3,6.777777778,7.077777778
150,7.9,6.688888889,6.4,6.777777778,7.077777778
151,7.9,6.7,6.444444444,6.777777778,7.1
152,7.9,6.688888889,6.433333333,6.777777778,7.077777778
153,7.9,6.644444444,6.433333333,6.788888889,7.144444444
154,7.9,6.633333333,6.4,6.788888889,7.144444444
155,7.9,6.633333333,6.4,6.811111111,7.144444444
156,7.9,6.644444444,6.433333333,6.833333333,7.144444444
157,7.9,6.666666667,6.477777778,6.855555556,7.177777778
158,7.9,6.622222222,6.477777778,6.822222222,7.188888889
159,7.9,6.611111111,6.477777778,6.833333333,7.177777778
160,7.9,6.666666667,6.444444444,6.822222222,7.122222222
161,7.9,6.666666667,6.5,6.833333333,7.111111111
162,7.9,6.655555556,6.488888889,6.822222222,7.122222222
163,7.9,6.655555556,6.544444444,6.822222222,7.133333333
164,7.9,6.688888889,6.566666667,6.822222222,7.133333333
165,7.9,6.677777778,6.566666667,6.822222222,7.177777778
166,7.9,6.644444444,6.588888889,6.822222222,7.188888889
167,7.9,6.655555556,6.555555556,6.811111111,7.166666667
168,7.9,6.677777778,6.611111111,6.822222222,7.2
169,7.9,6.655555556,6.655555556,6.833333333,7.266666667
170,7.9,6.655555556,6.644444444,6.833333333,7.244444444
171,7.9,6.666666667,6.644444444,6.833333333,7.244444444
172,7.9,6.633333333,6.622222222,6.833333333,7.255555556
173,7.9,6.655555556,6.622222222,6.833333333,7.255555556
174,7.933333333,6.655555556,6.6,6.844444444,7.288888889
175,7.933333333,6.655555556,6.611111111,6.844444444,7.288888889
176,7.933333333,6.655555556,6.644444444,6.833333333,7.255555556
177,7.933333333,6.655555556,6.677777778,6.833333333,7.266666667
178,7.933333333,6.655555556,6.688888889,6.833333333,7.277777778
179,7.933333333,6.666666667,6.666666667,6.822222222,7.288888889
180,7.933333333,6.655555556,6.644444444,6.833333333,7.288888889
181,7.933333333,6.644444444,6.644444444,6.844444444,7.288888889
182,7.933333333,6.655555556,6.644444444,6.844444444,7.311111111
183,7.933333333,6.655555556,6.622222222,6.844444444,7.3
184,7.933333333,6.655555556,6.622222222,6.855555556,7.288888889
185,7.933333333,6.655555556,6.622222222,6.855555556,7.311111111
186,7.933333333,6.655555556,6.633333333,6.855555556,7.266666667
187,7.933333333,6.655555556,6.633333333,6.855555556,7.266666667
188,7.933333333,6.655555556,6.622222222,6.855555556,7.277777778
189,7.933333333,6.655555556,6.622222222,6.866666667,7.311111111
190,7.933333333,6.666666667,6.622222222,6.877777778,7.322222222
191,7.933333333,6.677777778,6.6,6.9,7.3
192,7.933333333,6.666666667,6.6,6.9,7.355555556
193,7.933333333,6.677777778,6.566666667,6.888888889,7.333333333
194,7.933333333,6.677777778,6.577777778,6.888888889,7.3
195,7.9,6.677777778,6.577777778,6.888888889,7.3
196,7.9,6.677777778,6.588888889,6.888888889,7.288888889
197,7.933333333,6.677777778,6.6,6.9,7.288888889
198,7.966666667,6.622222222,6.6,6.911111111,7.311111111
199,7.966666667,6.622222222,6.6,6.911111111,7.266666667
200,7.966666667,6.633333333,6.622222222,6.911111111,7.266666667
201,8,6.633333333,6.655555556,6.911111111,7.244444444
202,8,6.655555556,6.644444444,6.922222222,7.244444444
203,8,6.677777778,6.722222222,6.922222222,7.322222222
204,8,6.677777778,6.7,6.933333333,7.3
205,8,6.677777778,6.688888889,6.966666667,7.288888889
206,8,6.7,6.677777778,6.933333333,7.3
207,8,6.677777778,6.7,6.944444444,7.344444444
208,8,6.666666667,6.711111111,6.944444444,7.333333333
209,8,6.666666667,6.733333333,6.944444444,7.333333333
210,8,6.677777778,6.755555556,6.933333333,7.322222222
211,8,6.677777778,6.766666667,6.933333333,7.333333333
212,8,6.677777778,6.766666667,6.955555556,7.344444444
213,8,6.655555556,6.755555556,6.944444444,7.377777778
214,8,6.655555556,6.755555556,6.944444444,7.377777778
215,8,6.655555556,6.766666667,6.944444444,7.377777778
216,8,6.644444444,6.755555556,6.933333333,7.388888889
217,8,6.644444444,6.755555556,6.933333333,7.4
218,8,6.622222222,6.777777778,6.922222222,7.388888889
219,8,6.633333333,6.766666667,6.922222222,7.388888889
220,8,6.722222222,6.777777778,6.922222222,7.388888889
221,8,6.722222222,6.811111111,6.933333333,7.388888889
222,8,6.722222222,6.822222222,6.944444444,7.411111111
223,8,6.722222222,6.833333333,6.944444444,7.422222222
224,8,6.711111111,6.844444444,6.944444444,7.433333333
225,8,6.7,6.833333333,6.944444444,7.422222222
226,8,6.7,6.833333333,6.944444444,7.422222222
227,8,6.711111111,6.833333333,6.944444444,7.411111111
228,8,6.711111111,6.822222222,6.944444444,7.411111111
229,7.966666667,6.733333333,6.833333333,6.944444444,7.433333333
230,7.966666667,6.744444444,6.8,7,7.444444444
231,7.966666667,6.744444444,6.788888889,6.988888889,7.444444444
232,7.966666667,6.744444444,6.8,7.055555556,7.444444444
233,7.966666667,6.744444444,6.733333333,7.055555556,7.422222222
234,7.966666667,6.744444444,6.755555556,7.055555556,7.388888889
235,7.966666667,6.755555556,6.755555556,7.044444444,7.388888889
236,7.966666667,6.755555556,6.766666667,7.055555556,7.366666667
237,7.966666667,6.744444444,6.777777778,7.055555556,7.366666667
238,7.966666667,6.755555556,6.8,7.055555556,7.4
239,7.966666667,6.755555556,6.822222222,7.055555556,7.422222222
240,7.966666667,6.755555556,6.877777778,7.055555556,7.422222222
241,7.966666667,6.755555556,6.877777778,7.055555556,7.422222222
242,7.966666667,6.755555556,6.877777778,7.055555556,7.422222222
243,7.966666667,6.733333333,6.844444444,7.066666667,7.388888889
244,7.966666667,6.733333333,6.844444444,7.055555556,7.411111111
245,7.966666667,6.733333333,6.811111111,7.055555556,7.411111111
246,7.966666667,6.733333333,6.811111111,7.066666667,7.4
247,7.966666667,6.733333333,6.811111111,7.077777778,7.422222222
248,7.966666667,6.733333333,6.788888889,7.1,7.422222222
249,7.966666667,6.766666667,6.788888889,7.1,7.411111111
250,7.966666667,6.766666667,6.811111111,7.1,7.388888889
251,7.966666667,6.766666667,6.844444444,7.1,7.388888889
252,7.966666667,6.777777778,6.844444444,7.1,7.388888889
253,7.966666667,6.788888889,6.8,7.066666667,7.433333333
254,7.966666667,6.788888889,6.8,7.055555556,7.444444444
255,7.966666667,6.788888889,6.855555556,7.077777778,7.411111111
256,7.966666667,6.788888889,6.855555556,7.066666667,7.433333333
257,7.966666667,6.788888889,6.833333333,7.088888889,7.422222222
258,7.966666667,6.811111111,6.855555556,7.088888889,7.5
259,7.966666667,6.811111111,6.844444444,7.088888889,7.488888889
260,7.966666667,6.788888889,6.822222222,7.077777778,7.5
261,7.966666667,6.788888889,6.822222222,7.077777778,7.522222222
262,7.966666667,6.811111111,6.766666667,7.077777778,7.522222222
263,7.966666667,6.811111111,6.788888889,7.077777778,7.522222222
264,7.966666667,6.811111111,6.788888889,7.077777778,7.511111111
265,7.966666667,6.788888889,6.8,7.066666667,7.511111111
266,7.966666667,6.788888889,6.833333333,7.066666667,7.444444444
267,7.966666667,6.777777778,6.844444444,7.077777778,7.444444444
268,7.966666667,6.777777778,6.844444444,7.077777778,7.444444444
269,7.966666667,6.777777778,6.833333333,7.077777778,7.444444444
270,7.966666667,6.777777778,6.833333333,7.077777778,7.444444444
271,7.966666667,6.777777778,6.833333333,7.077777778,7.444444444
272,7.966666667,6.777777778,6.844444444,7.077777778,7.455555556
273,7.966666667,6.777777778,6.822222222,7.1,7.522222222
274,7.966666667,6.777777778,6.822222222,7.1,7.522222222
275,7.966666667,6.777777778,6.877777778,7.1,7.522222222
276,7.966666667,6.8,6.866666667,7.1,7.522222222
277,7.966666667,6.8,6.888888889,7.1,7.522222222
278,7.966666667,6.8,6.922222222,7.1,7.511111111
279,7.966666667,6.811111111,6.911111111,7.1,7.477777778
280,7.966666667,6.833333333,6.922222222,7.1,7.477777778
281,7.966666667,6.822222222,6.922222222,7.1,7.477777778
282,7.966666667,6.822222222,6.922222222,7.1,7.455555556
283,7.966666667,6.822222222,6.855555556,7.1,7.455555556
284,7.966666667,6.833333333,6.844444444,7.088888889,7.455555556
285,7.966666667,6.833333333,6.811111111,7.088888889,7.5
286,8,6.833333333,6.811111111,7.088888889,7.5
287,8,6.833333333,6.811111111,7.088888889,7.5
288,8,6.833333333,6.788888889,7.111111111,7.511111111
289,8,6.833333333,6.8,7.1,7.544444444
290,8,6.833333333,6.8,7.077777778,7.544444444
291,8,6.833333333,6.777777778,7.088888889,7.544444444
292,8,6.811111111,6.811111111,7.088888889,7.544444444
293,8,6.811111111,6.811111111,7.055555556,7.533333333
294,8,6.822222222,6.811111111,7.066666667,7.522222222
295,8,6.822222222,6.888888889,7.1,7.522222222
296,8,6.822222222,6.9,7.088888889,7.522222222
297,8,6.822222222,6.888888889,7.088888889,7.522222222
298,8,6.822222222,6.9,7.088888889,7.522222222
299,8,6.822222222,6.877777778,7.088888889,7.522222222
300,8,6.822222222,6.866666667,7.088888889,7.522222222
301,8,6.822222222,6.855555556,7.088888889,7.555555556
302,8,6.822222222,6.877777778,7.088888889,7.566666667
303,8,6.833333333,6.877777778,7.088888889,7.566666667
304,8,6.833333333,6.933333333,7.077777778,7.533333333
305,8,6.833333333,6.933333333,7.077777778,7.533333333
306,8,6.855555556,6.9,7.077777778,7.555555556
307,8,6.855555556,6.866666667,7.077777778,7.555555556
308,8,6.866666667,6.855555556,7.077777778,7.555555556
309,8,6.866666667,6.866666667,7.077777778,7.544444444
310,8,6.866666667,6.888888889,7.077777778,7.544444444
311,8,6.855555556,6.855555556,7.077777778,7.544444444
312,8,6.855555556,6.833333333,7.088888889,7.566666667
313,8,6.855555556,6.844444444,7.088888889,7.566666667
314,8,6.855555556,6.844444444,7.077777778,7.566666667
315,8,6.855555556,6.844444444,7.088888889,7.566666667
316,8,6.855555556,6.844444444,7.088888889,7.566666667
317,8,6.855555556,6.844444444,7.088888889,7.566666667
318,8,6.855555556,6.822222222,7.077777778,7.544444444
319,8,6.855555556,6.822222222,7.077777778,7.588888889
320,8,6.855555556,6.822222222,7.088888889,7.588888889
321,8,6.855555556,6.833333333,7.088888889,7.588888889
322,8,6.855555556,6.833333333,7.088888889,7.588888889
323,8,6.855555556,6.877777778,7.088888889,7.577777778
324,8,6.855555556,6.866666667,7.088888889,7.577777778
325,8,6.855555556,6.866666667,7.088888889,7.577777778
326,8,6.855555556,6.877777778,7.088888889,7.577777778
327,8,6.855555556,6.955555556,7.1,7.577777778
328,8,6.855555556,6.966666667,7.088888889,7.544444444
329,8,6.866666667,6.977777778,7.088888889,7.544444444
330,8,6.855555556,6.977777778,7.088888889,7.544444444
331,8,6.866666667,6.977777778,7.088888889,7.544444444
332,8,6.877777778,7.011111111,7.088888889,7.544444444
333,8,6.877777778,6.977777778,7.088888889,7.544444444
334,8,6.877777778,6.977777778,7.088888889,7.544444444
335,8,6.877777778,6.955555556,7.088888889,7.544444444
336,8,6.877777778,6.955555556,7.088888889,7.544444444
337,8,6.877777778,6.955555556,7.088888889,7.544444444
338,8,6.888888889,6.966666667,7.088888889,7.544444444
339,8,6.888888889,6.977777778,7.088888889,7.555555556
340,8,6.888888889,6.966666667,7.111111111,7.555555556
341,8,6.888888889,6.966666667,7.111111111,7.544444444
342,8,6.888888889,6.966666667,7.133333333,7.544444444
343,8,6.888888889,6.988888889,7.133333333,7.544444444
344,8,6.888888889,6.977777778,7.133333333,7.544444444
345,8,6.888888889,7.022222222,7.133333333,7.544444444
346,8,6.9,7.033333333,7.133333333,7.544444444
347,8,6.9,7.033333333,7.133333333,7.555555556
348,8,6.9,7.033333333,7.133333333,7.533333333
349,8,6.9,7.033333333,7.133333333,7.522222222
350,8,6.9,7.011111111,7.133333333,7.522222222
351,8,6.9,7.011111111,7.133333333,7.544444444
352,8,6.9,7.011111111,7.133333333,7.544444444
353,8,6.9,7.022222222,7.133333333,7.533333333
354,8,6.9,7,7.133333333,7.533333333
355,8,6.9,7.055555556,7.155555556,7.544444444
356,8,6.9,7.055555556,7.155555556,7.544444444
357,8,6.9,7.044444444,7.188888889,7.555555556
358,8,6.9,7.033333333,7.188888889,7.555555556
359,8,6.9,7.033333333,7.2,7.555555556
360,8,6.9,7.033333333,7.2,7.555555556
361,8,6.9,7.044444444,7.2,7.555555556
362,8,6.9,7.044444444,7.2,7.555555556
363,8,6.9,7.044444444,7.2,7.544444444
364,8,6.911111111,7.044444444,7.2,7.555555556
365,8,6.911111111,7.044444444,7.2,7.555555556
366,8,6.922222222,7.044444444,7.2,7.555555556
367,8,6.944444444,7.044444444,7.211111111,7.555555556
368,8,6.911111111,7.066666667,7.211111111,7.555555556
369,8,6.922222222,7.066666667,7.211111111,7.566666667
370,8,6.922222222,7.066666667,7.211111111,7.566666667
371,8,6.922222222,7.066666667,7.211111111,7.566666667
372,8,6.922222222,7.077777778,7.211111111,7.566666667
373,8,6.922222222,7.077777778,7.211111111,7.566666667
374,8,6.944444444,7.111111111,7.211111111,7.566666667
375,8,6.944444444,7.111111111,7.211111111,7.566666667
376,8,6.944444444,7.122222222,7.211111111,7.544444444
377,8,6.944444444,7.122222222,7.211111111,7.544444444
378,8,6.944444444,7.122222222,7.2,7.544444444
379,8,6.955555556,7.122222222,7.2,7.544444444
380,8,6.955555556,7.111111111,7.2,7.544444444
381,8,6.955555556,7.111111111,7.2,7.544444444
382,8,6.955555556,7.122222222,7.2,7.544444444
383,8,6.955555556,7.122222222,7.2,7.544444444
384,8,6.955555556,7.122222222,7.211111111,7.544444444
385,8,6.955555556,7.133333333,7.222222222,7.566666667
386,8,6.955555556,7.122222222,7.222222222,7.566666667
387,8,6.955555556,7.122222222,7.222222222,7.577777778
388,8,6.955555556,7.133333333,7.222222222,7.577777778
389,8,6.955555556,7.133333333,7.222222222,7.588888889
390,8,6.955555556,7.133333333,7.233333333,7.588888889
391,8,6.955555556,7.133333333,7.233333333,7.588888889
392,8,6.955555556,7.133333333,7.233333333,7.588888889
393,8,6.955555556,7.122222222,7.233333333,7.6
394,8,6.955555556,7.133333333,7.233333333,7.6
395,8,6.955555556,7.133333333,7.233333333,7.611111111
396,8,6.955555556,7.144444444,7.233333333,7.611111111
397,8,6.955555556,7.144444444,7.233333333,7.611111111
398,8,6.955555556,7.144444444,7.233333333,7.611111111
399,8,6.955555556,7.133333333,7.233333333,7.622222222
400,8,6.955555556,7.133333333,7.244444444,7.622222222
401,8,6.966666667,7.133333333,7.244444444,7.633333333
402,8,6.966666667,7.133333333,7.244444444,7.633333333
403,8,6.966666667,7.122222222,7.244444444,7.633333333
404,8,6.966666667,7.122222222,7.233333333,7.633333333
405,8,6.966666667,7.122222222,7.233333333,7.633333333
406,8,6.966666667,7.122222222,7.233333333,7.633333333
407,8,6.966666667,7.122222222,7.233333333,7.633333333
408,8,6.966666667,7.144444444,7.233333333,7.622222222
409,8,6.966666667,7.144444444,7.233333333,7.622222222
410,8,6.977777778,7.177777778,7.233333333,7.622222222
411,8,6.977777778,7.177777778,7.233333333,7.622222222
412,8,6.977777778,7.177777778,7.233333333,7.622222222
413,8,6.977777778,7.177777778,7.233333333,7.611111111
414,8,6.977777778,7.188888889,7.233333333,7.644444444
415,8,6.977777778,7.188888889,7.233333333,7.644444444
416,8,6.977777778,7.211111111,7.233333333,7.644444444
417,8,6.977777778,7.211111111,7.233333333,7.644444444
418,8,6.977777778,7.211111111,7.233333333,7.644444444
419,8,6.977777778,7.211111111,7.222222222,7.644444444
420,8,6.977777778,7.2,7.222222222,7.655555556
421,8,6.977777778,7.211111111,7.233333333,7.655555556
422,8,6.977777778,7.211111111,7.233333333,7.644444444
423,8,6.977777778,7.211111111,7.244444444,7.644444444
424,8,6.977777778,7.211111111,7.244444444,7.644444444
425,8,6.977777778,7.211111111,7.244444444,7.644444444
426,8,6.944444444,7.2,7.244444444,7.666666667
427,8,6.944444444,7.2,7.244444444,7.666666667
428,8,6.944444444,7.188888889,7.244444444,7.666666667
429,8,6.988888889,7.188888889,7.244444444,7.666666667
430,8,6.988888889,7.188888889,7.244444444,7.666666667
431,8,6.988888889,7.188888889,7.244444444,7.644444444
432,8,6.988888889,7.188888889,7.244444444,7.633333333
433,8,6.955555556,7.211111111,7.244444444,7.633333333
434,8,6.955555556,7.211111111,7.244444444,7.644444444
435,8,6.955555556,7.211111111,7.244444444,7.644444444
436,8,6.955555556,7.211111111,7.244444444,7.644444444
437,8,6.966666667,7.177777778,7.244444444,7.644444444
438,8,6.966666667,7.177777778,7.244444444,7.644444444
439,8,6.966666667,7.188888889,7.244444444,7.644444444
440,8,6.966666667,7.133333333,7.244444444,7.644444444
441,8,6.966666667,7.144444444,7.244444444,7.644444444
442,8,6.966666667,7.144444444,7.244444444,7.644444444
443,8,6.966666667,7.166666667,7.244444444,7.633333333
444,8,6.966666667,7.166666667,7.244444444,7.633333333
445,8,6.966666667,7.166666667,7.244444444,7.633333333
446,8,6.966666667,7.188888889,7.244444444,7.633333333
447,8,6.977777778,7.177777778,7.244444444,7.622222222
448,8,6.977777778,7.177777778,7.255555556,7.633333333
449,8,6.977777778,7.211111111,7.255555556,7.633333333
450,8,6.977777778,7.211111111,7.266666667,7.633333333
451,8,6.977777778,7.211111111,7.266666667,7.633333333
452,8,6.977777778,7.211111111,7.266666667,7.633333333
453,8,6.977777778,7.211111111,7.266666667,7.633333333
454,8,6.977777778,7.211111111,7.266666667,7.611111111
455,8,6.977777778,7.222222222,7.288888889,7.611111111
456,8,6.977777778,7.222222222,7.288888889,7.611111111
457,8,6.977777778,7.233333333,7.288888889,7.622222222
458,8,6.977777778,7.233333333,7.288888889,7.622222222
459,8,6.977777778,7.211111111,7.288888889,7.566666667
460,8,6.977777778,7.211111111,7.288888889,7.566666667
461,8,6.977777778,7.2,7.288888889,7.566666667
462,8,6.977777778,7.2,7.288888889,7.566666667
463,8,6.977777778,7.188888889,7.288888889,7.566666667
464,8,6.977777778,7.188888889,7.288888889,7.555555556
465,8,6.977777778,7.177777778,7.288888889,7.566666667
466,8,6.977777778,7.177777778,7.288888889,7.566666667
467,8,6.988888889,7.177777778,7.288888889,7.566666667
468,8,6.988888889,7.188888889,7.288888889,7.566666667
469,8,6.988888889,7.188888889,7.288888889,7.566666667
470,8,6.988888889,7.188888889,7.288888889,7.566666667
471,8,6.988888889,7.2,7.288888889,7.566666667
472,8,6.988888889,7.2,7.288888889,7.566666667
473,8,7.011111111,7.211111111,7.288888889,7.566666667
474,8,7.011111111,7.222222222,7.288888889,7.577777778
475,8,7.011111111,7.222222222,7.288888889,7.588888889
476,8,7.011111111,7.222222222,7.288888889,7.588888889
477,8,7.011111111,7.222222222,7.3,7.588888889
478,8,7.011111111,7.222222222,7.3,7.588888889
479,8,7.011111111,7.222222222,7.3,7.633333333
480,8,7.011111111,7.222222222,7.3,7.633333333
481,8,7.011111111,7.222222222,7.3,7.633333333
482,8,7.011111111,7.222222222,7.3,7.622222222
483,8,7.011111111,7.222222222,7.3,7.622222222
484,8,7.011111111,7.222222222,7.3,7.622222222
485,8,7.011111111,7.222222222,7.311111111,7.622222222
486,8,7.011111111,7.222222222,7.311111111,7.622222222
487,8,7.011111111,7.222222222,7.322222222,7.622222222
488,8,7.011111111,7.211111111,7.322222222,7.622222222
489,8,7.011111111,7.211111111,7.322222222,7.622222222
490,8,7.022222222,7.211111111,7.322222222,7.622222222
491,8,7.022222222,7.211111111,7.322222222,7.611111111
492,8,7.022222222,7.211111111,7.322222222,7.611111111
493,8,7.022222222,7.2,7.322222222,7.611111111
494,8,7.033333333,7.2,7.322222222,7.611111111
495,8,7.022222222,7.188888889,7.322222222,7.611111111
496,8,7.022222222,7.188888889,7.322222222,7.611111111
497,8,7.033333333,7.188888889,7.322222222,7.611111111
498,8,7.033333333,7.211111111,7.4,7.611111111
499,8,7.066666667,7.211111111,7.366666667,7.611111111
500,8,7.066666667,7.211111111,7.366666667,7.611111111
501,8,7.066666667,7.2,7.377777778,7.6
502,8,7.066666667,7.211111111,7.4,7.6
503,8,7.077777778,7.233333333,7.4,7.611111111
504,8,7.077777778,7.233333333,7.422222222,7.611111111
505,8,7.066666667,7.233333333,7.422222222,7.611111111
506,8,7.066666667,7.233333333,7.422222222,7.611111111
507,8,7.066666667,7.233333333,7.422222222,7.622222222
508,8,7.066666667,7.255555556,7.422222222,7.622222222
509,8,7.055555556,7.255555556,7.422222222,7.622222222
510,8,7.055555556,7.255555556,7.422222222,7.622222222
511,8,7.055555556,7.255555556,7.422222222,7.622222222
512,8,7.055555556,7.255555556,7.422222222,7.633333333
513,8,7.055555556,7.266666667,7.422222222,7.633333333
514,8,7.055555556,7.266666667,7.422222222,7.633333333
515,8,7.077777778,7.266666667,7.422222222,7.633333333
516,8,7.077777778,7.277777778,7.422222222,7.633333333
517,8,7.077777778,7.3,7.422222222,7.633333333
518,8,7.077777778,7.3,7.444444444,7.655555556
519,8,7.077777778,7.322222222,7.422222222,7.666666667
520,8,7.088888889,7.322222222,7.4,7.655555556
521,8,7.1,7.333333333,7.355555556,7.655555556
522,8,7.1,7.333333333,7.4,7.655555556
523,8,7.1,7.333333333,7.4,7.655555556
524,8,7.1,7.333333333,7.4,7.677777778
525,8,7.111111111,7.333333333,7.4,7.677777778
526,8,7.111111111,7.344444444,7.4,7.677777778
527,8,7.111111111,7.355555556,7.4,7.677777778
528,8,7.111111111,7.355555556,7.4,7.677777778
529,8,7.111111111,7.355555556,7.4,7.677777778
530,8,7.111111111,7.355555556,7.4,7.677777778
531,8,7.111111111,7.355555556,7.4,7.677777778
532,8,7.111111111,7.355555556,7.4,7.677777778
533,8,7.111111111,7.355555556,7.4,7.655555556
534,8,7.111111111,7.355555556,7.4,7.655555556
535,8,7.111111111,7.355555556,7.4,7.655555556
536,8,7.111111111,7.355555556,7.422222222,7.7
537,8,7.111111111,7.344444444,7.422222222,7.7
538,8,7.111111111,7.344444444,7.422222222,7.7
539,8,7.111111111,7.344444444,7.422222222,7.7
540,8,7.111111111,7.344444444,7.422222222,7.7
541,8,7.111111111,7.344444444,7.444444444,7.7
542,8,7.111111111,7.344444444,7.444444444,7.7
543,8,7.111111111,7.344444444,7.444444444,7.7
544,8,7.111111111,7.344444444,7.455555556,7.7
545,8,7.111111111,7.344444444,7.466666667,7.7
546,8,7.111111111,7.344444444,7.477777778,7.7
547,8,7.111111111,7.344444444,7.5,7.7
548,8,7.111111111,7.344444444,7.5,7.7
549,8,7.111111111,7.344444444,7.488888889,7.711111111
550,8,7.111111111,7.344444444,7.5,7.711111111
551,8,7.111111111,7.344444444,7.5,7.711111111
552,8,7.111111111,7.344444444,7.5,7.711111111
553,8,7.111111111,7.355555556,7.5,7.7
554,8,7.122222222,7.355555556,7.488888889,7.688888889
555,8,7.122222222,7.355555556,7.488888889,7.688888889
556,8,7.122222222,7.355555556,7.488888889,7.688888889
557,8,7.122222222,7.355555556,7.488888889,7.688888889
558,8,7.122222222,7.355555556,7.5,7.688888889
559,8,7.122222222,7.355555556,7.5,7.7
560,8,7.122222222,7.355555556,7.5,7.7
561,8,7.122222222,7.366666667,7.5,7.711111111
562,8,7.133333333,7.366666667,7.5,7.711111111
563,8,7.155555556,7.366666667,7.5,7.711111111
564,8,7.155555556,7.366666667,7.5,7.711111111
565,8,7.155555556,7.366666667,7.5,7.711111111
566,8,7.155555556,7.366666667,7.5,7.711111111
567,8,7.155555556,7.366666667,7.5,7.711111111
568,8,7.155555556,7.366666667,7.5,7.711111111
569,8,7.155555556,7.366666667,7.5,7.7
570,8,7.155555556,7.366666667,7.5,7.7
571,8,7.155555556,7.366666667,7.5,7.7
572,8,7.155555556,7.366666667,7.5,7.7
573,8,7.155555556,7.366666667,7.5,7.7
574,8,7.155555556,7.366666667,7.5,7.7
575,8,7.155555556,7.377777778,7.5,7.7
576,8,7.155555556,7.377777778,7.5,7.688888889
577,8,7.155555556,7.4,7.5,7.688888889
578,8,7.155555556,7.4,7.5,7.688888889
579,8,7.144444444,7.4,7.5,7.688888889
580,8,7.144444444,7.4,7.5,7.688888889
581,8,7.144444444,7.4,7.5,7.677777778
582,8,7.155555556,7.4,7.5,7.677777778
583,8,7.155555556,7.4,7.5,7.677777778
584,8,7.155555556,7.4,7.5,7.677777778
585,8,7.155555556,7.4,7.5,7.677777778
586,8,7.155555556,7.4,7.5,7.677777778
587,8,7.144444444,7.4,7.5,7.677777778
588,8,7.144444444,7.4,7.5,7.677777778
589,8,7.155555556,7.4,7.5,7.677777778
590,8,7.155555556,7.4,7.5,7.666666667
591,8,7.155555556,7.4,7.5,7.666666667
592,8,7.155555556,7.411111111,7.5,7.666666667
593,8,7.2,7.411111111,7.488888889,7.666666667
594,8,7.2,7.411111111,7.488888889,7.666666667
595,8,7.2,7.411111111,7.488888889,7.666666667
596,8,7.2,7.411111111,7.488888889,7.666666667
597,8,7.211111111,7.411111111,7.488888889,7.666666667
598,8,7.233333333,7.411111111,7.488888889,7.666666667
599,8,7.233333333,7.411111111,7.488888889,7.666666667
600,8,7.233333333,7.411111111,7.488888889,7.666666667
601,8,7.233333333,7.422222222,7.488888889,7.655555556
602,8,7.233333333,7.422222222,7.488888889,7.655555556
603,8,7.244444444,7.422222222,7.488888889,7.666666667
604,8,7.244444444,7.422222222,7.488888889,7.666666667
605,8,7.244444444,7.422222222,7.488888889,7.7
606,8,7.244444444,7.422222222,7.488888889,7.7
607,8,7.244444444,7.422222222,7.488888889,7.7
608,8,7.233333333,7.422222222,7.488888889,7.7
609,8,7.233333333,7.422222222,7.488888889,7.7
610,8,7.233333333,7.422222222,7.488888889,7.7
611,8,7.211111111,7.422222222,7.488888889,7.7
612,8,7.211111111,7.422222222,7.488888889,7.7
613,8,7.211111111,7.422222222,7.488888889,7.7
614,8,7.211111111,7.422222222,7.488888889,7.7
615,8,7.211111111,7.422222222,7.488888889,7.7
616,8,7.211111111,7.422222222,7.5,7.7
617,8,7.211111111,7.422222222,7.5,7.7
618,8,7.211111111,7.422222222,7.5,7.7
619,8,7.211111111,7.422222222,7.5,7.7
620,8,7.211111111,7.422222222,7.466666667,7.7
621,8,7.177777778,7.422222222,7.544444444,7.7
622,8,7.222222222,7.422222222,7.544444444,7.7
623,8,7.211111111,7.422222222,7.544444444,7.7
624,8,7.2,7.422222222,7.544444444,7.7
625,8,7.2,7.422222222,7.544444444,7.655555556
626,8,7.2,7.422222222,7.544444444,7.655555556
627,8,7.211111111,7.422222222,7.544444444,7.655555556
628,8,7.211111111,7.422222222,7.544444444,7.655555556
629,8,7.211111111,7.422222222,7.544444444,7.655555556
630,8,7.211111111,7.422222222,7.544444444,7.655555556
631,8,7.211111111,7.422222222,7.544444444,7.655555556
632,8,7.211111111,7.422222222,7.544444444,7.655555556
633,8,7.211111111,7.422222222,7.544444444,7.677777778
634,8,7.2,7.422222222,7.544444444,7.677777778
635,8,7.211111111,7.422222222,7.544444444,7.677777778
636,8,7.211111111,7.422222222,7.544444444,7.677777778
637,8,7.211111111,7.422222222,7.544444444,7.677777778
638,8,7.211111111,7.422222222,7.544444444,7.677777778
639,8,7.211111111,7.422222222,7.544444444,7.677777778
640,8,7.211111111,7.422222222,7.522222222,7.7
641,8,7.211111111,7.422222222,7.522222222,7.7
642,8,7.188888889,7.422222222,7.511111111,7.7
643,8,7.188888889,7.422222222,7.522222222,7.711111111
644,8,7.188888889,7.422222222,7.522222222,7.711111111
645,8,7.2,7.422222222,7.522222222,7.711111111
646,8,7.2,7.422222222,7.522222222,7.711111111
647,8,7.2,7.422222222,7.522222222,7.722222222
648,8,7.2,7.422222222,7.522222222,7.722222222
649,8,7.2,7.422222222,7.522222222,7.722222222
650,8,7.2,7.422222222,7.522222222,7.744444444
651,8,7.2,7.422222222,7.522222222,7.744444444
652,8,7.2,7.422222222,7.522222222,7.744444444
653,8,7.2,7.422222222,7.522222222,7.744444444
654,8,7.2,7.422222222,7.522222222,7.722222222
655,8,7.2,7.422222222,7.522222222,7.722222222
656,8,7.211111111,7.422222222,7.522222222,7.722222222
657,8,7.211111111,7.422222222,7.522222222,7.722222222
658,8,7.211111111,7.422222222,7.511111111,7.722222222
659,8,7.211111111,7.422222222,7.511111111,7.722222222
660,8,7.211111111,7.422222222,7.511111111,7.722222222
661,8,7.211111111,7.422222222,7.488888889,7.722222222
662,8,7.211111111,7.422222222,7.488888889,7.711111111
663,8,7.211111111,7.422222222,7.488888889,7.711111111
664,8,7.211111111,7.422222222,7.488888889,7.711111111
665,8,7.211111111,7.422222222,7.511111111,7.722222222
666,8,7.222222222,7.422222222,7.511111111,7.733333333
667,8,7.222222222,7.422222222,7.5,7.733333333
668,8,7.233333333,7.422222222,7.477777778,7.733333333
669,8,7.233333333,7.422222222,7.477777778,7.733333333
670,8,7.244444444,7.422222222,7.477777778,7.733333333
671,8,7.244444444,7.422222222,7.477777778,7.744444444
672,8,7.244444444,7.422222222,7.477777778,7.744444444
673,8,7.244444444,7.422222222,7.477777778,7.733333333
674,8,7.244444444,7.422222222,7.477777778,7.733333333
675,8,7.244444444,7.422222222,7.477777778,7.733333333
676,8,7.244444444,7.422222222,7.477777778,7.733333333
677,8,7.244444444,7.422222222,7.477777778,7.733333333
678,8,7.244444444,7.422222222,7.477777778,7.722222222
679,8,7.244444444,7.422222222,7.488888889,7.722222222
680,8,7.244444444,7.422222222,7.488888889,7.722222222
681,8,7.244444444,7.444444444,7.488888889,7.722222222
682,8,7.244444444,7.444444444,7.477777778,7.722222222
683,8,7.244444444,7.444444444,7.477777778,7.722222222
684,8,7.244444444,7.444444444,7.511111111,7.722222222
685,8,7.244444444,7.444444444,7.477777778,7.722222222
686,8,7.244444444,7.444444444,7.477777778,7.722222222
687,8,7.244444444,7.444444444,7.488888889,7.722222222
688,8,7.244444444,7.433333333,7.488888889,7.722222222
689,8,7.255555556,7.433333333,7.488888889,7.711111111
690,8,7.255555556,7.433333333,7.488888889,7.711111111
691,8,7.255555556,7.433333333,7.488888889,7.711111111
692,8,7.244444444,7.422222222,7.511111111,7.711111111
693,8,7.244444444,7.422222222,7.5,7.711111111
694,8,7.255555556,7.422222222,7.5,7.711111111
695,8,7.255555556,7.422222222,7.511111111,7.711111111
696,8,7.244444444,7.422222222,7.511111111,7.711111111
697,8,7.255555556,7.422222222,7.5,7.711111111
698,8,7.244444444,7.422222222,7.5,7.711111111
699,8,7.255555556,7.422222222,7.5,7.733333333
700,8,7.266666667,7.422222222,7.5,7.733333333
701,8,7.277777778,7.422222222,7.5,7.733333333
702,8,7.277777778,7.422222222,7.5,7.733333333
703,8,7.277777778,7.433333333,7.5,7.733333333
704,8,7.277777778,7.455555556,7.5,7.733333333
705,8,7.277777778,7.455555556,7.5,7.733333333
706,8,7.277777778,7.455555556,7.5,7.733333333
707,8,7.288888889,7.455555556,7.5,7.733333333
708,8,7.288888889,7.455555556,7.5,7.733333333
709,8,7.288888889,7.455555556,7.5,7.733333333
710,8,7.311111111,7.466666667,7.5,7.733333333
711,8,7.311111111,7.466666667,7.5,7.733333333
712,8,7.311111111,7.466666667,7.5,7.733333333
713,8,7.311111111,7.466666667,7.5,7.733333333
714,8,7.311111111,7.455555556,7.5,7.733333333
715,8,7.311111111,7.455555556,7.5,7.733333333
716,8,7.311111111,7.455555556,7.5,7.733333333
717,8,7.311111111,7.433333333,7.488888889,7.733333333
718,8,7.311111111,7.433333333,7.488888889,7.733333333
719,8,7.311111111,7.444444444,7.488888889,7.733333333
720,8,7.311111111,7.444444444,7.488888889,7.733333333
721,8,7.311111111,7.444444444,7.488888889,7.733333333
722,8,7.311111111,7.444444444,7.488888889,7.733333333
723,8,7.311111111,7.444444444,7.488888889,7.733333333
724,8,7.311111111,7.488888889,7.488888889,7.733333333
725,8,7.311111111,7.488888889,7.488888889,7.733333333
726,8,7.311111111,7.488888889,7.488888889,7.744444444
727,8,7.311111111,7.5,7.488888889,7.744444444
728,8,7.311111111,7.511111111,7.488888889,7.744444444
729,8,7.311111111,7.5,7.488888889,7.744444444
730,8,7.311111111,7.5,7.488888889,7.744444444
731,8,7.311111111,7.5,7.488888889,7.744444444
732,8,7.311111111,7.5,7.5,7.744444444
733,8,7.311111111,7.5,7.5,7.744444444
734,8,7.333333333,7.511111111,7.5,7.744444444
735,8,7.333333333,7.511111111,7.5,7.744444444
736,8,7.344444444,7.511111111,7.5,7.755555556
737,8,7.344444444,7.511111111,7.5,7.755555556
738,8,7.344444444,7.511111111,7.511111111,7.755555556
739,8,7.344444444,7.511111111,7.511111111,7.755555556
740,8,7.344444444,7.511111111,7.511111111,7.755555556
741,8,7.344444444,7.511111111,7.511111111,7.755555556
742,8,7.344444444,7.533333333,7.511111111,7.755555556
743,8,7.344444444,7.533333333,7.511111111,7.766666667
744,8,7.344444444,7.511111111,7.511111111,7.766666667
745,8,7.344444444,7.511111111,7.511111111,7.766666667
746,8,7.344444444,7.511111111,7.511111111,7.766666667
747,8,7.344444444,7.511111111,7.511111111,7.766666667
748,8,7.344444444,7.511111111,7.511111111,7.766666667
749,8,7.344444444,7.511111111,7.511111111,7.766666667
750,8,7.344444444,7.511111111,7.511111111,7.766666667
751,8,7.344444444,7.511111111,7.511111111,7.766666667
752,8,7.344444444,7.533333333,7.511111111,7.766666667
753,8,7.344444444,7.555555556,7.511111111,7.766666667
754,8,7.344444444,7.555555556,7.511111111,7.766666667
755,8,7.344444444,7.555555556,7.522222222,7.766666667
756,8,7.344444444,7.555555556,7.522222222,7.755555556
757,8,7.355555556,7.544444444,7.522222222,7.755555556
758,8,7.355555556,7.544444444,7.522222222,7.755555556
759,8,7.355555556,7.544444444,7.522222222,7.755555556
760,8,7.355555556,7.544444444,7.522222222,7.755555556
761,8,7.355555556,7.555555556,7.511111111,7.755555556
762,8,7.355555556,7.555555556,7.511111111,7.755555556
763,8,7.366666667,7.555555556,7.522222222,7.755555556
764,8,7.366666667,7.555555556,7.522222222,7.755555556
765,8,7.366666667,7.566666667,7.511111111,7.744444444
766,8,7.366666667,7.566666667,7.511111111,7.744444444
767,8,7.366666667,7.566666667,7.511111111,7.744444444
768,8,7.366666667,7.566666667,7.511111111,7.744444444
769,8,7.366666667,7.566666667,7.511111111,7.755555556
770,8,7.366666667,7.566666667,7.511111111,7.755555556
771,8,7.366666667,7.566666667,7.511111111,7.755555556
772,8,7.366666667,7.544444444,7.511111111,7.755555556
773,8,7.366666667,7.544444444,7.511111111,7.755555556
774,8,7.366666667,7.544444444,7.511111111,7.755555556
775,8,7.377777778,7.544444444,7.533333333,7.755555556
776,8,7.4,7.544444444,7.533333333,7.755555556
777,8,7.4,7.544444444,7.533333333,7.766666667
778,8,7.4,7.544444444,7.533333333,7.766666667
779,8,7.4,7.544444444,7.533333333,7.766666667
780,8,7.4,7.544444444,7.533333333,7.766666667
781,8,7.4,7.544444444,7.533333333,7.766666667
782,8,7.4,7.544444444,7.533333333,7.766666667
783,8,7.4,7.544444444,7.533333333,7.766666667
784,8,7.4,7.544444444,7.533333333,7.766666667
785,8,7.4,7.544444444,7.533333333,7.766666667
786,8,7.4,7.544444444,7.533333333,7.766666667
787,8,7.4,7.533333333,7.533333333,7.766666667
788,8,7.4,7.522222222,7.533333333,7.766666667
789,8,7.4,7.522222222,7.533333333,7.766666667
790,8,7.4,7.522222222,7.533333333,7.766666667
791,8,7.4,7.511111111,7.533333333,7.766666667
792,8,7.4,7.511111111,7.533333333,7.766666667
793,8,7.4,7.544444444,7.533333333,7.766666667
794,8,7.4,7.544444444,7.533333333,7.766666667
795,8,7.4,7.544444444,7.533333333,7.777777778
796,8,7.4,7.544444444,7.533333333,7.788888889
797,8,7.4,7.544444444,7.533333333,7.788888889
798,8,7.4,7.555555556,7.533333333,7.788888889
799,8,7.4,7.555555556,7.533333333,7.788888889
800,8,7.4,7.533333333,7.533333333,7.777777778
801,8,7.4,7.533333333,7.533333333,7.777777778
802,8,7.4,7.533333333,7.533333333,7.777777778
803,8,7.4,7.533333333,7.533333333,7.777777778
804,8,7.4,7.533333333,7.533333333,7.777777778
805,8,7.4,7.533333333,7.533333333,7.777777778
806,8,7.4,7.533333333,7.533333333,7.777777778
807,8,7.4,7.533333333,7.533333333,7.777777778
808,8,7.4,7.533333333,7.533333333,7.777777778
809,8,7.4,7.533333333,7.533333333,7.777777778
810,8,7.4,7.533333333,7.533333333,7.777777778
811,8,7.4,7.533333333,7.533333333,7.777777778
812,8,7.388888889,7.544444444,7.533333333,7.777777778
813,8,7.388888889,7.555555556,7.533333333,7.777777778
814,8,7.377777778,7.566666667,7.533333333,7.777777778
815,8,7.377777778,7.566666667,7.533333333,7.777777778
816,8,7.377777778,7.566666667,7.533333333,7.811111111
817,8,7.377777778,7.566666667,7.533333333,7.811111111
818,8,7.388888889,7.566666667,7.533333333,7.811111111
819,8,7.4,7.566666667,7.533333333,7.811111111
820,8,7.4,7.566666667,7.533333333,7.811111111
821,7.966666667,7.4,7.588888889,7.533333333,7.811111111
822,7.966666667,7.388888889,7.588888889,7.533333333,7.811111111
823,7.966666667,7.377777778,7.588888889,7.533333333,7.811111111
824,7.966666667,7.388888889,7.588888889,7.544444444,7.811111111
825,7.966666667,7.388888889,7.588888889,7.544444444,7.8
826,7.966666667,7.388888889,7.588888889,7.544444444,7.788888889
827,7.966666667,7.4,7.588888889,7.544444444,7.788888889
828,7.966666667,7.4,7.588888889,7.544444444,7.788888889
829,7.966666667,7.388888889,7.588888889,7.544444444,7.788888889
830,7.966666667,7.388888889,7.588888889,7.544444444,7.8
831,7.966666667,7.4,7.588888889,7.544444444,7.8
832,7.966666667,7.4,7.588888889,7.544444444,7.8
833,7.966666667,7.4,7.588888889,7.555555556,7.8
834,7.966666667,7.4,7.588888889,7.555555556,7.8
835,7.966666667,7.4,7.588888889,7.555555556,7.8
836,7.966666667,7.388888889,7.588888889,7.555555556,7.8
837,7.966666667,7.388888889,7.588888889,7.555555556,7.8
838,7.966666667,7.388888889,7.588888889,7.555555556,7.8
839,8,7.4,7.588888889,7.555555556,7.788888889
840,8,7.4,7.588888889,7.555555556,7.788888889
841,8,7.4,7.588888889,7.555555556,7.8
842,8,7.4,7.588888889,7.555555556,7.8
843,8,7.4,7.588888889,7.555555556,7.8
844,8,7.4,7.588888889,7.555555556,7.788888889
845,8,7.411111111,7.588888889,7.555555556,7.788888889
846,8,7.411111111,7.588888889,7.555555556,7.8
847,8,7.411111111,7.588888889,7.555555556,7.8
848,8,7.422222222,7.588888889,7.555555556,7.8
849,8,7.411111111,7.588888889,7.555555556,7.8
850,8,7.422222222,7.577777778,7.555555556,7.8
851,8,7.433333333,7.577777778,7.555555556,7.8
852,8,7.433333333,7.577777778,7.555555556,7.8
853,8,7.433333333,7.577777778,7.555555556,7.8
854,8,7.433333333,7.577777778,7.555555556,7.8
855,8,7.433333333,7.588888889,7.555555556,7.8
856,8,7.433333333,7.588888889,7.555555556,7.8
857,8,7.433333333,7.588888889,7.555555556,7.8
858,8,7.433333333,7.588888889,7.555555556,7.8
859,8,7.433333333,7.577777778,7.555555556,7.8
860,8,7.411111111,7.577777778,7.555555556,7.8
861,8,7.411111111,7.577777778,7.555555556,7.8
862,8,7.411111111,7.577777778,7.555555556,7.8
863,8,7.444444444,7.577777778,7.555555556,7.788888889
864,8,7.444444444,7.577777778,7.555555556,7.788888889
865,8,7.444444444,7.588888889,7.555555556,7.788888889
866,8,7.411111111,7.588888889,7.555555556,7.788888889
867,8,7.422222222,7.588888889,7.555555556,7.788888889
868,8,7.422222222,7.588888889,7.555555556,7.788888889
869,8,7.422222222,7.588888889,7.555555556,7.788888889
870,8,7.444444444,7.588888889,7.555555556,7.788888889
871,8,7.455555556,7.588888889,7.555555556,7.788888889
872,8,7.455555556,7.588888889,7.555555556,7.788888889
873,8,7.433333333,7.566666667,7.555555556,7.788888889
874,8,7.444444444,7.566666667,7.555555556,7.811111111
875,8,7.444444444,7.566666667,7.555555556,7.822222222
876,8,7.444444444,7.566666667,7.555555556,7.822222222
877,8,7.444444444,7.566666667,7.555555556,7.822222222
878,8,7.444444444,7.555555556,7.555555556,7.822222222
879,8,7.444444444,7.555555556,7.555555556,7.822222222
880,8,7.444444444,7.555555556,7.555555556,7.822222222
881,8,7.444444444,7.555555556,7.555555556,7.822222222
882,8,7.444444444,7.555555556,7.555555556,7.822222222
883,8,7.444444444,7.555555556,7.555555556,7.822222222
884,8,7.444444444,7.555555556,7.555555556,7.822222222
885,8,7.455555556,7.533333333,7.555555556,7.833333333
886,8,7.455555556,7.533333333,7.555555556,7.833333333
887,8,7.455555556,7.533333333,7.555555556,7.833333333
888,8,7.455555556,7.533333333,7.555555556,7.833333333
889,8,7.455555556,7.533333333,7.555555556,7.833333333
890,8,7.455555556,7.533333333,7.555555556,7.833333333
891,8,7.455555556,7.533333333,7.555555556,7.833333333
892,8,7.455555556,7.533333333,7.555555556,7.844444444
893,8,7.455555556,7.533333333,7.555555556,7.833333333
894,8,7.455555556,7.533333333,7.555555556,7.811111111
895,8,7.455555556,7.533333333,7.555555556,7.811111111
896,8,7.455555556,7.533333333,7.555555556,7.811111111
897,8,7.455555556,7.533333333,7.555555556,7.811111111
898,8,7.466666667,7.533333333,7.555555556,7.811111111
899,8,7.466666667,7.533333333,7.555555556,7.811111111
900,8,7.466666667,7.544444444,7.566666667,7.811111111
901,8,7.466666667,7.544444444,7.566666667,7.811111111
902,8,7.466666667,7.544444444,7.566666667,7.811111111
903,8,7.466666667,7.544444444,7.566666667,7.811111111
904,8,7.477777778,7.555555556,7.566666667,7.811111111
905,8,7.488888889,7.555555556,7.566666667,7.811111111
906,8,7.488888889,7.555555556,7.577777778,7.811111111
907,8,7.488888889,7.555555556,7.577777778,7.811111111
908,8,7.488888889,7.555555556,7.577777778,7.811111111
909,8,7.5,7.555555556,7.588888889,7.811111111
910,8,7.5,7.555555556,7.588888889,7.811111111
911,8,7.5,7.555555556,7.588888889,7.811111111
912,8,7.5,7.555555556,7.588888889,7.811111111
913,8,7.5,7.555555556,7.588888889,7.811111111
914,8,7.5,7.555555556,7.588888889,7.822222222
915,8,7.5,7.566666667,7.588888889,7.822222222
916,8,7.5,7.577777778,7.588888889,7.822222222
917,8,7.5,7.577777778,7.588888889,7.822222222
918,8,7.5,7.577777778,7.588888889,7.822222222
919,8,7.5,7.577777778,7.588888889,7.822222222
920,8,7.5,7.577777778,7.588888889,7.811111111
921,8,7.5,7.577777778,7.588888889,7.811111111
922,8,7.5,7.588888889,7.588888889,7.811111111
923,8,7.511111111,7.588888889,7.588888889,7.811111111
924,8,7.511111111,7.588888889,7.6,7.811111111
925,8,7.533333333,7.588888889,7.588888889,7.811111111
926,8,7.533333333,7.588888889,7.588888889,7.811111111
927,8,7.533333333,7.577777778,7.588888889,7.811111111
928,8,7.533333333,7.577777778,7.588888889,7.811111111
929,8,7.533333333,7.577777778,7.6,7.811111111
930,8,7.533333333,7.577777778,7.6,7.811111111
931,8,7.544444444,7.577777778,7.6,7.811111111
932,8,7.544444444,7.577777778,7.6,7.811111111
933,8,7.544444444,7.577777778,7.6,7.811111111
934,8,7.544444444,7.577777778,7.6,7.811111111
935,8,7.544444444,7.588888889,7.6,7.811111111
936,8,7.544444444,7.588888889,7.6,7.811111111
937,8,7.544444444,7.588888889,7.6,7.811111111
938,8,7.544444444,7.588888889,7.6,7.811111111
939,8,7.544444444,7.588888889,7.6,7.811111111
940,8,7.544444444,7.588888889,7.6,7.811111111
941,8,7.544444444,7.6,7.6,7.811111111
942,8,7.544444444,7.6,7.6,7.811111111
943,8,7.544444444,7.6,7.6,7.811111111
944,8,7.544444444,7.6,7.6,7.811111111
945,8,7.544444444,7.6,7.6,7.811111111
946,8,7.544444444,7.6,7.6,7.811111111
947,8,7.544444444,7.6,7.6,7.811111111
948,8,7.544444444,7.611111111,7.6,7.811111111
949,8,7.544444444,7.611111111,7.6,7.811111111
950,8,7.544444444,7.611111111,7.6,7.811111111
951,8,7.544444444,7.611111111,7.6,7.811111111
952,8,7.544444444,7.611111111,7.6,7.811111111
953,8,7.544444444,7.611111111,7.6,7.811111111
954,8,7.544444444,7.611111111,7.6,7.811111111
955,8,7.544444444,7.611111111,7.6,7.811111111
956,8,7.544444444,7.611111111,7.6,7.811111111
957,8,7.544444444,7.611111111,7.6,7.811111111
958,8,7.544444444,7.611111111,7.6,7.811111111
959,8,7.544444444,7.611111111,7.6,7.811111111
960,8,7.544444444,7.611111111,7.6,7.811111111
961,8,7.544444444,7.611111111,7.6,7.811111111
962,8,7.544444444,7.611111111,7.6,7.811111111
963,8,7.544444444,7.611111111,7.6,7.811111111
964,8,7.544444444,7.611111111,7.622222222,7.811111111
965,8,7.544444444,7.611111111,7.622222222,7.811111111
966,8,7.544444444,7.611111111,7.622222222,7.811111111
967,8,7.544444444,7.611111111,7.611111111,7.811111111
968,8,7.544444444,7.611111111,7.611111111,7.811111111
969,8,7.544444444,7.611111111,7.611111111,7.811111111
970,8,7.555555556,7.611111111,7.611111111,7.811111111
971,8,7.555555556,7.622222222,7.611111111,7.811111111
972,8,7.555555556,7.622222222,7.611111111,7.811111111
973,8,7.555555556,7.622222222,7.611111111,7.811111111
974,8,7.555555556,7.622222222,7.611111111,7.811111111
975,8,7.555555556,7.622222222,7.611111111,7.811111111
976,8,7.555555556,7.633333333,7.611111111,7.811111111
977,8,7.555555556,7.622222222,7.611111111,7.811111111
978,8,7.555555556,7.622222222,7.611111111,7.811111111
979,8,7.555555556,7.633333333,7.611111111,7.811111111
980,8,7.555555556,7.633333333,7.611111111,7.811111111
981,8,7.555555556,7.633333333,7.633333333,7.811111111
982,8,7.555555556,7.633333333,7.633333333,7.811111111
983,8,7.555555556,7.633333333,7.633333333,7.811111111
984,8,7.555555556,7.633333333,7.633333333,7.811111111
985,8,7.555555556,7.633333333,7.633333333,7.811111111
986,8,7.555555556,7.644444444,7.633333333,7.811111111
987,8,7.555555556,7.644444444,7.633333333,7.811111111
988,8,7.555555556,7.644444444,7.633333333,7.811111111
989,8,7.555555556,7.644444444,7.633333333,7.811111111
990,8,7.555555556,7.644444444,7.633333333,7.811111111
991,8,7.555555556,7.644444444,7.633333333,7.811111111
992,8,7.555555556,7.644444444,7.633333333,7.811111111
993,8,7.555555556,7.644444444,7.633333333,7.811111111
994,8,7.555555556,7.644444444,7.633333333,7.811111111
995,8,7.555555556,7.644444444,7.633333333,7.811111111
996,8,7.555555556,7.644444444,7.633333333,7.811111111
997,8,7.555555556,7.644444444,7.633333333,7.811111111
998,8,7.555555556,7.644444444,7.633333333,7.811111111
999,8,7.555555556,7.644444444,7.633333333,7.811111111
1000,8,7.555555556,7.655555556,7.633333333,7.811111111
