"Figure 15. Mean number of vehicles on the complete set of 92 Schneider instances. External constructive results are taken from [11], while the RP results are from [9,10] and the VNS/TS results from [4].",Column_2,Column_3,Column_4,Column_5,Column_6,Column_7,Column_8,Column_9,Column_10,Column_11,Column_12,Column_13
,,,,,,,,,,,,
Method,Mean,Total,,,,,,,,,,
Avg. RP,9.113260869565218,838.4200000000001,,,,,,,,,,
Best Ensemble,7.978260869565218,734,,,,,,,,,,
Avg. Ensemble,8.500447569989133,782.0411764390002,,,,,,,,,,
PEGA-EV,8.847826086956522,814,,,,,,,,,,
EDD,9.728260869565217,895,,,,,,,,,,
NN (PEGA-EV),11.967391304347826,1101,,,,,,,,,,
RS,15.98913043478261,1471,,,,,,,,,,
VNS/TS,5.576086956521739,513,,,,,,,,,,
,,,,,,,,,,,,
,,,,,,,,,,,,
,,,,,,,,,,,,
,,,,,,,,,,,,
,,,,,,,,,,,,
,,,,,,,,,,,,
,,,,,,,,,,,,
,,,,,,,,,,,,
,,,,,,,,,,,,
,,,,,,,,,,,,
,,,,,,,,,,,,
Instance,Class,Subtype,Scale,Customers,Avg. RP,Best Ensemble,Avg. Ensemble,PEGA-EV,EDD,NN (PEGA-EV),RS,VNS/TS
c101C10,C,C1,Small,10,5.06,5,5.009803922,4,4,5,7,3
c101C5,C,C1,Small,5,3.54,3,3.021568627,3,3,3,3,2
c103C15,C,C1,Small,15,4.9,5,4.854901961,5,5,5,6,3
c103C5,C,C1,Small,5,1.7,2,1.990196078,2,2,2,2,1
c104C10,C,C1,Small,10,2.46,3,2.917647059,2,3,2,3,2
c106C15,C,C1,Small,15,4.18,3,3.97254902,4,5,5,5,3
c202C10,C,C2,Small,10,2.02,2,2.039215686,2,2,3,5,1
c202C15,C,C2,Small,15,3.38,2,2.929411765,3,3,4,4,2
c205C10,C,C2,Small,10,2.22,2,2.056862745,3,2,3,3,2
c206C5,C,C2,Small,5,1.54,1,1.129411765,1,2,1,3,1
c208C15,C,C2,Small,15,2.28,2,2.1,3,2,4,4,2
c208C5,C,C2,Small,5,1,1,1.02745098,1,1,1,2,1
r102C10,R,R1,Small,10,4.7,5,5.005882353,4,4,6,6,3
r102C15,R,R1,Small,15,6.96,7,7.119607843,8,6,8,8,4
r103C10,R,R1,Small,10,3.36,3,3.054901961,4,3,4,4,2
r104C5,R,R1,Small,5,2.18,2,2.02745098,2,2,2,3,2
r105C15,R,R1,Small,15,5.2,5,5.1,4,4,8,7,4
r105C5,R,R1,Small,5,3,3,2.998039216,2,2,4,3,2
r201C10,R,R2,Small,10,2.22,1,1.317647059,3,2,5,3,1
r202C15,R,R2,Small,15,2.48,3,2.605882353,3,3,4,4,2
r202C5,R,R2,Small,5,1.02,1,1.019607843,1,1,2,2,1
r203C10,R,R2,Small,10,1.24,1,1.021568627,1,1,2,1,1
r203C5,R,R2,Small,5,1.28,1,1.02745098,2,1,2,2,1
r209C15,R,R2,Small,15,2.14,2,2.023529412,2,2,3,3,1
rc102C10,RC,RC1,Small,10,5.06,5,5.115686275,5,5,6,6,4
rc103C15,RC,RC1,Small,15,5.28,5,5.150980392,7,6,7,6,4
rc105C5,RC,RC1,Small,5,3.44,3,3.190196078,4,3,4,4,2
rc108C10,RC,RC1,Small,10,3.62,3,3.282352941,4,4,4,4,3
rc108C15,RC,RC1,Small,15,4.58,4,4.150980392,4,5,4,4,3
rc108C5,RC,RC1,Small,5,2.78,3,3.005882353,2,2,2,3,1
rc201C10,RC,RC2,Small,10,2.18,2,2.054901961,3,2,6,4,1
rc202C15,RC,RC2,Small,15,2.76,2,2.158823529,3,3,5,5,2
rc204C15,RC,RC2,Small,15,2.04,2,2.021568627,2,2,3,3,1
rc204C5,RC,RC2,Small,5,1.28,1,1.001960784,1,2,2,1,1
rc205C10,RC,RC2,Small,10,2.94,2,2.119607843,3,3,5,3,2
rc208C5,RC,RC2,Small,5,1,1,1.001960784,1,1,2,2,1
c101_21,C,C1,Large (100 customers),100,18.2,16,17.41568627,15,18,27,40,12
c102_21,C,C1,Large (100 customers),100,18.5,15,16.51960784,16,18,29,33,11
c103_21,C,C1,Large (100 customers),100,18,14,15.87254902,17,18,25,27,10
c104_21,C,C1,Large (100 customers),100,16.58,14,14.94117647,15,18,17,24,10
c105_21,C,C1,Large (100 customers),100,16.7,16,16.54313725,15,16,23,38,11
c106_21,C,C1,Large (100 customers),100,18.08,15,16.25294118,15,18,21,36,11
c107_21,C,C1,Large (100 customers),100,16.42,14,15.34705882,15,14,22,35,11
c108_21,C,C1,Large (100 customers),100,15.82,14,14.96078431,14,15,19,29,10
c109_21,C,C1,Large (100 customers),100,13.66,12,13.40196078,13,17,17,25,10
c201_21,C,C2,Large (100 customers),100,7.18,6,7.901960784,6,7,16,29,4
c202_21,C,C2,Large (100 customers),100,6.76,5,6.52745098,7,7,14,23,4
c203_21,C,C2,Large (100 customers),100,7.6,8,7.882352941,7,7,11,20,4
c204_21,C,C2,Large (100 customers),100,5.88,4,5.380392157,6,8,9,12,4
c205_21,C,C2,Large (100 customers),100,5.68,5,5.880392157,4,7,11,19,4
c206_21,C,C2,Large (100 customers),100,5.54,4,4.921568627,5,7,10,17,4
c207_21,C,C2,Large (100 customers),100,6.34,5,5.625490196,6,7,10,14,4
c208_21,C,C2,Large (100 customers),100,5.14,4,4.733333333,5,5,9,15,4
r101_21,R,R1,Large (100 customers),100,30.96,26,28.81764706,29,29,42,44,18
r102_21,R,R1,Large (100 customers),100,28.24,25,25.71960784,28,25,36,43,16
r103_21,R,R1,Large (100 customers),100,22.4,19,21.2,23,25,31,36,13
r104_21,R,R1,Large (100 customers),100,19.7,18,18.72352941,18,22,22,27,11
r105_21,R,R1,Large (100 customers),100,25.36,24,25.44901961,23,24,32,38,14
r106_21,R,R1,Large (100 customers),100,23.98,23,22.71568627,24,24,27,37,13
r107_21,R,R1,Large (100 customers),100,20.18,19,18.65294118,21,24,26,33,12
r108_21,R,R1,Large (100 customers),100,17.64,17,17.39803922,19,20,19,26,11
r109_21,R,R1,Large (100 customers),100,19.6,18,19.52941176,20,21,23,31,12
r110_21,R,R1,Large (100 customers),100,17.78,17,17.43921569,18,20,21,28,11
r111_21,R,R1,Large (100 customers),100,18.22,17,17.75686275,19,22,22,27,12
r112_21,R,R1,Large (100 customers),100,15.78,15,15.93333333,18,20,17,23,11
r201_21,R,R2,Large (100 customers),100,6.34,4,4.92745098,7,6,14,19,3
r202_21,R,R2,Large (100 customers),100,6.28,4,4.480392157,6,8,13,17,3
r203_21,R,R2,Large (100 customers),100,5.4,4,4.425490196,5,7,11,16,3
r204_21,R,R2,Large (100 customers),100,4.52,3,3.519607843,4,7,8,12,2
r205_21,R,R2,Large (100 customers),100,4.72,3,3.674509804,4,5,9,12,3
r206_21,R,R2,Large (100 customers),100,4.72,4,3.739215686,4,7,8,13,3
r207_21,R,R2,Large (100 customers),100,3.94,3,3.276470588,4,7,7,11,2
r208_21,R,R2,Large (100 customers),100,3.86,3,3.137254902,4,5,6,10,2
r209_21,R,R2,Large (100 customers),100,4.52,3,3.61372549,4,6,7,10,3
r210_21,R,R2,Large (100 customers),100,4.92,4,3.982352941,5,6,7,12,3
r211_21,R,R2,Large (100 customers),100,3.64,3,3.21372549,3,5,5,8,2
rc101_21,RC,RC1,Large (100 customers),100,25.72,25,25.39411765,26,27,29,36,16
rc102_21,RC,RC1,Large (100 customers),100,24.7,24,22.84705882,23,25,29,35,15
rc103_21,RC,RC1,Large (100 customers),100,21.08,19,19.49803922,21,22,20,31,13
rc104_21,RC,RC1,Large (100 customers),100,18.44,17,17.42745098,19,20,19,25,11
rc105_21,RC,RC1,Large (100 customers),100,22.54,19,21.51960784,22,24,25,35,14
rc106_21,RC,RC1,Large (100 customers),100,21.04,19,19.91960784,21,23,22,32,13
rc107_21,RC,RC1,Large (100 customers),100,17.64,16,17.03333333,21,22,18,29,12
rc108_21,RC,RC1,Large (100 customers),100,16.98,16,16.70588235,17,21,17,23,11
rc201_21,RC,RC2,Large (100 customers),100,7.76,5,5.770588235,7,8,14,19,4
rc202_21,RC,RC2,Large (100 customers),100,7.16,5,5.517647059,6,8,14,20,3
rc203_21,RC,RC2,Large (100 customers),100,6.02,4,4.915686275,5,7,10,16,3
rc204_21,RC,RC2,Large (100 customers),100,5.32,4,4.231372549,6,6,11,12,3
rc205_21,RC,RC2,Large (100 customers),100,7.08,5,5.874509804,8,7,12,17,3
rc206_21,RC,RC2,Large (100 customers),100,5.64,4,4.468627451,4,6,8,15,3
rc207_21,RC,RC2,Large (100 customers),100,5.24,4,4.409803922,5,7,7,10,3
rc208_21,RC,RC2,Large (100 customers),100,4.26,3,3.449019608,4,7,5,9,3
,,,,Mean,9.113260869565218,7.978260869565218,8.500447569989133,8.847826086956522,9.728260869565217,11.967391304347826,15.98913043478261,5.576086956521739
,,,,Total,838.4200000000001,734,782.0411764390002,814,895,1101,1471,513
