"Figure 10 (left). Evolution of the structural complexity of the RPs generated by GP and MGA, measured in terms of average RP size. Results are averaged over 30 independent runs.",Column_2,Column_3,Column_4,Column_5,Column_6
,,,,,
Time_min,GP,S 5 5,S 20 20,V 5 5,V 20 20
1,27.56666667,22.74444444,21.14444444,16.83333333,18.42222222
2,24.5,28.92222222,16.06666667,23.15555556,16.61111111
3,25.93333333,27.07777778,13.75555556,12.36666667,17.27777778
4,34.4,20.33333333,15.91111111,12.03333333,16.76666667
5,31,21.15555556,18.04444444,14.63333333,17.8
6,29.63333333,26.26666667,17.87777778,10.81111111,17.01111111
7,36,26.27777778,19.36666667,11.98888889,16.8
8,37.4,22.33333333,18.47777778,14.3,16.91111111
9,37.56666667,23.55555556,19.3,15.71111111,16.37777778
10,36.56666667,26.58888889,17.88888889,15.03333333,15.75555556
11,34.8,24.48888889,16.28888889,16.65555556,15.54444444
12,36.83333333,24.56666667,16.05555556,15.05555556,18.98888889
13,40.26666667,25.55555556,14.26666667,15.34444444,18.84444444
14,38.36666667,25.88888889,14,15.9,18.53333333
15,38.2,24.92222222,14.16666667,15.74444444,20.01111111
16,40.1,25.88888889,14.16666667,16.7,21.56666667
17,40.53333333,25.61111111,15.03333333,16.62222222,21.56666667
18,42.06666667,26.16666667,14.91111111,15.35555556,22.31111111
19,42.3,26.08888889,14.63333333,17.25555556,23.1
20,41.7,26.65555556,15.74444444,17.5,22.74444444
21,42.13333333,26.71111111,15.22222222,17.61111111,24.08888889
22,42.56666667,26.31111111,15.58888889,16.8,22.96666667
23,41.5,27.45555556,15.61111111,16.54444444,21.56666667
24,41.73333333,26.23333333,15.86666667,16.41111111,21.44444444
25,41.06666667,26.42222222,16.78888889,16.6,23.96666667
26,41.8,25.55555556,15.87777778,17,24.05555556
27,43.9,25.64444444,16.22222222,17,24.13333333
28,44.06666667,26.48888889,17.08888889,18.15555556,22.62222222
29,45.4,26.61111111,15.74444444,18.87777778,24.24444444
30,45.4,25.75555556,15.33333333,19.52222222,24.92222222
31,44.73333333,24.5,15.17777778,17.86666667,24.17777778
32,46.16666667,24.8,14.55555556,18.05555556,24.86666667
33,46.63333333,26.46666667,14.42222222,17.18888889,23.18888889
34,46.5,26.33333333,15.33333333,17.03333333,24.27777778
35,46.66666667,26.55555556,13.98888889,17.96666667,26.78888889
36,47.46666667,25.91111111,15.61111111,16.96666667,24.26666667
37,46.5,25.86666667,16.25555556,17.16666667,24.46666667
38,47.23333333,26.04444444,16.31111111,17.37777778,25.62222222
39,46.7,26.24444444,17.3,18.61111111,24.71111111
40,46.6,26.72222222,16.45555556,18.63333333,24.63333333
41,47.26666667,25.91111111,15.45555556,17.67777778,25.92222222
42,47.06666667,25.36666667,15.71111111,17.73333333,25.95555556
43,47.36666667,25.75555556,16.51111111,18.74444444,27.88888889
44,46.4,25.92222222,16.46666667,18.77777778,28.08888889
45,46.83333333,26.21111111,15.3,18.97777778,27.01111111
46,45.73333333,26.17777778,16.58888889,19.05555556,27.55555556
47,48.23333333,25.94444444,16.71111111,19.33333333,27.92222222
48,47.6,25.86666667,16.86666667,19.52222222,26.01111111
49,47.46666667,26.27777778,17.01111111,19.56666667,24.6
50,47.76666667,25.68888889,17.15555556,19.6,24.25555556
51,47.33333333,25.66666667,16.35555556,18.98888889,25.45555556
52,47.56666667,25.73333333,17.81111111,19.28888889,22.88888889
53,46.86666667,25.54444444,18.4,19.6,22.06666667
54,46.96666667,25.61111111,16.41111111,19.81111111,21.48888889
55,46.76666667,25.61111111,18.21111111,19.9,21.6
56,46.1,25.57777778,20.5,19.73333333,21.61111111
57,46.53333333,25.6,19.24444444,20.28888889,21.95555556
58,46.86666667,25.54444444,20.24444444,20.35555556,24.01111111
59,46.73333333,25.56666667,19.95555556,20.36666667,23.65555556
60,46.4,25.58888889,19.8,20.17777778,23.92222222
61,46,25.65555556,22.23333333,20.22222222,24.48888889
62,47.23333333,25.63333333,22.7,20.37777778,24.08888889
63,47.5,26.35555556,23.57777778,20.3,25.35555556
64,47.8,25.75555556,22.92222222,20.45555556,25.18888889
65,50.66666667,25.76666667,21.44444444,20.51111111,25.6
66,49.83333333,25.77777778,21.41111111,20.57777778,24.61111111
67,49.66666667,25.85555556,20.82222222,20.26666667,24.38888889
68,51.26666667,25.72222222,21.17777778,20.45555556,23.96666667
69,51.43333333,25.9,21.06666667,20.74444444,22.63333333
70,51.46666667,25.87777778,19.27777778,20.94444444,21.91111111
71,51.1,25.84444444,19.42222222,20.68888889,22.27777778
72,51.33333333,25.64444444,19.4,21.24444444,22.41111111
73,50.73333333,25.76666667,21.34444444,20.94444444,22.44444444
74,50.56666667,25.81111111,21.63333333,21.06666667,23.08888889
75,50.53333333,25.91111111,21.21111111,21.27777778,24.74444444
76,51.76666667,25.96666667,21.37777778,21.22222222,24.24444444
77,51.16666667,25.8,21.26666667,21.31111111,23.98888889
78,51.53333333,25.86666667,21.08888889,21.43333333,24.1
79,51.23333333,25.94444444,21.21111111,21.22222222,24.03333333
80,51.46666667,26.05555556,21.63333333,21.44444444,24.78888889
81,50.96666667,26.07777778,21.98888889,21.43333333,25.86666667
82,51.03333333,25.96666667,22.16666667,21.66666667,25.75555556
83,50.86666667,26.04444444,20.84444444,21.45555556,25.44444444
84,51,25.97777778,19.65555556,21.74444444,25.73333333
85,51.56666667,26.02222222,19.2,21.33333333,25.93333333
86,51.6,26.04444444,18.98888889,21.66666667,26.4
87,51.7,26.2,19.31111111,21.44444444,26.08888889
88,51.73333333,25.65555556,19.55555556,21.42222222,25.08888889
89,51.56666667,25.74444444,19.37777778,21.52222222,25.15555556
90,51.03333333,25.94444444,19.86666667,21.56666667,25.27777778
91,50.73333333,25.97777778,20.1,21.64444444,25.46666667
92,53,25.94444444,20.62222222,21.53333333,25.86666667
93,53.56666667,25.96666667,20.33333333,21.35555556,26.04444444
94,52.93333333,25.98888889,19.12222222,21.48888889,26.27777778
95,52.96666667,26.04444444,19.27777778,21.64444444,25.32222222
96,52.66666667,25.91111111,19.46666667,21.71111111,26.45555556
97,52.7,25.94444444,19.57777778,21.64444444,26.2
98,53.13333333,26.22222222,19.32222222,21.64444444,26.58888889
99,53.6,26.25555556,19.45555556,21.71111111,25.58888889
100,53.8,26.31111111,19.76666667,21.9,25.68888889
101,54,26.18888889,20.11111111,22.14444444,25.38888889
102,53.63333333,26.18888889,19.44444444,22.02222222,23.66666667
103,53.33333333,26.16666667,19.38888889,22.11111111,23.54444444
104,53.4,26.13333333,18.94444444,22.18888889,23.52222222
105,53.06666667,26.07777778,18.95555556,22.1,23.82222222
106,52.8,26.12222222,18.77777778,22.01111111,24
107,52.73333333,26.13333333,18.76666667,22.01111111,24.4
108,52.73333333,26.27777778,18.81111111,22.48888889,24.21111111
109,52.83333333,26.1,19.06666667,22.83333333,24.17777778
110,52.83333333,26.08888889,19.06666667,23.43333333,24.15555556
111,52.66666667,26.23333333,19.54444444,23.18888889,24.2
112,53,26.46666667,19.55555556,23.27777778,24.38888889
113,52.9,26.61111111,19.82222222,23.3,24.26666667
114,53.3,26.75555556,20.25555556,23.31111111,24.51111111
115,53.36666667,26.73333333,20.76666667,23.35555556,24.33333333
116,53.46666667,26.62222222,20.84444444,23.53333333,24.42222222
117,54.9,26.62222222,20.75555556,23.4,24.36666667
118,55.1,26.71111111,20.7,23.17777778,24.45555556
119,55.36666667,26.73333333,20.6,23.28888889,24.66666667
120,55.5,26.71111111,20.67777778,23.52222222,24.37777778
121,55,27.03333333,20.94444444,23.71111111,24.95555556
122,54.76666667,26.98888889,20.31111111,23.63333333,25.98888889
123,55.03333333,27.07777778,20.13333333,23.52222222,25.34444444
124,55.03333333,26.95555556,20.01111111,23.75555556,25.53333333
125,55.23333333,27.08888889,20.25555556,23.75555556,26.2
126,55.3,27.04444444,20.63333333,23.56666667,25.43333333
127,55.6,27.03333333,21.25555556,23.63333333,25.38888889
128,55.66666667,27.06666667,21.24444444,24.21111111,25.8
129,55.53333333,26.8,20.65555556,24.31111111,26.22222222
130,55.66666667,26.88888889,20.6,23.76666667,26.21111111
131,55.56666667,27.15555556,20.76666667,24.02222222,26.56666667
132,55.2,27.08888889,20.87777778,24.45555556,26.67777778
133,54.96666667,26.72222222,20.87777778,24.35555556,26.2
134,55.43333333,26.66666667,20.85555556,24.33333333,26.34444444
135,55.46666667,26.63333333,20.78888889,24.22222222,27.02222222
136,55.2,26.57777778,20.45555556,24.28888889,25.73333333
137,55.36666667,27.05555556,20.58888889,24.23333333,25.78888889
138,55.16666667,27.06666667,20.82222222,24.35555556,25.9
139,55.5,27.04444444,21.11111111,24.4,25.3
140,55.8,27.04444444,21.11111111,24.11111111,25.33333333
141,55.8,26.83333333,21.08888889,24.14444444,25.37777778
142,55.73333333,26.86666667,21.15555556,24.3,25.44444444
143,55.66666667,26.86666667,21.67777778,24.14444444,25.65555556
144,55.66666667,26.74444444,21.2,24.07777778,25.6
145,55.16666667,26.75555556,20.97777778,24.15555556,25.92222222
146,55.3,26.7,21.11111111,24.07777778,26.13333333
147,55.1,26.67777778,21,24.21111111,26
148,55.03333333,26.71111111,20.8,24.25555556,25.94444444
149,54.9,26.58888889,20.72222222,24.24444444,26.01111111
150,54.9,26.57777778,21.53333333,24.24444444,26.01111111
151,55.2,26.7,21.81111111,24.45555556,26.53333333
152,55.23333333,26.67777778,22.01111111,24.52222222,26.54444444
153,55.2,26.76666667,22.03333333,24.7,26.76666667
154,55,26.64444444,21.64444444,24.51111111,26.98888889
155,55,26.63333333,21.54444444,24.32222222,26.98888889
156,55.06666667,26.81111111,21.54444444,24.36666667,27.7
157,55.43333333,26.84444444,21.73333333,24.41111111,27.78888889
158,55.4,26.45555556,21.66666667,24.34444444,28.12222222
159,55.33333333,26.31111111,21.66666667,24.41111111,28.07777778
160,55.26666667,26.48888889,21.51111111,24.43333333,27.38888889
161,55.16666667,26.34444444,21.63333333,24.45555556,27.51111111
162,55.03333333,26.18888889,21.52222222,24.46666667,27.53333333
163,55.3,26.16666667,21.74444444,24.44444444,26.76666667
164,55.3,26.25555556,21.63333333,24.44444444,26.33333333
165,55.16666667,26.54444444,21.82222222,24.44444444,26.3
166,55.03333333,26.38888889,21.84444444,24.56666667,26.46666667
167,55.03333333,26.54444444,22.13333333,24.45555556,26.41111111
168,55.2,26.34444444,21.93333333,24.66666667,26.46666667
169,55.1,26.27777778,21.98888889,24.38888889,26.91111111
170,55.56666667,26.31111111,21.95555556,24.38888889,26.95555556
171,55.56666667,26.34444444,22,24.6,27.08888889
172,55.66666667,26.27777778,21.97777778,24.62222222,27.31111111
173,55.56666667,26.56666667,21.97777778,24.33333333,27.04444444
174,56.5,26.57777778,21.88888889,24.5,27.52222222
175,57.6,26.47777778,21.94444444,24.5,27.52222222
176,57.4,26.47777778,22.08888889,24.36666667,27.41111111
177,57.6,26.43333333,22.23333333,24.41111111,27.43333333
178,57.53333333,26.41111111,22.31111111,24.4,27.41111111
179,57.83333333,26.53333333,22.16666667,24.26666667,27.43333333
180,57.46666667,26.56666667,21.93333333,24.35555556,27.36666667
181,57.36666667,26.65555556,21.93333333,24.38888889,27.35555556
182,57.23333333,26.8,21.9,24.41111111,28.57777778
183,57.13333333,26.88888889,21.8,24.43333333,28.77777778
184,57.06666667,26.6,21.83333333,24.51111111,28.62222222
185,57.66666667,26.61111111,21.83333333,24.53333333,28.37777778
186,57.63333333,26.47777778,21.7,24.54444444,28.15555556
187,57.3,26.43333333,21.7,24.56666667,27.76666667
188,57.23333333,26.47777778,21.57777778,24.56666667,27.72222222
189,57.53333333,26.47777778,21.68888889,24.56666667,27.93333333
190,57.53333333,26.56666667,21.68888889,24.55555556,27.9
191,57.8,26.61111111,21.91111111,24.8,27.91111111
192,57.73333333,26.7,21.91111111,24.77777778,28.05555556
193,57.73333333,26.73333333,21.93333333,24.57777778,28.02222222
194,57.73333333,26.82222222,21.95555556,24.57777778,27.77777778
195,57.46666667,26.82222222,21.95555556,24.64444444,27.74444444
196,57.46666667,26.82222222,21.98888889,24.7,27.64444444
197,57.63333333,26.84444444,22.07777778,24.68888889,27.72222222
198,57.96666667,26.72222222,22.1,24.66666667,28.01111111
199,57.86666667,26.74444444,22.14444444,24.81111111,28.02222222
200,57.96666667,26.75555556,22.12222222,24.81111111,28.21111111
201,58.1,26.75555556,22.22222222,24.8,28.22222222
202,58.36666667,26.78888889,22.27777778,24.92222222,28.24444444
203,58.16666667,26.83333333,22.68888889,24.98888889,28.12222222
204,58.16666667,26.72222222,22.53333333,24.93333333,28.24444444
205,58.1,26.72222222,22.45555556,25.01111111,28.13333333
206,57.96666667,26.74444444,22.42222222,24.88888889,28.23333333
207,58.56666667,26.76666667,22.51111111,24.9,28.45555556
208,58.86666667,26.75555556,22.58888889,24.9,28.48888889
209,58.73333333,26.76666667,22.58888889,24.9,28.52222222
210,58.73333333,26.76666667,22.7,24.85555556,28.43333333
211,59.46666667,26.75555556,22.76666667,24.85555556,27.88888889
212,59.4,26.73333333,22.62222222,24.87777778,27.88888889
213,59.4,26.62222222,22.47777778,24.9,27.94444444
214,59.2,26.64444444,22.54444444,24.9,27.75555556
215,58.8,26.53333333,22.78888889,24.9,27.34444444
216,59.26666667,26.52222222,22.8,24.88888889,27.34444444
217,59.26666667,26.55555556,22.75555556,24.87777778,27.43333333
218,58.96666667,26.52222222,22.83333333,24.94444444,28.1
219,59.3,26.52222222,22.81111111,25.02222222,28.13333333
220,59.23333333,26.86666667,22.81111111,25.02222222,28.13333333
221,59.1,26.9,22.92222222,25.04444444,28
222,59.1,26.82222222,23.05555556,25.06666667,27.94444444
223,59.63333333,26.82222222,23.1,25.06666667,28.24444444
224,59.56666667,26.82222222,23.08888889,25.06666667,28.4
225,59.36666667,26.64444444,22.95555556,25.08888889,28.11111111
226,59.16666667,26.68888889,22.98888889,25.11111111,28.17777778
227,59.36666667,26.73333333,23.1,25.13333333,28.24444444
228,59.5,26.66666667,23.08888889,25.14444444,28.16666667
229,59.83333333,26.7,23.27777778,25.15555556,28.08888889
230,59.76666667,27.05555556,23.18888889,25.34444444,28.07777778
231,59.5,27.07777778,23.15555556,25.23333333,28.07777778
232,59.43333333,27.13333333,23.12222222,26.57777778,27.98888889
233,59.36666667,26.78888889,22.74444444,26.57777778,28.21111111
234,59.26666667,26.75555556,22.7,26.66666667,28.12222222
235,58.86666667,27.12222222,22.66666667,26.66666667,28.01111111
236,58.86666667,27.14444444,22.61111111,26.44444444,27.96666667
237,58.93333333,27.1,22.6,25.58888889,28.03333333
238,59.26666667,27.11111111,22.72222222,25.65555556,28.05555556
239,59.53333333,27.13333333,22.86666667,25.67777778,28.15555556
240,59.3,27.13333333,23.02222222,25.7,28.01111111
241,59.2,27.13333333,22.91111111,26.55555556,27.84444444
242,59.2,27.23333333,22.94444444,25.72222222,27.98888889
243,59.33333333,27.28888889,23.12222222,25.74444444,28.06666667
244,59.56666667,27.26666667,23.17777778,25.72222222,28.24444444
245,59.83333333,27.26666667,23.1,25.72222222,28.24444444
246,60.1,27.28888889,23.07777778,25.81111111,28.26666667
247,60.16666667,27.26666667,22.96666667,25.83333333,28.35555556
248,60.1,27.28888889,22.93333333,25.88888889,28.36666667
249,59.83333333,27.37777778,22.94444444,25.88888889,28.56666667
250,59.63333333,27.37777778,23.27777778,25.95555556,28.47777778
251,59.56666667,27.35555556,23.15555556,25.94444444,28.5
252,59.56666667,27.36666667,23.22222222,25.87777778,28.54444444
253,59.9,27.47777778,22.98888889,25.7,28.54444444
254,59.63333333,27.47777778,22.97777778,25.67777778,28.65555556
255,59.5,27.4,23.2,25.76666667,28.57777778
256,59.36666667,27.46666667,23.23333333,25.72222222,28.71111111
257,59.06666667,27.44444444,23.04444444,25.78888889,28.6
258,59.33333333,27.4,23.14444444,25.78888889,28.67777778
259,59.5,27.48888889,23.13333333,25.78888889,28.6
260,59.43333333,27.45555556,23.1,25.76666667,28.57777778
261,59.7,27.34444444,23.12222222,25.75555556,28.73333333
262,59.76666667,27.37777778,23.11111111,25.75555556,28.83333333
263,59.13333333,27.44444444,23.06666667,25.86666667,29.05555556
264,59.13333333,27.46666667,23.06666667,25.86666667,28.95555556
265,59.33333333,27.38888889,23.08888889,25.74444444,29
266,59.46666667,27.38888889,22.77777778,25.74444444,28.37777778
267,59.6,27.37777778,22.88888889,25.72222222,28.37777778
268,60.3,27.36666667,23.04444444,25.62222222,28.44444444
269,60.23333333,27.38888889,23.05555556,25.66666667,28.52222222
270,60.23333333,27.4,22.92222222,25.66666667,28.52222222
271,60.16666667,27.37777778,22.9,25.68888889,28.52222222
272,60.16666667,27.37777778,22.95555556,25.83333333,28.61111111
273,60.1,27.37777778,22.94444444,26.01111111,28.93333333
274,60.3,27.41111111,22.74444444,26.01111111,28.95555556
275,60.63333333,27.42222222,23,26.02222222,29.07777778
276,60.43333333,27.47777778,22.94444444,26.02222222,28.97777778
277,60.43333333,27.47777778,23.1,26.02222222,28.96666667
278,60.23333333,27.47777778,23.27777778,26.07777778,29
279,60,27.48888889,23.17777778,26.04444444,28.92222222
280,60.43333333,27.56666667,23.41111111,26.06666667,28.92222222
281,60.36666667,27.57777778,23.41111111,26.08888889,28.88888889
282,60.36666667,27.57777778,23.44444444,26.16666667,28.82222222
283,60.5,27.57777778,23.15555556,26.27777778,28.78888889
284,60.36666667,27.66666667,23.15555556,26.25555556,29.38888889
285,60.23333333,27.68888889,22.88888889,26.25555556,29.55555556
286,60.6,27.68888889,22.88888889,26.25555556,29.55555556
287,60.6,27.68888889,22.88888889,26.24444444,29.55555556
288,60.43333333,27.68888889,22.82222222,26.55555556,29.4
289,60.36666667,27.68888889,22.84444444,26.27777778,29.5
290,60.3,27.74444444,22.88888889,26.23333333,29.31111111
291,60.3,27.74444444,22.76666667,26.34444444,29.56666667
292,60.56666667,27.65555556,22.81111111,26.35555556,29.56666667
293,60.36666667,27.71111111,22.91111111,26.17777778,29.51111111
294,60.6,27.77777778,22.96666667,26.2,29.37777778
295,60.53333333,27.75555556,23.11111111,26.35555556,29.38888889
296,60.46666667,27.73333333,22.93333333,26.27777778,29.4
297,60.46666667,27.75555556,22.96666667,26.28888889,29.51111111
298,60.46666667,27.82222222,22.94444444,26.54444444,29.17777778
299,60.4,27.82222222,22.84444444,26.4,29.33333333
300,60.4,27.56666667,22.93333333,26.42222222,29.22222222
301,60.33333333,27.56666667,22.86666667,26.35555556,29.25555556
302,60.4,27.57777778,22.97777778,26.33333333,29.37777778
303,60.6,27.62222222,23.13333333,26.33333333,29.38888889
304,60.6,27.62222222,23.34444444,26.34444444,29.17777778
305,60.6,27.62222222,23.34444444,26.36666667,29.15555556
306,60.53333333,27.78888889,23.26666667,26.38888889,29.27777778
307,61.16666667,27.78888889,23.27777778,26.38888889,29.3
308,61.1,27.75555556,23.22222222,26.43333333,29.32222222
309,61.1,27.73333333,23.22222222,26.41111111,29.34444444
310,61.5,27.81111111,23.28888889,26.41111111,29.33333333
311,61.43333333,27.76666667,23.18888889,26.42222222,29.33333333
312,61.2,27.76666667,23.08888889,26.44444444,29.78888889
313,61.26666667,27.74444444,23.08888889,26.4,29.78888889
314,61.26666667,27.74444444,23.13333333,26.38888889,29.78888889
315,61.46666667,27.74444444,23.37777778,26.4,29.78888889
316,62.06666667,27.74444444,23.37777778,26.4,29.74444444
317,62.06666667,27.74444444,23.18888889,26.4,29.75555556
318,62.06666667,27.74444444,23.06666667,26.36666667,29.83333333
319,62.03333333,27.74444444,23.05555556,26.41111111,30.15555556
320,61.96666667,27.76666667,23.03333333,26.47777778,30.17777778
321,62.03333333,27.76666667,23,26.42222222,30.16666667
322,62.03333333,27.81111111,23,26.42222222,30.33333333
323,62.16666667,27.81111111,23.1,26.42222222,30.21111111
324,62.36666667,27.83333333,23.12222222,26.42222222,30.16666667
325,62.16666667,27.83333333,23.13333333,26.42222222,30.18888889
326,62.23333333,27.84444444,23.18888889,26.42222222,30.18888889
327,62.23333333,27.84444444,23.57777778,26.42222222,30.27777778
328,62.23333333,27.83333333,23.67777778,26.45555556,30.1
329,62.23333333,27.85555556,23.66666667,26.45555556,30.1
330,62.1,27.85555556,23.66666667,26.45555556,30.1
331,61.96666667,27.97777778,23.64444444,26.45555556,30.07777778
332,62.36666667,28.02222222,23.74444444,26.52222222,30.07777778
333,62.53333333,28.04444444,23.68888889,26.52222222,30.07777778
334,62.4,28,23.68888889,26.58888889,30.1
335,62.43333333,28.02222222,23.65555556,26.57777778,30.1
336,62.56666667,28.06666667,23.65555556,26.57777778,30.1
337,62.5,28.08888889,23.64444444,26.57777778,30.1
338,62.43333333,28.16666667,23.81111111,26.57777778,30.1
339,62.46666667,28.18888889,23.83333333,26.57777778,30.07777778
340,62.4,28.18888889,23.75555556,26.64444444,30.1
341,62.6,28.18888889,23.76666667,26.64444444,29.85555556
342,62.56666667,28.2,23.75555556,26.68888889,29.85555556
343,62.63333333,28.17777778,23.85555556,26.7,29.82222222
344,62.63333333,28.21111111,23.83333333,26.7,29.85555556
345,62.76666667,28.23333333,23.84444444,26.62222222,29.88888889
346,62.66666667,28.25555556,23.87777778,26.51111111,29.98888889
347,62.53333333,28.27777778,23.87777778,26.57777778,30.08888889
348,62.53333333,28.27777778,23.95555556,26.45555556,30.05555556
349,62.86666667,28.28888889,23.65555556,26.43333333,30.14444444
350,62.93333333,28.28888889,23.61111111,26.43333333,30.14444444
351,62.9,28.35555556,23.61111111,26.54444444,30.11111111
352,62.7,28.26666667,23.61111111,26.55555556,30.08888889
353,62.76666667,28.2,23.6,26.55555556,30
354,62.76666667,28.2,23.65555556,26.55555556,30
355,62.76666667,28.22222222,23.71111111,26.73333333,29.93333333
356,62.76666667,28.22222222,23.72222222,26.68888889,30
357,62.7,28.22222222,23.66666667,26.81111111,30.06666667
358,62.7,28.22222222,23.72222222,26.81111111,30.08888889
359,62.7,28.24444444,23.72222222,26.93333333,30.1
360,62.7,28.24444444,23.72222222,26.93333333,29.98888889
361,62.7,28.22222222,23.84444444,26.93333333,29.97777778
362,62.7,28.24444444,23.84444444,26.93333333,29.95555556
363,62.63333333,28.27777778,23.83333333,26.93333333,30.07777778
364,62.63333333,28.3,23.83333333,26.93333333,30.1
365,62.56666667,28.27777778,23.81111111,26.98888889,30.21111111
366,62.5,28.3,23.85555556,27.03333333,30.22222222
367,62.5,28.31111111,23.92222222,27.07777778,30.16666667
368,62.5,28.2,24.02222222,27.07777778,30.05555556
369,62.5,28.24444444,24.02222222,27.07777778,30.12222222
370,62.43333333,28.26666667,24.06666667,27.07777778,30.12222222
371,62.36666667,28.28888889,24.06666667,26.98888889,30.3
372,62.36666667,28.31111111,24.21111111,27.1,30.34444444
373,62.36666667,28.31111111,24.21111111,27.06666667,30.47777778
374,62.43333333,28.34444444,24.33333333,27.05555556,30.42222222
375,62.43333333,28.34444444,24.31111111,27.01111111,30.4
376,62.43333333,28.34444444,24.35555556,27.05555556,30.35555556
377,62.43333333,28.32222222,24.4,27.12222222,30.33333333
378,62.43333333,28.34444444,24.4,27.07777778,30.47777778
379,62.53333333,28.43333333,24.34444444,27.1,30.47777778
380,62.66666667,28.43333333,24.32222222,27.1,30.47777778
381,62.66666667,28.5,24.33333333,27,30.47777778
382,62.66666667,28.38888889,24.41111111,27.06666667,30.47777778
383,62.66666667,28.38888889,24.41111111,27.17777778,30.5
384,62.66666667,28.41111111,24.41111111,27.2,30.54444444
385,63.13333333,28.43333333,24.44444444,27.23333333,30.64444444
386,62.93333333,28.43333333,24.43333333,27.25555556,30.53333333
387,62.53333333,28.38888889,24.43333333,27.25555556,30.55555556
388,62.53333333,28.38888889,24.45555556,27.25555556,30.64444444
389,62.53333333,28.38888889,24.54444444,27.21111111,30.8
390,62.6,28.42222222,24.53333333,27.23333333,30.8
391,62.8,28.42222222,24.57777778,27.23333333,30.8
392,62.8,28.42222222,24.57777778,27.23333333,30.84444444
393,62.6,28.42222222,24.52222222,27.23333333,31.03333333
394,62.6,28.42222222,24.65555556,27.23333333,31.05555556
395,62.6,28.4,24.65555556,27.23333333,30.94444444
396,62.46666667,28.4,24.67777778,27.23333333,30.98888889
397,62.46666667,28.45555556,24.67777778,27.26666667,30.86666667
398,62.4,28.45555556,24.67777778,27.24444444,30.86666667
399,62.4,28.45555556,24.56666667,27.24444444,30.86666667
400,62.56666667,28.45555556,24.58888889,27.21111111,30.68888889
401,62.43333333,28.47777778,24.58888889,27.24444444,30.7
402,62.4,28.5,24.58888889,27.35555556,30.72222222
403,62.4,28.5,24.68888889,27.35555556,30.7
404,62.4,28.47777778,24.71111111,27.32222222,30.7
405,62.66666667,28.48888889,24.71111111,27.33333333,30.7
406,62.6,28.51111111,24.66666667,27.33333333,30.73333333
407,62.6,28.5,24.67777778,27.35555556,30.78888889
408,62.6,28.5,24.73333333,27.37777778,30.83333333
409,62.6,28.5,24.73333333,27.37777778,30.77777778
410,62.76666667,28.52222222,24.96666667,27.37777778,30.72222222
411,62.76666667,28.58888889,24.96666667,27.37777778,30.72222222
412,62.9,28.56666667,24.9,27.37777778,30.74444444
413,62.9,28.56666667,24.9,27.42222222,30.76666667
414,62.9,28.58888889,24.91111111,27.38888889,30.91111111
415,62.9,28.58888889,24.93333333,27.45555556,30.91111111
416,63.03333333,28.58888889,24.94444444,27.45555556,30.91111111
417,63.03333333,28.58888889,24.92222222,27.45555556,30.98888889
418,63.03333333,28.58888889,24.9,27.45555556,31.06666667
419,63.03333333,28.58888889,24.91111111,27.41111111,31.11111111
420,63.03333333,28.58888889,24.88888889,27.41111111,31.37777778
421,63.1,28.58888889,25.02222222,27.43333333,31.37777778
422,63.1,28.6,24.97777778,27.4,31.34444444
423,63.1,28.57777778,24.97777778,27.48888889,31.3
424,63.03333333,28.57777778,24.97777778,27.48888889,31.3
425,63.03333333,28.6,25.1,27.48888889,31.38888889
426,63.03333333,28.56666667,25.18888889,27.51111111,31.37777778
427,63.16666667,28.56666667,25.03333333,27.51111111,31.37777778
428,63.16666667,28.56666667,25,27.53333333,31.37777778
429,63.16666667,28.65555556,25,27.55555556,31.32222222
430,63.16666667,28.65555556,25,27.55555556,31.32222222
431,63.16666667,28.65555556,25.04444444,27.58888889,31.36666667
432,63.23333333,28.65555556,25.04444444,27.58888889,31.35555556
433,63.23333333,28.57777778,25.12222222,27.56666667,31.37777778
434,63.23333333,28.57777778,25.12222222,27.54444444,31.52222222
435,63.1,28.57777778,25.12222222,27.55555556,31.52222222
436,63.1,28.57777778,25.12222222,27.51111111,31.52222222
437,63.1,28.64444444,25.08888889,27.51111111,31.48888889
438,63.1,28.64444444,25.08888889,27.51111111,31.46666667
439,63.9,28.66666667,25.24444444,27.5,31.47777778
440,63.83333333,28.68888889,25.08888889,27.47777778,31.51111111
441,63.83333333,28.68888889,25.11111111,27.51111111,31.51111111
442,63.56666667,28.7,25.04444444,27.53333333,31.53333333
443,63.56666667,28.7,25.05555556,27.53333333,31.53333333
444,63.83333333,28.72222222,25.05555556,27.53333333,31.6
445,63.7,28.72222222,25.03333333,27.53333333,31.57777778
446,63.7,28.7,25.1,27.53333333,31.61111111
447,63.7,28.72222222,25.1,27.55555556,31.57777778
448,63.7,28.72222222,25.1,27.55555556,31.61111111
449,63.96666667,28.72222222,25.12222222,27.55555556,31.61111111
450,63.83333333,28.74444444,25.1,27.55555556,31.61111111
451,63.83333333,28.74444444,25.12222222,27.55555556,31.56666667
452,63.76666667,28.74444444,25.12222222,27.55555556,31.6
453,64.16666667,28.74444444,25.17777778,27.55555556,31.73333333
454,64.16666667,28.71111111,25.17777778,27.57777778,31.72222222
455,64.5,28.71111111,25.27777778,27.64444444,31.74444444
456,64.56666667,28.74444444,25.27777778,27.64444444,31.74444444
457,64.23333333,28.74444444,25.36666667,27.68888889,31.78888889
458,64.23333333,28.64444444,25.38888889,27.68888889,31.78888889
459,64.1,28.64444444,25.48888889,27.68888889,31.64444444
460,64.03333333,28.64444444,25.47777778,27.68888889,31.6
461,63.96666667,28.68888889,25.45555556,27.68888889,31.52222222
462,63.96666667,28.68888889,25.43333333,27.66666667,31.53333333
463,64.1,28.68888889,25.41111111,27.6,31.65555556
464,64.03333333,28.68888889,25.41111111,27.6,31.58888889
465,63.9,28.66666667,25.28888889,27.6,31.57777778
466,63.83333333,28.66666667,25.28888889,27.6,31.57777778
467,63.83333333,28.64444444,25.28888889,27.6,31.57777778
468,63.83333333,28.64444444,25.53333333,27.6,31.52222222
469,63.83333333,28.64444444,25.47777778,27.6,31.53333333
470,63.96666667,28.62222222,25.47777778,27.6,31.53333333
471,64.23333333,28.62222222,25.52222222,27.62222222,31.53333333
472,64.3,28.61111111,25.53333333,27.62222222,31.52222222
473,64.5,28.78888889,25.31111111,27.6,31.54444444
474,65.1,28.84444444,25.4,27.57777778,31.52222222
475,65.03333333,28.84444444,25.37777778,27.57777778,31.54444444
476,64.9,28.84444444,25.35555556,27.57777778,31.6
477,64.83333333,28.84444444,25.33333333,27.8,31.55555556
478,64.83333333,28.84444444,25.33333333,27.82222222,31.56666667
479,64.63333333,28.86666667,25.33333333,27.8,31.71111111
480,64.56666667,28.86666667,25.35555556,27.82222222,31.72222222
481,64.5,28.86666667,25.35555556,27.82222222,31.72222222
482,64.36666667,28.84444444,25.35555556,27.82222222,31.72222222
483,64.36666667,28.83333333,25.44444444,27.82222222,31.74444444
484,64.36666667,28.83333333,25.48888889,27.82222222,31.72222222
485,64.43333333,28.83333333,25.48888889,27.83333333,31.75555556
486,64.36666667,28.83333333,25.55555556,27.85555556,31.75555556
487,64.5,28.86666667,25.57777778,27.94444444,31.75555556
488,64.5,28.86666667,25.51111111,27.94444444,31.73333333
489,64.7,28.84444444,25.51111111,27.94444444,31.71111111
490,64.7,28.91111111,25.51111111,27.96666667,31.68888889
491,65.03333333,28.88888889,25.53333333,27.96666667,31.8
492,65.03333333,28.88888889,25.53333333,27.96666667,31.76666667
493,65.03333333,28.95555556,25.57777778,27.96666667,31.76666667
494,65.03333333,28.97777778,25.57777778,28.06666667,31.76666667
495,64.63333333,28.95555556,25.53333333,28.06666667,31.76666667
496,64.63333333,28.98888889,25.53333333,28.11111111,31.77777778
497,64.63333333,29.01111111,25.52222222,28.11111111,31.77777778
498,64.56666667,29.01111111,25.56666667,28.4,31.84444444
499,64.56666667,29.13333333,25.56666667,28.16666667,31.77777778
500,64.76666667,29.13333333,25.56666667,28.2,31.75555556
501,64.76666667,29.22222222,25.54444444,28.22222222,31.77777778
502,64.43333333,29.08888889,25.56666667,28.32222222,31.75555556
503,64.43333333,29.11111111,25.6,28.3,31.93333333
504,64.43333333,29.08888889,25.61111111,28.33333333,31.93333333
505,64.36666667,29.31111111,25.61111111,28.33333333,32.12222222
506,64.36666667,29.35555556,25.7,28.35555556,32.12222222
507,64.5,29.35555556,25.7,28.37777778,32.07777778
508,64.5,29.37777778,25.74444444,28.37777778,32.01111111
509,64.5,29.35555556,25.76666667,28.4,32.04444444
510,64.63333333,29.31111111,25.76666667,28.41111111,32.07777778
511,64.9,29.31111111,25.7,28.41111111,32.12222222
512,65.16666667,29.31111111,25.7,28.41111111,32.08888889
513,64.96666667,29.3,25.72222222,28.47777778,32.2
514,64.96666667,29.32222222,25.72222222,28.47777778,32.24444444
515,64.96666667,29.41111111,25.72222222,28.47777778,32.3
516,64.96666667,29.41111111,25.83333333,28.43333333,32.32222222
517,65,29.41111111,25.98888889,28.44444444,32.36666667
518,64.86666667,29.41111111,25.98888889,28.5,32.34444444
519,64.8,29.41111111,25.97777778,28.42222222,32.3
520,64.8,29.42222222,25.95555556,28.35555556,32.27777778
521,64.73333333,29.48888889,25.97777778,28.25555556,32.27777778
522,64.73333333,29.48888889,25.93333333,28.35555556,32.33333333
523,64.66666667,29.48888889,25.93333333,28.36666667,32.33333333
524,64.8,29.63333333,25.93333333,28.36666667,32.5
525,64.73333333,29.74444444,25.95555556,28.34444444,32.52222222
526,64.66666667,29.74444444,25.97777778,28.38888889,32.52222222
527,64.66666667,29.74444444,26.03333333,28.41111111,32.52222222
528,64.66666667,29.74444444,26.03333333,28.41111111,32.51111111
529,64.73333333,29.74444444,26.03333333,28.46666667,32.53333333
530,65,29.74444444,26.12222222,28.46666667,32.54444444
531,65.23333333,29.74444444,26.11111111,28.44444444,32.54444444
532,65.03333333,29.78888889,26.11111111,28.44444444,32.55555556
533,65.16666667,29.81111111,26.11111111,28.33333333,32.48888889
534,65.16666667,29.81111111,26.08888889,28.33333333,32.48888889
535,65.16666667,29.83333333,26.42222222,28.35555556,32.51111111
536,65.56666667,29.83333333,26.42222222,28.45555556,32.47777778
537,65.5,29.81111111,26.37777778,28.5,32.42222222
538,65.53333333,29.81111111,26.35555556,28.5,32.42222222
539,65.46666667,29.81111111,26.62222222,28.5,32.44444444
540,65.8,29.81111111,26.62222222,28.51111111,32.44444444
541,65.56666667,29.83333333,26.33333333,28.5,32.44444444
542,65.56666667,29.83333333,26.33333333,28.54444444,32.44444444
543,65.43333333,29.83333333,26.42222222,28.54444444,32.5
544,65.23333333,29.83333333,26.34444444,28.56666667,32.68888889
545,65.1,29.83333333,26.5,28.62222222,32.68888889
546,65.1,29.81111111,26.45555556,28.8,32.68888889
547,65.1,29.81111111,26.45555556,28.86666667,32.68888889
548,65.16666667,29.83333333,26.45555556,28.86666667,32.66666667
549,65.03333333,29.83333333,26.52222222,28.82222222,32.68888889
550,65.23333333,29.83333333,26.52222222,28.9,32.71111111
551,65.43333333,29.83333333,26.52222222,28.84444444,32.88888889
552,65.63333333,29.83333333,26.54444444,28.88888889,32.88888889
553,65.7,29.83333333,26.61111111,28.92222222,32.88888889
554,65.7,29.85555556,26.44444444,28.85555556,32.82222222
555,65.7,29.85555556,26.33333333,28.85555556,32.8
556,65.7,29.85555556,26.33333333,28.83333333,32.75555556
557,65.83333333,29.85555556,26.42222222,28.83333333,32.8
558,65.9,29.84444444,26.42222222,28.83333333,32.84444444
559,65.7,29.84444444,26.42222222,28.85555556,32.87777778
560,65.56666667,29.85555556,26.42222222,28.85555556,32.87777778
561,65.56666667,29.85555556,26.45555556,28.75555556,32.74444444
562,65.5,29.86666667,26.78888889,28.75555556,32.74444444
563,65.43333333,29.93333333,26.78888889,28.74444444,32.81111111
564,65.43333333,29.95555556,26.78888889,28.74444444,32.8
565,65.96666667,29.96666667,26.78888889,28.74444444,32.8
566,65.96666667,29.96666667,26.78888889,28.72222222,32.8
567,65.76666667,29.96666667,26.78888889,28.75555556,32.8
568,65.63333333,29.96666667,26.78888889,28.75555556,32.8
569,65.56666667,29.98888889,26.78888889,28.75555556,32.7
570,65.36666667,30.01111111,26.76666667,28.75555556,32.7
571,65.36666667,30.01111111,26.78888889,28.75555556,32.7
572,65.36666667,30.01111111,26.78888889,28.75555556,32.72222222
573,65.3,30.01111111,26.78888889,28.75555556,32.74444444
574,64.96666667,30.01111111,26.78888889,28.75555556,32.74444444
575,64.9,30.03333333,26.85555556,28.75555556,32.7
576,64.9,30.03333333,26.92222222,28.75555556,32.51111111
577,64.76666667,30.03333333,26.98888889,28.77777778,32.57777778
578,64.76666667,30.03333333,26.98888889,28.75555556,32.63333333
579,64.76666667,30.05555556,26.98888889,28.8,32.63333333
580,64.76666667,30.05555556,26.93333333,28.84444444,32.63333333
581,64.96666667,30.04444444,26.95555556,28.88888889,32.66666667
582,65.23333333,30.01111111,26.94444444,28.88888889,32.67777778
583,65.36666667,30.01111111,27.1,28.88888889,32.71111111
584,65.3,29.98888889,27.1,28.87777778,32.72222222
585,65.3,29.98888889,27.12222222,28.81111111,32.72222222
586,65.3,29.98888889,27.15555556,28.81111111,32.72222222
587,65.43333333,29.96666667,27.21111111,28.83333333,32.72222222
588,65.43333333,29.98888889,27.18888889,28.83333333,32.72222222
589,65.43333333,30.03333333,27.25555556,28.85555556,32.74444444
590,65.43333333,30.03333333,27.25555556,28.85555556,32.9
591,65.83333333,30.04444444,27.26666667,28.81111111,32.85555556
592,65.83333333,30.11111111,27.28888889,28.81111111,32.85555556
593,65.83333333,30.13333333,27.34444444,28.76666667,33.03333333
594,65.83333333,30.13333333,27.34444444,28.76666667,33.03333333
595,65.76666667,30.13333333,27.4,28.76666667,33.03333333
596,65.76666667,30.11111111,27.4,28.76666667,33
597,65.76666667,30.15555556,27.38888889,28.74444444,33.15555556
598,65.83333333,30.28888889,27.38888889,28.74444444,33.15555556
599,66.23333333,30.28888889,27.38888889,28.74444444,33.15555556
600,66.16666667,30.38888889,27.46666667,28.83333333,33.27777778
601,66.53333333,30.46666667,27.36666667,28.83333333,33.33333333
602,66.46666667,30.36666667,27.36666667,28.83333333,33.45555556
603,66.46666667,30.47777778,27.36666667,28.83333333,33.5
604,66.66666667,30.32222222,27.36666667,28.92222222,33.52222222
605,66.66666667,30.32222222,27.36666667,28.9,33.54444444
606,66.73333333,30.26666667,27.36666667,28.9,33.5
607,66.73333333,30.26666667,27.38888889,28.92222222,33.53333333
608,66.86666667,30.12222222,27.4,28.92222222,33.53333333
609,66.86666667,30.12222222,27.4,28.92222222,33.53333333
610,66.86666667,30.12222222,27.37777778,28.92222222,33.57777778
611,66.73333333,30.22222222,27.37777778,28.92222222,33.56666667
612,66.86666667,30.25555556,27.47777778,28.92222222,33.56666667
613,66.86666667,30.25555556,27.47777778,28.96666667,33.62222222
614,66.8,30.23333333,27.5,28.96666667,33.47777778
615,66.86666667,30.23333333,27.48888889,29.05555556,33.47777778
616,66.7,30.23333333,27.48888889,29.07777778,33.47777778
617,66.7,30.24444444,27.47777778,29.07777778,33.5
618,66.63333333,30.2,27.47777778,29.03333333,33.61111111
619,66.63333333,30.22222222,27.47777778,29.03333333,33.61111111
620,66.63333333,30.22222222,27.47777778,28.85555556,33.52222222
621,66.63333333,30.16666667,27.47777778,29.17777778,33.53333333
622,66.63333333,30.26666667,27.46666667,29.17777778,33.43333333
623,66.56666667,30.23333333,27.46666667,28.98888889,33.47777778
624,66.66666667,30.33333333,27.46666667,29.01111111,33.47777778
625,66.6,30.25555556,27.5,29.01111111,33.31111111
626,66.8,30.25555556,27.5,29.01111111,33.31111111
627,66.8,30.2,27.5,29.01111111,33.31111111
628,66.83333333,30.2,27.53333333,29.03333333,33.52222222
629,67.06666667,30.22222222,27.61111111,29.1,33.51111111
630,67.2,30.22222222,27.61111111,29.1,33.51111111
631,67.2,30.25555556,27.61111111,29.1,33.53333333
632,67.4,30.37777778,27.61111111,29.1,33.38888889
633,67.33333333,30.37777778,27.61111111,29.13333333,33.52222222
634,67.2,30.31111111,27.61111111,29.13333333,33.56666667
635,67.13333333,30.33333333,27.61111111,29.13333333,33.54444444
636,67,30.35555556,27.52222222,29.15555556,33.54444444
637,67.06666667,30.35555556,27.45555556,29.15555556,33.56666667
638,66.86666667,30.33333333,27.44444444,29.15555556,33.56666667
639,67.06666667,30.33333333,27.44444444,29.17777778,33.54444444
640,67.13333333,30.33333333,27.53333333,29.08888889,33.8
641,66.93333333,30.31111111,27.53333333,29.08888889,33.82222222
642,67,30.26666667,27.53333333,29.06666667,33.88888889
643,66.66666667,30.2,27.47777778,29.12222222,33.98888889
644,66.66666667,30.2,27.47777778,29.12222222,34.03333333
645,66.6,30.26666667,27.47777778,29.12222222,34.04444444
646,66.46666667,30.28888889,27.47777778,29.07777778,34.06666667
647,66.46666667,30.31111111,27.47777778,29.07777778,33.9
648,66.6,30.31111111,27.52222222,29.07777778,33.92222222
649,66.86666667,30.33333333,27.52222222,29.07777778,33.88888889
650,66.8,30.33333333,27.55555556,29.07777778,33.95555556
651,67.06666667,30.26666667,27.55555556,29.1,33.95555556
652,67.2,30.35555556,27.55555556,29.1,33.97777778
653,67.26666667,30.37777778,27.55555556,29.1,34.02222222
654,67.26666667,30.37777778,27.6,29.12222222,33.98888889
655,67.26666667,30.37777778,27.6,29.13333333,33.94444444
656,67.13333333,30.42222222,27.71111111,29.13333333,33.95555556
657,67.13333333,30.4,27.73333333,29.13333333,33.95555556
658,67.33333333,30.4,27.77777778,29.12222222,33.92222222
659,67.46666667,30.42222222,27.77777778,29.12222222,33.92222222
660,67.53333333,30.37777778,27.7,29.14444444,33.92222222
661,67.53333333,30.37777778,27.7,29.1,33.95555556
662,67.53333333,30.37777778,27.67777778,29.11111111,33.91111111
663,67.53333333,30.33333333,27.67777778,29.11111111,33.84444444
664,67.53333333,30.33333333,27.67777778,29.17777778,33.85555556
665,67.53333333,30.33333333,27.67777778,29.23333333,34.02222222
666,67.4,30.35555556,27.65555556,29.24444444,34.06666667
667,67.4,30.35555556,27.64444444,29.25555556,34.08888889
668,67.66666667,30.37777778,27.61111111,29.21111111,34.12222222
669,67.53333333,30.37777778,27.66666667,29.21111111,33.97777778
670,67.53333333,30.46666667,27.75555556,29.2,33.96666667
671,67.26666667,30.45555556,27.68888889,29.2,33.96666667
672,67.26666667,30.47777778,27.68888889,29.2,33.96666667
673,67.33333333,30.47777778,27.68888889,29.2,34.01111111
674,67.33333333,30.47777778,27.67777778,29.2,34.03333333
675,67.33333333,30.47777778,27.67777778,29.22222222,34.01111111
676,67.36666667,30.5,27.67777778,29.22222222,34.01111111
677,67.36666667,30.52222222,27.67777778,29.14444444,34.02222222
678,67.36666667,30.51111111,27.67777778,29.14444444,33.96666667
679,67.33333333,30.52222222,27.67777778,29.16666667,33.96666667
680,67.33333333,30.54444444,27.67777778,29.16666667,33.96666667
681,67.33333333,30.53333333,27.82222222,29.16666667,33.97777778
682,67.33333333,30.53333333,27.82222222,29.08888889,33.97777778
683,67.33333333,30.54444444,27.82222222,29.08888889,33.97777778
684,67.23333333,30.65555556,27.75555556,29.3,34
685,67.23333333,30.74444444,27.85555556,29.1,33.91111111
686,67.23333333,30.74444444,27.86666667,29.1,33.91111111
687,67.23333333,30.74444444,27.86666667,29.12222222,33.95555556
688,67.23333333,30.83333333,27.76666667,29.12222222,33.98888889
689,67.3,30.85555556,27.78888889,29.12222222,34.04444444
690,67.3,30.85555556,27.78888889,29.12222222,34.05555556
691,67.3,30.9,27.81111111,29.11111111,34.08888889
692,67.3,30.87777778,27.74444444,29.23333333,34.08888889
693,67.23333333,30.87777778,27.74444444,29.21111111,34.02222222
694,67.23333333,30.9,27.74444444,29.21111111,34.01111111
695,67.13333333,30.94444444,27.74444444,29.21111111,34.01111111
696,67.2,30.94444444,27.74444444,29.21111111,34.01111111
697,67.2,30.97777778,27.74444444,29.15555556,34.01111111
698,67.13333333,31,27.71111111,29.15555556,34.01111111
699,67.13333333,31.01111111,27.71111111,29.15555556,34.06666667
700,67.13333333,31.11111111,27.71111111,29.17777778,34.28888889
701,67.1,31.14444444,27.77777778,29.2,34.23333333
702,67.1,31.12222222,27.77777778,29.2,34.35555556
703,67.1,31.1,27.72222222,29.2,34.37777778
704,67.1,31.1,27.85555556,29.35555556,34.41111111
705,67.23333333,31.06666667,27.83333333,29.35555556,34.37777778
706,67.16666667,31.04444444,27.83333333,29.35555556,34.31111111
707,67.16666667,31.1,27.81111111,29.23333333,34.33333333
708,67.26666667,31.12222222,27.81111111,29.4,34.35555556
709,67.53333333,31.16666667,27.81111111,29.4,34.35555556
710,67.56666667,31.21111111,27.85555556,29.33333333,34.35555556
711,67.56666667,31.21111111,27.9,29.33333333,34.35555556
712,67.56666667,31.21111111,27.9,29.33333333,34.42222222
713,67.56666667,31.21111111,27.9,29.35555556,34.35555556
714,67.56666667,31.21111111,27.85555556,29.45555556,34.35555556
715,67.56666667,31.21111111,27.85555556,29.45555556,34.37777778
716,67.5,31.21111111,27.85555556,29.45555556,34.38888889
717,67.5,31.21111111,27.76666667,29.46666667,34.38888889
718,67.5,31.18888889,27.76666667,29.54444444,34.38888889
719,67.5,31.21111111,27.8,29.58888889,34.4
720,67.5,31.21111111,27.8,29.51111111,34.4
721,67.5,31.21111111,27.81111111,29.57777778,34.57777778
722,67.5,31.22222222,27.81111111,29.57777778,34.57777778
723,67.5,31.24444444,27.81111111,29.57777778,34.57777778
724,67.5,31.24444444,27.98888889,29.57777778,34.57777778
725,67.7,31.24444444,27.98888889,29.64444444,34.57777778
726,67.83333333,31.24444444,27.98888889,29.64444444,34.57777778
727,67.63333333,31.24444444,28.04444444,29.63333333,34.57777778
728,67.63333333,31.28888889,27.96666667,29.58888889,34.57777778
729,67.9,31.28888889,28.02222222,29.61111111,34.58888889
730,68.16666667,31.31111111,28.02222222,29.61111111,34.57777778
731,68.16666667,31.33333333,28.06666667,29.61111111,34.6
732,68.16666667,31.33333333,28.11111111,29.7,34.73333333
733,68.16666667,31.26666667,28.13333333,29.7,34.81111111
734,67.96666667,31.33333333,28.16666667,29.62222222,34.81111111
735,68.03333333,31.33333333,28.18888889,29.6,34.83333333
736,68.36666667,31.4,28.18888889,29.6,34.9
737,68.36666667,31.36666667,28.21111111,29.61111111,34.91111111
738,68.36666667,31.36666667,28.21111111,29.68888889,34.91111111
739,68.36666667,31.34444444,28.21111111,29.68888889,34.91111111
740,68.3,31.34444444,28.21111111,29.68888889,34.91111111
741,68.3,31.37777778,28.21111111,29.68888889,34.91111111
742,68.3,31.41111111,28.25555556,29.63333333,35.14444444
743,68.36666667,31.41111111,28.25555556,29.63333333,35.18888889
744,68.5,31.41111111,28.16666667,29.63333333,35.18888889
745,68.5,31.41111111,28.16666667,29.63333333,35.23333333
746,68.7,31.41111111,28.16666667,29.63333333,35.23333333
747,68.7,31.41111111,28.16666667,29.71111111,35.21111111
748,68.7,31.38888889,28.16666667,29.68888889,35.21111111
749,68.7,31.38888889,28.14444444,29.62222222,35.21111111
750,68.7,31.38888889,28.31111111,29.62222222,35.21111111
751,68.7,31.38888889,28.37777778,29.62222222,35.21111111
752,68.63333333,31.17777778,28.46666667,29.72222222,35.21111111
753,68.63333333,31.17777778,28.43333333,29.72222222,35.23333333
754,68.63333333,31.17777778,28.42222222,29.74444444,35.27777778
755,68.63333333,31.2,28.42222222,29.88888889,35.36666667
756,68.63333333,31.2,28.42222222,29.88888889,35.38888889
757,68.63333333,31.24444444,28.42222222,29.9,35.38888889
758,68.63333333,31.24444444,28.42222222,29.92222222,35.36666667
759,68.63333333,31.24444444,28.42222222,29.92222222,35.36666667
760,68.63333333,31.25555556,28.42222222,29.92222222,35.36666667
761,68.7,31.25555556,28.47777778,29.87777778,35.57777778
762,68.7,31.25555556,28.44444444,29.9,35.57777778
763,68.7,31.32222222,28.44444444,29.96666667,35.57777778
764,68.7,31.32222222,28.5,29.96666667,35.53333333
765,68.7,31.32222222,28.55555556,29.95555556,35.53333333
766,68.63333333,31.33333333,28.55555556,29.95555556,35.53333333
767,68.63333333,31.32222222,28.55555556,29.95555556,35.52222222
768,68.63333333,31.32222222,28.55555556,29.96666667,35.42222222
769,68.63333333,31.4,28.55555556,30.03333333,35.36666667
770,68.63333333,31.38888889,28.57777778,30.03333333,35.43333333
771,68.63333333,31.45555556,28.6,30.05555556,35.43333333
772,68.63333333,31.45555556,28.56666667,30.05555556,35.37777778
773,68.63333333,31.45555556,28.56666667,29.97777778,35.37777778
774,68.56666667,31.41111111,28.56666667,30,35.37777778
775,68.56666667,31.43333333,28.56666667,30.02222222,35.41111111
776,68.56666667,31.5,28.6,30.02222222,35.41111111
777,68.56666667,31.5,28.58888889,30.04444444,35.41111111
778,68.56666667,31.5,28.54444444,30.04444444,35.41111111
779,68.5,31.5,28.54444444,29.98888889,35.41111111
780,68.5,31.5,28.54444444,29.98888889,35.41111111
781,68.43333333,31.5,28.54444444,29.98888889,35.38888889
782,68.56666667,31.47777778,28.54444444,30.05555556,35.54444444
783,68.56666667,31.5,28.54444444,30.12222222,35.52222222
784,68.56666667,31.51111111,28.64444444,30.07777778,35.52222222
785,68.56666667,31.51111111,28.64444444,30.07777778,35.55555556
786,68.56666667,31.5,28.63333333,30.07777778,35.55555556
787,68.5,31.5,28.61111111,30.15555556,35.55555556
788,68.63333333,31.56666667,28.61111111,30.15555556,35.53333333
789,68.86666667,31.56666667,28.63333333,30.13333333,35.53333333
790,68.86666667,31.54444444,28.62222222,30.13333333,35.53333333
791,68.76666667,31.54444444,28.71111111,30.12222222,35.53333333
792,68.76666667,31.54444444,28.71111111,30.18888889,35.55555556
793,68.7,31.54444444,28.78888889,30.18888889,35.6
794,68.63333333,31.56666667,28.78888889,30.18888889,35.62222222
795,68.63333333,31.58888889,28.77777778,30.18888889,35.58888889
796,68.63333333,31.58888889,28.82222222,30.14444444,35.63333333
797,68.63333333,31.58888889,28.82222222,30.14444444,35.8
798,68.63333333,31.58888889,28.84444444,30.14444444,35.8
799,68.5,31.58888889,28.84444444,30.14444444,35.61111111
800,68.46666667,31.58888889,28.85555556,30.12222222,35.62222222
801,68.66666667,31.6,28.85555556,30.12222222,35.62222222
802,68.66666667,31.62222222,28.85555556,30.16666667,35.61111111
803,69.4,31.62222222,28.83333333,30.17777778,35.61111111
804,69.33333333,31.62222222,28.83333333,30.13333333,35.61111111
805,69.33333333,31.62222222,28.83333333,30.13333333,35.63333333
806,69.33333333,31.62222222,28.83333333,30.17777778,35.61111111
807,69.26666667,31.62222222,28.85555556,30.17777778,35.61111111
808,69.13333333,31.62222222,28.85555556,30.17777778,35.61111111
809,69.13333333,31.62222222,28.85555556,30.32222222,35.58888889
810,68.93333333,31.62222222,28.85555556,30.32222222,35.58888889
811,68.93333333,31.61111111,28.85555556,30.28888889,35.56666667
812,68.93333333,31.73333333,28.87777778,30.32222222,35.56666667
813,68.93333333,31.73333333,28.82222222,30.38888889,35.57777778
814,68.93333333,31.67777778,28.84444444,30.38888889,35.57777778
815,68.93333333,31.7,28.84444444,30.38888889,35.6
816,68.93333333,31.7,28.82222222,30.38888889,35.65555556
817,68.93333333,31.7,28.82222222,30.38888889,35.65555556
818,68.93333333,31.71111111,28.82222222,30.36666667,35.65555556
819,68.93333333,31.73333333,28.88888889,30.36666667,35.66666667
820,68.86666667,31.73333333,28.88888889,30.36666667,35.66666667
821,68.4,31.73333333,28.92222222,30.36666667,35.67777778
822,68.33333333,31.72222222,28.92222222,30.36666667,35.67777778
823,68.3,31.71111111,28.92222222,30.36666667,35.67777778
824,68.63333333,31.72222222,28.91111111,30.38888889,35.7
825,68.63333333,31.72222222,28.97777778,30.38888889,35.68888889
826,68.63333333,31.7,28.97777778,30.44444444,35.66666667
827,68.56666667,31.72222222,28.97777778,30.44444444,35.66666667
828,68.56666667,31.72222222,28.98888889,30.44444444,35.66666667
829,68.53333333,31.72222222,28.97777778,30.44444444,35.66666667
830,68.53333333,31.72222222,29.01111111,30.47777778,35.76666667
831,68.53333333,31.7,29.03333333,30.47777778,35.76666667
832,68.5,31.7,29.03333333,30.47777778,35.77777778
833,68.56666667,31.7,29.03333333,30.5,35.77777778
834,68.56666667,31.64444444,29.05555556,30.5,35.77777778
835,68.5,31.64444444,29.05555556,30.5,35.77777778
836,68.76666667,31.67777778,29.05555556,30.5,35.78888889
837,68.76666667,31.67777778,29.03333333,30.5,35.78888889
838,68.76666667,31.66666667,29.03333333,30.5,35.78888889
839,68.76666667,31.68888889,29.03333333,30.52222222,35.76666667
840,68.76666667,31.68888889,29.03333333,30.54444444,35.76666667
841,68.76666667,31.68888889,29.03333333,30.65555556,35.81111111
842,68.76666667,31.65555556,28.94444444,30.65555556,35.81111111
843,68.76666667,31.65555556,28.95555556,30.65555556,35.92222222
844,68.76666667,31.58888889,28.95555556,30.65555556,35.91111111
845,68.83333333,31.6,29.03333333,30.72222222,35.92222222
846,68.83333333,31.58888889,29.03333333,30.72222222,35.98888889
847,68.83333333,31.58888889,29.03333333,30.72222222,35.97777778
848,68.83333333,31.65555556,29.03333333,30.72222222,35.97777778
849,68.83333333,31.65555556,29.04444444,30.72222222,35.97777778
850,68.83333333,31.64444444,29.03333333,30.72222222,35.97777778
851,68.83333333,31.81111111,29.03333333,30.74444444,35.92222222
852,68.76666667,31.83333333,29.03333333,30.74444444,35.92222222
853,68.76666667,31.83333333,29.03333333,30.74444444,35.92222222
854,68.76666667,31.85555556,29.03333333,30.74444444,35.87777778
855,68.56666667,32,29.05555556,30.72222222,35.87777778
856,68.56666667,31.97777778,29.04444444,30.72222222,35.95555556
857,68.56666667,31.97777778,29.04444444,30.72222222,35.95555556
858,68.56666667,31.95555556,29.04444444,30.72222222,35.93333333
859,68.56666667,31.94444444,29,30.72222222,35.93333333
860,68.63333333,31.74444444,29.02222222,30.72222222,35.91111111
861,68.76666667,31.82222222,29.02222222,30.76666667,35.91111111
862,68.7,31.82222222,29.04444444,30.8,35.96666667
863,68.63333333,32.07777778,29.03333333,30.8,35.94444444
864,68.63333333,32.07777778,29.05555556,30.78888889,35.9
865,68.63333333,32.07777778,29.18888889,30.78888889,35.9
866,68.56666667,31.75555556,29.23333333,30.82222222,35.87777778
867,68.56666667,31.77777778,29.25555556,30.82222222,35.88888889
868,68.56666667,31.82222222,29.25555556,30.82222222,35.92222222
869,68.56666667,31.86666667,29.25555556,30.82222222,35.92222222
870,68.56666667,31.87777778,29.25555556,30.82222222,35.92222222
871,68.56666667,31.9,29.25555556,30.82222222,35.95555556
872,68.56666667,31.9,29.18888889,30.82222222,36.01111111
873,68.56666667,31.71111111,29.05555556,30.82222222,36.13333333
874,68.56666667,31.85555556,29.05555556,30.82222222,36.2
875,68.56666667,31.78888889,29.07777778,30.82222222,36.26666667
876,68.56666667,31.82222222,29.11111111,30.82222222,36.26666667
877,68.56666667,31.8,29.11111111,30.82222222,36.28888889
878,68.56666667,31.8,29.07777778,30.82222222,36.27777778
879,68.56666667,31.76666667,29.07777778,30.82222222,36.21111111
880,68.56666667,31.74444444,29.07777778,30.82222222,36.23333333
881,68.56666667,31.76666667,29.06666667,30.82222222,36.27777778
882,68.76666667,31.78888889,29.06666667,30.84444444,36.27777778
883,68.76666667,31.78888889,29.06666667,30.84444444,36.25555556
884,68.76666667,31.78888889,29.06666667,30.84444444,36.22222222
885,68.76666667,31.83333333,29.01111111,30.84444444,36.28888889
886,68.76666667,31.83333333,29.01111111,30.86666667,36.28888889
887,68.76666667,31.83333333,29.01111111,30.86666667,36.28888889
888,68.76666667,31.84444444,29.01111111,30.88888889,36.28888889
889,68.86666667,31.84444444,29.01111111,30.88888889,36.28888889
890,68.73333333,31.83333333,29.01111111,30.95555556,36.28888889
891,68.73333333,31.86666667,29.01111111,30.95555556,36.28888889
892,68.73333333,31.86666667,29.01111111,30.95555556,36.36666667
893,68.73333333,31.86666667,29.01111111,30.95555556,36.37777778
894,68.73333333,31.86666667,29.01111111,30.97777778,36.32222222
895,68.73333333,31.86666667,29.01111111,30.97777778,36.25555556
896,68.73333333,31.86666667,29.01111111,30.97777778,36.25555556
897,68.73333333,31.86666667,29.01111111,30.97777778,36.23333333
898,68.73333333,31.95555556,29.02222222,30.97777778,36.23333333
899,68.73333333,31.95555556,29.02222222,30.97777778,36.23333333
900,68.73333333,31.95555556,29.03333333,31.01111111,36.08888889
901,68.73333333,31.95555556,29.03333333,31.01111111,36.08888889
902,68.73333333,31.95555556,29.05555556,31.01111111,36.08888889
903,68.73333333,31.94444444,29.05555556,31.01111111,36.08888889
904,68.73333333,31.96666667,29.12222222,31.01111111,36.08888889
905,68.8,31.98888889,29.15555556,31.01111111,36.05555556
906,68.8,31.98888889,29.16666667,31.05555556,36.05555556
907,68.8,31.97777778,29.18888889,31.05555556,36.13333333
908,68.8,31.97777778,29.16666667,31.05555556,36.2
909,68.8,32,29.16666667,31.05555556,36.24444444
910,68.86666667,32,29.16666667,31.07777778,36.24444444
911,68.86666667,32,29.3,31.07777778,36.24444444
912,68.86666667,32,29.3,31.07777778,36.24444444
913,68.86666667,32.02222222,29.26666667,31.07777778,36.24444444
914,68.86666667,32.01111111,29.26666667,31.07777778,36.2
915,69,32.06666667,29.28888889,31.07777778,36.22222222
916,69,32.06666667,29.35555556,31.07777778,36.22222222
917,69.26666667,32.12222222,29.35555556,31.07777778,36.34444444
918,69.26666667,32.12222222,29.33333333,31.07777778,36.34444444
919,69.26666667,32.12222222,29.32222222,31.07777778,36.34444444
920,69.26666667,32.12222222,29.32222222,31.14444444,36.34444444
921,69.13333333,32.11111111,29.32222222,31.14444444,36.38888889
922,69.13333333,32.07777778,29.41111111,31.14444444,36.38888889
923,69.33333333,32.15555556,29.43333333,31.14444444,36.38888889
924,69.33333333,32.14444444,29.4,31.16666667,36.34444444
925,69.26666667,32.21111111,29.4,31.16666667,36.34444444
926,69.26666667,32.21111111,29.4,31.16666667,36.34444444
927,68.93333333,32.2,29.4,31.16666667,36.4
928,68.93333333,32.21111111,29.4,31.16666667,36.35555556
929,68.93333333,32.21111111,29.4,31.27777778,36.35555556
930,68.93333333,32.21111111,29.4,31.32222222,36.35555556
931,68.93333333,32.22222222,29.4,31.32222222,36.33333333
932,68.93333333,32.21111111,29.4,31.34444444,36.21111111
933,68.93333333,32.27777778,29.4,31.34444444,36.21111111
934,68.93333333,32.23333333,29.4,31.34444444,36.36666667
935,68.93333333,32.23333333,29.44444444,31.34444444,36.35555556
936,68.93333333,32.31111111,29.42222222,31.34444444,36.35555556
937,68.93333333,32.31111111,29.42222222,31.34444444,36.33333333
938,68.93333333,32.31111111,29.42222222,31.34444444,36.33333333
939,68.93333333,32.31111111,29.43333333,31.38888889,36.33333333
940,68.93333333,32.31111111,29.44444444,31.38888889,36.37777778
941,68.93333333,32.34444444,29.44444444,31.38888889,36.35555556
942,68.93333333,32.34444444,29.48888889,31.38888889,36.35555556
943,68.93333333,32.34444444,29.47777778,31.38888889,36.35555556
944,68.93333333,32.33333333,29.47777778,31.38888889,36.35555556
945,69.2,32.33333333,29.47777778,31.38888889,36.35555556
946,69.2,32.3,29.47777778,31.38888889,36.35555556
947,69.2,32.31111111,29.5,31.38888889,36.35555556
948,69.2,32.31111111,29.52222222,31.38888889,36.43333333
949,69.2,32.33333333,29.51111111,31.38888889,36.43333333
950,69.26666667,32.33333333,29.48888889,31.41111111,36.5
951,69.26666667,32.33333333,29.48888889,31.4,36.5
952,69.26666667,32.34444444,29.48888889,31.4,36.54444444
953,69.26666667,32.34444444,29.51111111,31.4,36.54444444
954,69.26666667,32.36666667,29.51111111,31.42222222,36.6
955,69.26666667,32.38888889,29.51111111,31.42222222,36.6
956,69.26666667,32.38888889,29.53333333,31.42222222,36.6
957,69.26666667,32.38888889,29.53333333,31.42222222,36.6
958,69.26666667,32.38888889,29.53333333,31.44444444,36.58888889
959,69.26666667,32.43333333,29.53333333,31.44444444,36.58888889
960,69.2,32.47777778,29.55555556,31.44444444,36.62222222
961,69.2,32.48888889,29.55555556,31.44444444,36.62222222
962,69.2,32.53333333,29.55555556,31.42222222,36.6
963,69.2,32.53333333,29.55555556,31.42222222,36.6
964,69.2,32.53333333,29.57777778,31.46666667,36.6
965,69.2,32.53333333,29.57777778,31.46666667,36.6
966,69.2,32.55555556,29.55555556,31.46666667,36.6
967,69.2,32.55555556,29.57777778,31.44444444,36.6
968,69.2,32.54444444,29.57777778,31.44444444,36.57777778
969,69.2,32.53333333,29.64444444,31.44444444,36.57777778
970,69.4,32.68888889,29.64444444,31.44444444,36.62222222
971,69.4,32.66666667,29.64444444,31.43333333,36.63333333
972,69.6,32.7,29.64444444,31.43333333,36.63333333
973,69.6,32.7,29.66666667,31.4,36.63333333
974,69.6,32.72222222,29.65555556,31.45555556,36.63333333
975,69.6,32.74444444,29.65555556,31.44444444,36.63333333
976,69.53333333,32.74444444,29.7,31.44444444,36.63333333
977,69.46666667,32.72222222,29.73333333,31.37777778,36.65555556
978,69.46666667,32.74444444,29.73333333,31.37777778,36.67777778
979,69.46666667,32.74444444,29.76666667,31.41111111,36.67777778
980,69.46666667,32.74444444,29.78888889,31.37777778,36.67777778
981,69.46666667,32.75555556,29.78888889,31.4,36.67777778
982,69.66666667,32.75555556,29.76666667,31.4,36.66666667
983,69.66666667,32.71111111,29.76666667,31.4,36.68888889
984,69.66666667,32.71111111,29.76666667,31.4,36.68888889
985,69.66666667,32.71111111,29.76666667,31.4,36.74444444
986,69.66666667,32.71111111,29.84444444,31.4,36.71111111
987,69.66666667,32.71111111,29.84444444,31.4,36.7
988,69.66666667,32.71111111,29.86666667,31.42222222,36.72222222
989,69.66666667,32.71111111,29.84444444,31.42222222,36.72222222
990,69.66666667,32.71111111,29.8,31.42222222,36.72222222
991,69.66666667,32.71111111,29.8,31.44444444,36.72222222
992,69.66666667,32.71111111,29.82222222,31.44444444,36.72222222
993,69.66666667,32.71111111,29.82222222,31.44444444,36.74444444
994,69.66666667,32.71111111,29.82222222,31.44444444,36.78888889
995,69.66666667,32.71111111,29.82222222,31.46666667,36.81111111
996,69.66666667,32.73333333,29.78888889,31.46666667,36.81111111
997,69.66666667,32.75555556,29.83333333,31.46666667,36.81111111
998,69.66666667,32.75555556,29.88888889,31.46666667,36.81111111
999,69.8,32.78888889,29.9,31.47777778,36.8
1000,69.8,32.78888889,29.92222222,31.47777778,36.8
