Ablation study,Column_2,Column_3,Column_4,Column_5,Column_6,Column_7,Column_8,Column_9,Column_10,Column_11,Column_12,Column_13,Column_14,Column_15,Column_16,Column_17,Column_18,Column_19,Column_20,Column_21,Column_22,Column_23,Column_24
Energy Consumption,,,,,,,,,,,,,,,,,,,,,,,
,,,,,,,,,,,,,,,,,,,,,,,
Training,,,,,,,,,,,,,,,,,,,,,,,
,,,,,,,,,,,,,,,,,,,,,,,
A Shapiro test is performed to check whether the samples follow a normal distribution.,,,,,,,,,,,,,,,,,,,,,,,
,Method,Shapiro p-value,,,,,,,,,,,,,,,,,,,,,
1,3 5 5 V,0.57746424118147,,,,,,,,,,,,,,,,,,,,,
2,3 20 5 V,0.113418636608164,,,,,,,,,,,,,,,,,,,,,
3,3 5 20 V,0.749559589915017,,,,,,,,,,,,,,,,,,,,,
4,3 20 20 V,0.112481237499809,,,,,,,,,,,,,,,,,,,,,
5,5 5 5 V,0.283811993973618,,,,,,,,,,,,,,,,,,,,,
6,5 20 5 V,0.725036007776447,,,,,,,,,,,,,,,,,,,,,
7,5 5 20 V,0.0171126395498999,,,,,,,,,,,,,,,,,,,,,
8,5 20 20 V,0.52846204429032,,,,,,,,,,,,,,,,,,,,,
9,7 5 5 V,0.186563221774874,,,,,,,,,,,,,,,,,,,,,
10,7 20 5 V,0.48543226580856,,,,,,,,,,,,,,,,,,,,,
11,7 5 20 V,0.373305234349493,,,,,,,,,,,,,,,,,,,,,
12,7 20 20 V,0.902491744296043,,,,,,,,,,,,,,,,,,,,,
13,3 5 5 S,0.624036120746463,,,,,,,,,,,,,,,,,,,,,
14,3 20 5 S,0.110146444917068,,,,,,,,,,,,,,,,,,,,,
15,3 5 20 S,0.0966021445323812,,,,,,,,,,,,,,,,,,,,,
16,3 20 20 S,0.885460773902961,,,,,,,,,,,,,,,,,,,,,
17,5 5 5 S,0.989289417529774,,,,,,,,,,,,,,,,,,,,,
18,5 20 5 S,0.247943093669375,,,,,,,,,,,,,,,,,,,,,
19,5 5 20 S,0.0882196389898131,,,,,,,,,,,,,,,,,,,,,
20,5 20 20 S,0.810804192067002,,,,,,,,,,,,,,,,,,,,,
21,7 5 5 S,0.0430267613034308,,,,,,,,,,,,,,,,,,,,,
22,7 20 5 S,0.0989025863615927,,,,,,,,,,,,,,,,,,,,,
23,7 5 20 S,0.126832046992667,,,,,,,,,,,,,,,,,,,,,
24,7 20 20 S,0.523980806208418,,,,,,,,,,,,,,,,,,,,,
,,,,,,,,,,,,,,,,,,,,,,,
"The Shapiro–Wilk test was applied to each method. Samples with constant values were excluded, as the test is not defined for distributions with zero variance.",,,,,,,,,,,,,,,,,,,,,,,
"Shapiro–Wilk tests revealed that several methods significantly deviated from normality (p ≤ 0.05), indicating that the normality assumption was not met for all samples.",,,,,,,,,,,,,,,,,,,,,,,
,,,,,,,,,,,,,,,,,,,,,,,
Homogeneity_of_Variance among the groups.,,,,,,,,,,,,,,,,,,,,,,,
,,,,,,,,,,,,,,,,,,,,,,,
Method,Statistic,Df,p.value,,,,,,,,,,,,,,,,,,,,
Levene,3.9275994677102832,23,3.0603496957073e-9,,,,,,,,,,,,,,,,,,,,
Fligner-Killeen,78.4215177602212,23,5.708542359962328e-8,,,,,,,,,,,,,,,,,,,,
,,,,,,,,,,,,,,,,,,,,,,,
The homoscedasticity assumption was strongly rejected,,,,,,,,,,,,,,,,,,,,,,,
,,,,,,,,,,,,,,,,,,,,,,,
"Due to violations of normality and homoscedasticity, a Kruskal–Wallis test was applied to independent samples.",,,,,,,,,,,,,,,,,,,,,,,
 Kruskal-Wallis test,,,χ²,df,p-value,ε²,,,,,,,,,,,,,,,,,
,,,159.2855966428306,23,2.283292169286346e-22,0.19581263885464167,,"The magnitude of ε² was interpreted according to commonly used thresholds: small (0.01 ≤ ε² < 0.08), medium (0.08 ≤ ε² < 0.26), and large (ε² ≥ 0.26).",,,,,,,,,,,,,,,
The Kruskal–Wallis test revealed statistically significant differences among the groups.,,,,,,,,,,,,,,,,,,,,,,,
"The effect size (ε²) was moderate, indicating that the observed differences among groups are meaningful and may have practical relevance.",,,,,,,,,,,,,,,,,,,,,,,
,,,,,,,,,,,,,,,,,,,,,,,
Kruskal post-hoc,,,,,,,,,,,,,,,,,,,,,,,
 Post-hoc pairwise comparisons were performed using Dunn's test with a Bonferroni correction to identify which specific groups showed differences.,,,,,,,,,,,,,,,,,,,,,,,
,,,,,,,,,,,,,,,,,,,,,,,
,3 5 5 V,3 20 5 V,3 5 20 V,3 20 20 V,5 5 5 V,5 20 5 V,5 5 20 V,5 20 20 V,7 5 5 V,7 20 5 V,7 5 20 V,7 20 20 V,3 5 5 S,3 20 5 S,3 5 20 S,3 20 20 S,5 5 5 S,5 20 5 S,5 5 20 S,5 20 20 S,7 5 5 S,7 20 5 S,7 5 20 S
3 20 5 V,0.07998138681781493,,,,,,,,,,,,,,,,,,,,,,
3 5 20 V,1,1,,,,,,,,,,,,,,,,,,,,,
3 20 20 V,1,1,1,,,,,,,,,,,,,,,,,,,,
5 5 5 V,2.0164560878645118e-8,1,0.0043051223233708845,0.026633548244318284,,,,,,,,,,,,,,,,,,,
5 20 5 V,0.002406835541957082,1,1,1,1,,,,,,,,,,,,,,,,,,
5 5 20 V,1.2877149751921871e-7,1,0.015019891398064299,0.08291143165773462,1,1,,,,,,,,,,,,,,,,,
5 20 20 V,1,1,1,1,0.00005872986593016036,0.498717930507472,0.00025980691508903326,,,,,,,,,,,,,,,,
7 5 5 V,5.604712401387528e-7,1,0.03974937839268471,0.19982275234130226,1,1,1,0.0008357795000649303,,,,,,,,,,,,,,,
7 20 5 V,0.0002614546134481373,1,1,1,1,1,1,0.09635023184846128,1,,,,,,,,,,,,,,
7 5 20 V,5.17226320319981e-7,1,0.037709051119069234,0.1905513115617578,1,1,1,0.0007843419451832299,1,1,,,,,,,,,,,,,
7 20 20 V,1,1,1,1,0.048996923037472453,1,0.14648411864482552,1,0.3415198327126944,1,0.3262727906012896,,,,,,,,,,,,
3 5 5 S,1,1,1,1,0.010307937358881018,1,0.03409272557238529,1,0.08635356226625292,1,0.08212040829059489,1,,,,,,,,,,,
3 20 5 S,0.00014760553575075074,1,1,1,1,1,1,0.06263972461828506,1,1,1,1,1,,,,,,,,,,
3 5 20 S,0.00005138592857455841,1,0.7012142694222908,1,1,1,1,0.02810420695016265,1,1,1,1,1,1,,,,,,,,,
3 20 20 S,0.11339251594286026,1,1,1,0.7924084467990212,1,1,1,1,1,1,1,1,1,1,,,,,,,,
5 5 5 S,1,1,1,1,0.001633805189453599,1,0.006034222609733263,1,0.0167344771154628,0.9745341146652716,0.01583435863033065,1,1,0.6785730430748729,0.3444976033095802,1,,,,,,,
5 20 5 S,0.2861069062244963,1,1,1,0.33709772065046817,1,0.8782997678509151,1,1,1,1,1,1,1,1,1,1,,,,,,
5 5 20 S,0.008389360340746693,1,1,1,1,1,1,1,1,1,1,1,1,1,1,1,1,1,,,,,
5 20 20 S,1,1,1,1,0.001891404300019877,1,0.006926752058098739,1,0.019076541262252153,1,0.01805740988199473,1,1,0.7516376836543395,0.38379848400487415,1,1,1,1,,,,
7 5 5 S,1,1,1,1,0.0000033331967312616157,0.07789464642838713,0.000016976452528128567,1,0.00006132787932037478,0.012077332285536398,0.00005718430006975413,1,1,0.007439157606059442,0.0030288496796682775,1,1,1,0.21914344633577867,1,,,
7 20 5 S,1,1,1,1,0.00003248269893033366,0.34226203874204897,0.00014808264448549767,1,0.0004883065480982951,0.06309947893785112,0.00045762528436556075,1,1,0.040553645933438104,0.017822470492834547,1,1,1,0.8677720452236537,1,1,,
7 5 20 S,1,1,1,1,0.00441543092800681,1,0.015381364027799896,1,0.04065524996496861,1,0.038571091575236346,1,1,1,0.7142515528938398,1,1,1,1,1,1,1,
7 20 20 S,1,1,1,1,0.0008639991110971171,1,0.003308918178570434,1,0.009454186886013096,0.6313595010597174,0.00893088681506733,1,1,0.4336221877045067,0.21475945936482196,1,1,1,1,1,1,1,1
,,,,,,,,,,,,,,,,,,,,,,,
Cliff's Delta: Pairwise effect sizes quantifying the magnitude of significant differences.,,,,,,,,,,,,,,,,,,,,,,,
,,,,,,,,,,,,,,,,,,,,,,,
,3 5 5 V,3 20 5 V,3 5 20 V,3 20 20 V,5 5 5 V,5 20 5 V,5 5 20 V,5 20 20 V,7 5 5 V,7 20 5 V,7 5 20 V,7 20 20 V,3 5 5 S,3 20 5 S,3 5 20 S,3 20 20 S,5 5 5 S,5 20 5 S,5 5 20 S,5 20 20 S,7 5 5 S,7 20 5 S,7 5 20 S
3 20 5 V,0.54,0,0,0,0,0,0,0,0,0,0,0,0,0,0,0,0,0,0,0,0,0,0
3 5 20 V,0.373,-0.207,0,0,0,0,0,0,0,0,0,0,0,0,0,0,0,0,0,0,0,0,0
3 20 20 V,0.42,-0.147,0.073,0,0,0,0,0,0,0,0,0,0,0,0,0,0,0,0,0,0,0,0
5 5 5 V,0.82,0.478,0.602,0.602,0,0,0,0,0,0,0,0,0,0,0,0,0,0,0,0,0,0,0
5 20 5 V,0.596,0.122,0.327,0.271,-0.344,0,0,0,0,0,0,0,0,0,0,0,0,0,0,0,0,0,0
5 5 20 V,0.807,0.404,0.576,0.553,-0.053,0.247,0,0,0,0,0,0,0,0,0,0,0,0,0,0,0,0,0
5 20 20 V,0.138,-0.331,-0.169,-0.213,-0.627,-0.402,-0.627,0,0,0,0,0,0,0,0,0,0,0,0,0,0,0,0
7 5 5 V,0.798,0.384,0.569,0.527,-0.149,0.191,-0.071,0.602,0,0,0,0,0,0,0,0,0,0,0,0,0,0,0
7 20 5 V,0.636,0.209,0.364,0.351,-0.236,0.109,-0.162,0.444,-0.093,0,0,0,0,0,0,0,0,0,0,0,0,0,0
7 5 20 V,0.784,0.378,0.551,0.513,-0.118,0.22,-0.064,0.598,0.013,0.147,0,0,0,0,0,0,0,0,0,0,0,0,0
7 20 20 V,0.287,-0.098,0.038,-0.007,-0.418,-0.191,-0.398,0.156,-0.342,-0.244,-0.367,0,0,0,0,0,0,0,0,0,0,0,0
3 5 5 S,0.453,-0.211,0.076,-0.044,-0.656,-0.344,-0.622,0.24,-0.609,-0.384,-0.589,0.007,0,0,0,0,0,0,0,0,0,0,0
3 20 5 S,0.711,0.2,0.422,0.389,-0.296,0.067,-0.236,0.511,-0.187,-0.031,-0.207,0.258,0.464,0,0,0,0,0,0,0,0,0,0
3 5 20 S,0.749,0.218,0.427,0.433,-0.331,0.096,-0.204,0.531,-0.196,-0.031,-0.178,0.269,0.52,0.016,0,0,0,0,0,0,0,0,0
3 20 20 S,0.562,-0.033,0.216,0.158,-0.482,-0.18,-0.458,0.349,-0.416,-0.233,-0.427,0.107,0.198,-0.26,-0.287,0,0,0,0,0,0,0,0
5 5 5 S,0.442,-0.298,0.027,-0.093,-0.729,-0.411,-0.676,0.222,-0.678,-0.453,-0.671,-0.022,-0.078,-0.544,-0.649,-0.273,0,0,0,0,0,0,0
5 20 5 S,0.56,-0.082,0.202,0.107,-0.587,-0.216,-0.513,0.336,-0.484,-0.3,-0.482,0.076,0.191,-0.302,-0.384,-0.053,0.26,0,0,0,0,0,0
5 5 20 S,0.669,0.036,0.333,0.249,-0.484,-0.111,-0.38,0.436,-0.38,-0.2,-0.362,0.162,0.353,-0.18,-0.269,0.127,0.451,0.173,0,0,0,0,0
5 20 20 S,0.373,-0.262,0.011,-0.096,-0.651,-0.376,-0.649,0.167,-0.622,-0.416,-0.609,-0.044,-0.082,-0.487,-0.536,-0.267,-0.042,-0.238,-0.402,0,0,0,0
7 5 5 S,0.229,-0.398,-0.178,-0.309,-0.729,-0.516,-0.771,0.018,-0.751,-0.516,-0.751,-0.151,-0.362,-0.638,-0.662,-0.462,-0.342,-0.487,-0.633,-0.24,0,0,0
7 20 5 S,0.284,-0.36,-0.127,-0.231,-0.709,-0.467,-0.724,0.08,-0.7,-0.484,-0.693,-0.096,-0.264,-0.593,-0.633,-0.398,-0.218,-0.42,-0.556,-0.171,0.076,0,0
7 5 20 S,0.447,-0.222,0.016,-0.067,-0.636,-0.336,-0.631,0.204,-0.611,-0.4,-0.598,0.002,-0.058,-0.46,-0.502,-0.242,-0.009,-0.211,-0.38,0.022,0.251,0.198,0
7 20 20 S,0.302,-0.236,-0.064,-0.129,-0.607,-0.349,-0.604,0.107,-0.578,-0.402,-0.576,-0.071,-0.147,-0.453,-0.442,-0.287,-0.111,-0.256,-0.358,-0.076,0.084,0.02,-0.118
,,,,,,,,,,,,,,,,,,,,,,,
,,,,,,,,,,,,,,,,,,,,,,,
"This measure quantifies the magnitude of the differences between pairs of groups, independently of statistical significance. Effect sizes were interpreted according to the categories presented in",,,,,,,,,,,,,,,,,,,,,,,
Effect Size Magnitude,Negligible,Small,Medium,Large,,,,,,,,,,,,,,,,,,,
Absolute Cliff's Delta (|δ|),< 0.147,0.147-0.330,0.330-0.474,≥ 0.474,,,,,,,,,,,,,,,,,,,
,,,,,,,,,,,,,,,,,,,,,,,
Cliff's Delta Magnitude,,,,,,,,,,,,,,,,,,,,,,,
,,,,,,,,,,,,,,,,,,,,,,,
,3 5 5 V,3 20 5 V,3 5 20 V,3 20 20 V,5 5 5 V,5 20 5 V,5 5 20 V,5 20 20 V,7 5 5 V,7 20 5 V,7 5 20 V,7 20 20 V,3 5 5 S,3 20 5 S,3 5 20 S,3 20 20 S,5 5 5 S,5 20 5 S,5 5 20 S,5 20 20 S,7 5 5 S,7 20 5 S,7 5 20 S
3 20 5 V,large,84,84,84,84,84,84,84,84,84,84,84,84,84,84,84,84,84,84,84,84,84,84
3 5 20 V,medium,small,84,84,84,84,84,84,84,84,84,84,84,84,84,84,84,84,84,84,84,84,84
3 20 20 V,medium,negligible,negligible,84,84,84,84,84,84,84,84,84,84,84,84,84,84,84,84,84,84,84,84
5 5 5 V,large,large,large,large,84,84,84,84,84,84,84,84,84,84,84,84,84,84,84,84,84,84,84
5 20 5 V,large,negligible,small,small,medium,84,84,84,84,84,84,84,84,84,84,84,84,84,84,84,84,84,84
5 5 20 V,large,medium,large,large,negligible,small,84,84,84,84,84,84,84,84,84,84,84,84,84,84,84,84,84
5 20 20 V,negligible,medium,small,small,large,medium,large,84,84,84,84,84,84,84,84,84,84,84,84,84,84,84,84
7 5 5 V,large,medium,large,large,small,small,negligible,large,84,84,84,84,84,84,84,84,84,84,84,84,84,84,84
7 20 5 V,large,small,medium,medium,small,negligible,small,medium,negligible,84,84,84,84,84,84,84,84,84,84,84,84,84,84
7 5 20 V,large,medium,large,large,negligible,small,negligible,large,negligible,negligible,84,84,84,84,84,84,84,84,84,84,84,84,84
7 20 20 V,small,negligible,negligible,negligible,medium,small,medium,small,medium,small,medium,84,84,84,84,84,84,84,84,84,84,84,84
3 5 5 S,medium,small,negligible,negligible,large,medium,large,small,large,medium,large,negligible,84,84,84,84,84,84,84,84,84,84,84
3 20 5 S,large,small,medium,medium,small,negligible,small,large,small,negligible,small,small,medium,84,84,84,84,84,84,84,84,84,84
3 5 20 S,large,small,medium,medium,medium,negligible,small,large,small,negligible,small,small,large,negligible,84,84,84,84,84,84,84,84,84
3 20 20 S,large,negligible,small,small,large,small,medium,medium,medium,small,medium,negligible,small,small,small,84,84,84,84,84,84,84,84
5 5 5 S,medium,small,negligible,negligible,large,medium,large,small,large,medium,large,negligible,negligible,large,large,small,84,84,84,84,84,84,84
5 20 5 S,large,negligible,small,negligible,large,small,large,medium,large,small,large,negligible,small,small,medium,negligible,small,84,84,84,84,84,84
5 5 20 S,large,negligible,medium,small,large,negligible,medium,medium,medium,small,medium,small,medium,small,small,negligible,medium,small,84,84,84,84,84
5 20 20 S,medium,small,negligible,negligible,large,medium,large,small,large,medium,large,negligible,negligible,large,large,small,negligible,small,medium,84,84,84,84
7 5 5 S,small,medium,small,small,large,large,large,negligible,large,large,large,small,medium,large,large,medium,medium,large,large,small,84,84,84
7 20 5 S,small,medium,negligible,small,large,medium,large,negligible,large,large,large,negligible,small,large,large,medium,small,medium,large,small,negligible,84,84
7 5 20 S,medium,small,negligible,negligible,large,medium,large,small,large,medium,large,negligible,negligible,medium,large,small,negligible,small,medium,negligible,small,small,84
7 20 20 S,small,small,negligible,negligible,large,medium,large,negligible,large,medium,large,negligible,negligible,medium,medium,small,negligible,small,medium,negligible,negligible,negligible,negligible
,,,,,,,,,,,,,,,,,,,,,,,
Confidence Intervals for the median ,,,,,,,,,,,,,,,,,,,,,,,
Confidence intervals for the median were computed to provide an estimate of the uncertainty associated with the central tendency of each group.,,,,,,,,,,,,,,,,,,,,,,,
,,,,,,,,,,,,,,,,,,,,,,,
Method,Median,CI95_Lower,CI95_Upper,,,,,,,,,,,,,,,,,,,,
3 5 5 V,53204.90962708385,52991.8506524602,53266.6229198518,,,,,,,,,,,,,,,,,,,,
3 20 5 V,52767.66510804615,52664.2533978279,52901.0668764407,,,,,,,,,,,,,,,,,,,,
3 5 20 V,52961.5835334563,52738.129145856146,53118.927560663156,,,,,,,,,,,,,,,,,,,,
3 20 20 V,52873.1139645565,52783.64058973965,53000.43906745765,,,,,,,,,,,,,,,,,,,,
5 5 5 V,52582.9206620003,52417.8748602422,52649.1001236966,,,,,,,,,,,,,,,,,,,,
5 20 5 V,52757.66353016215,52599.7864308527,52843.2236054023,,,,,,,,,,,,,,,,,,,,
5 5 20 V,52593.5885333902,52360.24717070155,52788.7112579281,,,,,,,,,,,,,,,,,,,,
5 20 20 V,53049.53065939655,52876.5506713035,53220.1364990134,,,,,,,,,,,,,,,,,,,,
7 5 5 V,52627.974524084304,52448.7043931398,52740.5485544005,,,,,,,,,,,,,,,,,,,,
7 20 5 V,52678.4543099943,52568.31567328275,52789.449245833704,,,,,,,,,,,,,,,,,,,,
7 5 20 V,52653.540323429654,52439.3473456573,52769.55855556225,,,,,,,,,,,,,,,,,,,,
7 20 20 V,52853.8011357188,52665.359884041,53208.97726478035,,,,,,,,,,,,,,,,,,,,
3 5 5 S,52930.42092497015,52835.56830673555,52989.66659310895,,,,,,,,,,,,,,,,,,,,
3 20 5 S,52704.263380812845,52594.095892485246,52807.5723005505,,,,,,,,,,,,,,,,,,,,
3 5 20 S,52673.924157826244,52628.40740845765,52760.4532630482,,,,,,,,,,,,,,,,,,,,
3 20 20 S,52827.459577983755,52746.0477731266,52935.6724046576,,,,,,,,,,,,,,,,,,,,
5 5 5 S,52929.63978713675,52851.5778378809,53003.7823950647,,,,,,,,,,,,,,,,,,,,
5 20 5 S,52859.2663028686,52793.28225640655,52906.95495767355,,,,,,,,,,,,,,,,,,,,
5 5 20 S,52797.992743793046,52711.256622524845,52865.95516593005,,,,,,,,,,,,,,,,,,,,
5 20 20 S,52952.336331217346,52849.974884858704,53039.30489345595,,,,,,,,,,,,,,,,,,,,
7 5 5 S,53102.4362839727,52950.99347871865,53125.7061445234,,,,,,,,,,,,,,,,,,,,
7 20 5 S,52997.812888858796,52927.8860531483,53103.2005128225,,,,,,,,,,,,,,,,,,,,
7 5 20 S,52950.7541256813,52813.71500227845,53061.853886667246,,,,,,,,,,,,,,,,,,,,
7 20 20 S,53036.683175123646,52766.78619643285,53164.4547684684,,,,,,,,,,,,,,,,,,,,
